"trackedTime_EST","river","shift","tagID","power","habitat","habitatExtra","position","substrate","substrateExtra","shade","lon","lat","fishNotes","source","totalDischarge","flowTime_EST"
"2024-08-27 09:41:00","UNDERHILL","day",45,NA,"Pool",NA,"Right",NA,"Sand,Rock","Fully shaded",-72.3273013333333,42.445348,"Unsuccessful at finding shed tag","iPad",0.03,"2024-08-27 10:16:23"
"2024-08-27 10:32:00","UNDERHILL","day",44,NA,"Pool",NA,"Center",NA,"Sand,Rock","Mostly shaded",-72.3280481666667,42.4449221666667,"Unsuccessful at finding shed tag","iPad",0.03,"2024-08-27 10:16:23"
"2024-08-27 12:19:00","UNDERHILL","day",35,NA,"Pool",NA,"Center",NA,"Boulder,Rock,Granule,Pebble","Mostly shaded",-72.329287,42.4435883333333,"Unsuccessful at finding shed tag. It is most likely located in a hole under this rock","iPad",0.03,"2024-08-27 10:16:23"
"2024-08-27 09:16:33","DRY UPPER","day",16,39,NA,NA,NA,NA,NA,NA,NA,NA,NA,"receiver",NA,NA
"2024-08-27 09:21:27","UNDERHILL","day",45,120,NA,NA,NA,NA,NA,NA,NA,NA,NA,"receiver",NA,NA
"2024-08-27 09:22:07","UNDERHILL","day",45,139,NA,NA,NA,NA,NA,NA,NA,NA,NA,"receiver",NA,NA
"2024-08-27 09:22:28","UNDERHILL","day",45,171,NA,NA,NA,NA,NA,NA,NA,NA,NA,"receiver",NA,NA
"2024-08-27 09:22:47","UNDERHILL","day",45,205,NA,NA,NA,NA,NA,NA,NA,NA,NA,"receiver",NA,NA
"2024-08-27 09:23:07","UNDERHILL","day",45,168,NA,NA,NA,NA,NA,NA,NA,NA,NA,"receiver",NA,NA
"2024-08-27 09:23:27","UNDERHILL","day",45,170,NA,NA,NA,NA,NA,NA,NA,NA,NA,"receiver",NA,NA
"2024-08-27 09:23:47","UNDERHILL","day",45,170,NA,NA,NA,NA,NA,NA,NA,NA,NA,"receiver",NA,NA
"2024-08-27 09:24:07","UNDERHILL","day",45,164,NA,NA,NA,NA,NA,NA,NA,NA,NA,"receiver",NA,NA
"2024-08-27 09:24:27","UNDERHILL","day",45,138,NA,NA,NA,NA,NA,NA,NA,NA,NA,"receiver",NA,NA
"2024-08-27 09:24:47","UNDERHILL","day",45,207,NA,NA,NA,NA,NA,NA,NA,NA,NA,"receiver",NA,NA
"2024-08-27 10:06:08","UNDERHILL","day",45,160,NA,NA,NA,NA,NA,NA,NA,NA,NA,"receiver",NA,NA
"2024-08-27 10:07:28","UNDERHILL","day",45,155,NA,NA,NA,NA,NA,NA,NA,NA,NA,"receiver",NA,NA
"2024-08-27 10:22:09","UNDERHILL","day",44,163,NA,NA,NA,NA,NA,NA,NA,NA,NA,"receiver",NA,NA
"2024-08-27 10:23:09","UNDERHILL","day",44,155,NA,NA,NA,NA,NA,NA,NA,NA,NA,"receiver",NA,NA
"2024-08-27 10:23:29","UNDERHILL","day",44,167,NA,NA,NA,NA,NA,NA,NA,NA,NA,"receiver",NA,NA
"2024-08-27 10:25:49","UNDERHILL","day",44,174,NA,NA,NA,NA,NA,NA,NA,NA,NA,"receiver",NA,NA
"2024-08-27 10:27:29","UNDERHILL","day",44,204,NA,NA,NA,NA,NA,NA,NA,NA,NA,"receiver",NA,NA
"2024-08-27 10:28:08","UNDERHILL","day",44,186,NA,NA,NA,NA,NA,NA,NA,NA,NA,"receiver",NA,NA
"2024-08-27 10:29:49","UNDERHILL","day",44,194,NA,NA,NA,NA,NA,NA,NA,NA,NA,"receiver",NA,NA
"2024-08-27 10:30:09","UNDERHILL","day",44,194,NA,NA,NA,NA,NA,NA,NA,NA,NA,"receiver",NA,NA
"2024-08-27 10:38:27","UNDERHILL","day",44,196,NA,NA,NA,NA,NA,NA,NA,NA,NA,"receiver",NA,NA
"2024-08-27 10:48:09","UNDERHILL","day",44,190,NA,NA,NA,NA,NA,NA,NA,NA,NA,"receiver",NA,NA
"2024-08-27 10:55:49","UNDERHILL","day",44,183,NA,NA,NA,NA,NA,NA,NA,NA,NA,"receiver",NA,NA
"2024-08-27 11:50:52","UNDERHILL","day",35,202,NA,NA,NA,NA,NA,NA,NA,NA,NA,"receiver",NA,NA
"2024-08-27 11:58:12","UNDERHILL","day",35,167,NA,NA,NA,NA,NA,NA,NA,NA,NA,"receiver",NA,NA
"2024-08-27 12:02:32","UNDERHILL","day",35,188,NA,NA,NA,NA,NA,NA,NA,NA,NA,"receiver",NA,NA
"2024-08-27 12:02:52","UNDERHILL","day",35,192,NA,NA,NA,NA,NA,NA,NA,NA,NA,"receiver",NA,NA
"2024-08-27 12:03:12","UNDERHILL","day",35,177,NA,NA,NA,NA,NA,NA,NA,NA,NA,"receiver",NA,NA
"2024-08-27 12:03:32","UNDERHILL","day",35,196,NA,NA,NA,NA,NA,NA,NA,NA,NA,"receiver",NA,NA
"2024-08-27 12:04:52","UNDERHILL","day",35,198,NA,NA,NA,NA,NA,NA,NA,NA,NA,"receiver",NA,NA
"2024-08-27 12:26:32","UNDERHILL","day",35,164,NA,NA,NA,NA,NA,NA,NA,NA,NA,"receiver",NA,NA
"2024-08-27 09:25:09","UNDERHILL","day",45,207,NA,NA,NA,NA,NA,NA,-72.3276533,42.4451517,NA,"receiver",NA,NA
"2024-08-27 09:25:29","UNDERHILL","day",45,206,NA,NA,NA,NA,NA,NA,-72.3275183,42.445205,NA,"receiver",NA,NA
"2024-08-27 09:26:09","UNDERHILL","day",45,206,NA,NA,NA,NA,NA,NA,-72.3274833,42.4452283,NA,"receiver",NA,NA
"2024-08-27 09:26:29","UNDERHILL","day",45,206,NA,NA,NA,NA,NA,NA,-72.3274964,42.44523,NA,"receiver",NA,NA
"2024-08-27 09:26:49","UNDERHILL","day",45,206,NA,NA,NA,NA,NA,NA,-72.3274983,42.4452333,NA,"receiver",NA,NA
"2024-08-27 09:27:09","UNDERHILL","day",45,207,NA,NA,NA,NA,NA,NA,-72.3274783,42.445235,NA,"receiver",NA,NA
"2024-08-27 09:27:29","UNDERHILL","day",45,201,NA,NA,NA,NA,NA,NA,-72.3274767,42.4452517,NA,"receiver",NA,NA
"2024-08-27 09:27:49","UNDERHILL","day",45,200,NA,NA,NA,NA,NA,NA,-72.3274933,42.4452233,NA,"receiver",NA,NA
"2024-08-27 09:28:09","UNDERHILL","day",45,201,NA,NA,NA,NA,NA,NA,-72.3275017,42.44522,NA,"receiver",NA,NA
"2024-08-27 09:28:28","UNDERHILL","day",45,203,NA,NA,NA,NA,NA,NA,-72.3275067,42.4452133,NA,"receiver",NA,NA
"2024-08-27 09:28:48","UNDERHILL","day",45,191,NA,NA,NA,NA,NA,NA,-72.3275081,42.4451883,NA,"receiver",NA,NA
"2024-08-27 09:29:08","UNDERHILL","day",45,193,NA,NA,NA,NA,NA,NA,-72.327535,42.4451417,NA,"receiver",NA,NA
"2024-08-27 09:29:28","UNDERHILL","day",45,207,NA,NA,NA,NA,NA,NA,-72.3275383,42.4451733,NA,"receiver",NA,NA
"2024-08-27 09:29:48","UNDERHILL","day",45,191,NA,NA,NA,NA,NA,NA,-72.3275283,42.44517,NA,"receiver",NA,NA
"2024-08-27 09:30:28","UNDERHILL","day",45,203,NA,NA,NA,NA,NA,NA,-72.3274933,42.4451567,NA,"receiver",NA,NA
"2024-08-27 09:30:48","UNDERHILL","day",45,207,NA,NA,NA,NA,NA,NA,-72.3274767,42.445165,NA,"receiver",NA,NA
"2024-08-27 09:31:08","UNDERHILL","day",45,171,NA,NA,NA,NA,NA,NA,-72.3274733,42.4451917,NA,"receiver",NA,NA
"2024-08-27 09:31:28","UNDERHILL","day",45,185,NA,NA,NA,NA,NA,NA,-72.3274847,42.4451967,NA,"receiver",NA,NA
"2024-08-27 09:31:48","UNDERHILL","day",45,176,NA,NA,NA,NA,NA,NA,-72.3275017,42.44519,NA,"receiver",NA,NA
"2024-08-27 09:32:08","UNDERHILL","day",45,198,NA,NA,NA,NA,NA,NA,-72.3274847,42.4451983,NA,"receiver",NA,NA
"2024-08-27 09:32:48","UNDERHILL","day",45,178,NA,NA,NA,NA,NA,NA,-72.3273483,42.4452417,NA,"receiver",NA,NA
"2024-08-27 09:33:08","UNDERHILL","day",45,207,NA,NA,NA,NA,NA,NA,-72.327355,42.4452417,NA,"receiver",NA,NA
"2024-08-27 09:33:28","UNDERHILL","day",45,207,NA,NA,NA,NA,NA,NA,-72.3273667,42.4452517,NA,"receiver",NA,NA
"2024-08-27 09:33:48","UNDERHILL","day",45,207,NA,NA,NA,NA,NA,NA,-72.3273583,42.4452683,NA,"receiver",NA,NA
"2024-08-27 09:34:08","UNDERHILL","day",45,198,NA,NA,NA,NA,NA,NA,-72.3273731,42.4452783,NA,"receiver",NA,NA
"2024-08-27 09:34:28","UNDERHILL","day",45,194,NA,NA,NA,NA,NA,NA,-72.327375,42.4452683,NA,"receiver",NA,NA
"2024-08-27 09:35:08","UNDERHILL","day",45,199,NA,NA,NA,NA,NA,NA,-72.3273983,42.4451983,NA,"receiver",NA,NA
"2024-08-27 09:35:28","UNDERHILL","day",45,207,NA,NA,NA,NA,NA,NA,-72.3273867,42.4452083,NA,"receiver",NA,NA
"2024-08-27 09:35:48","UNDERHILL","day",45,199,NA,NA,NA,NA,NA,NA,-72.3273767,42.4451967,NA,"receiver",NA,NA
"2024-08-27 09:36:08","UNDERHILL","day",45,207,NA,NA,NA,NA,NA,NA,-72.3274267,42.445195,NA,"receiver",NA,NA
"2024-08-27 09:36:28","UNDERHILL","day",45,207,NA,NA,NA,NA,NA,NA,-72.3273983,42.445225,NA,"receiver",NA,NA
"2024-08-27 09:36:48","UNDERHILL","day",45,173,NA,NA,NA,NA,NA,NA,-72.3273717,42.4452917,NA,"receiver",NA,NA
"2024-08-27 09:37:08","UNDERHILL","day",45,207,NA,NA,NA,NA,NA,NA,-72.327375,42.4453,NA,"receiver",NA,NA
"2024-08-27 09:37:28","UNDERHILL","day",45,207,NA,NA,NA,NA,NA,NA,-72.3273917,42.4453117,NA,"receiver",NA,NA
"2024-08-27 09:37:48","UNDERHILL","day",45,196,NA,NA,NA,NA,NA,NA,-72.3274217,42.4453183,NA,"receiver",NA,NA
"2024-08-27 09:38:08","UNDERHILL","day",45,207,NA,NA,NA,NA,NA,NA,-72.327475,42.4451967,NA,"receiver",NA,NA
"2024-08-27 09:38:28","UNDERHILL","day",45,198,NA,NA,NA,NA,NA,NA,-72.3274817,42.4452367,NA,"receiver",NA,NA
"2024-08-27 09:38:48","UNDERHILL","day",45,195,NA,NA,NA,NA,NA,NA,-72.3274433,42.4452633,NA,"receiver",NA,NA
"2024-08-27 09:39:08","UNDERHILL","day",45,207,NA,NA,NA,NA,NA,NA,-72.3274617,42.44527,NA,"receiver",NA,NA
"2024-08-27 09:39:28","UNDERHILL","day",45,206,NA,NA,NA,NA,NA,NA,-72.32747,42.4453,NA,"receiver",NA,NA
"2024-08-27 09:39:48","UNDERHILL","day",45,173,NA,NA,NA,NA,NA,NA,-72.327465,42.4453717,NA,"receiver",NA,NA
"2024-08-27 09:40:08","UNDERHILL","day",45,207,NA,NA,NA,NA,NA,NA,-72.32743,42.4453933,NA,"receiver",NA,NA
"2024-08-27 09:40:28","UNDERHILL","day",45,207,NA,NA,NA,NA,NA,NA,-72.3274347,42.4454,NA,"receiver",NA,NA
"2024-08-27 09:40:48","UNDERHILL","day",45,207,NA,NA,NA,NA,NA,NA,-72.3274617,42.4454067,NA,"receiver",NA,NA
"2024-08-27 09:41:28","UNDERHILL","day",45,162,NA,NA,NA,NA,NA,NA,-72.3274847,42.4454233,NA,"receiver",NA,NA
"2024-08-27 09:41:48","UNDERHILL","day",45,177,NA,NA,NA,NA,NA,NA,-72.3274933,42.4454233,NA,"receiver",NA,NA
"2024-08-27 09:42:08","UNDERHILL","day",45,177,NA,NA,NA,NA,NA,NA,-72.3274933,42.4454233,NA,"receiver",NA,NA
"2024-08-27 09:42:28","UNDERHILL","day",45,171,NA,NA,NA,NA,NA,NA,-72.3274983,42.4454117,NA,"receiver",NA,NA
"2024-08-27 09:42:48","UNDERHILL","day",45,188,NA,NA,NA,NA,NA,NA,-72.3274833,42.4453967,NA,"receiver",NA,NA
"2024-08-27 09:43:08","UNDERHILL","day",45,207,NA,NA,NA,NA,NA,NA,-72.3274817,42.4453883,NA,"receiver",NA,NA
"2024-08-27 09:43:28","UNDERHILL","day",45,206,NA,NA,NA,NA,NA,NA,-72.3274914,42.4453933,NA,"receiver",NA,NA
"2024-08-27 09:44:08","UNDERHILL","day",45,192,NA,NA,NA,NA,NA,NA,-72.32751,42.4453233,NA,"receiver",NA,NA
"2024-08-27 09:44:28","UNDERHILL","day",45,207,NA,NA,NA,NA,NA,NA,-72.3274933,42.4453117,NA,"receiver",NA,NA
"2024-08-27 09:44:48","UNDERHILL","day",45,193,NA,NA,NA,NA,NA,NA,-72.3274867,42.445315,NA,"receiver",NA,NA
"2024-08-27 09:45:08","UNDERHILL","day",45,185,NA,NA,NA,NA,NA,NA,-72.3274833,42.445315,NA,"receiver",NA,NA
"2024-08-27 09:45:28","UNDERHILL","day",45,197,NA,NA,NA,NA,NA,NA,-72.3274833,42.4453233,NA,"receiver",NA,NA
"2024-08-27 09:45:48","UNDERHILL","day",45,198,NA,NA,NA,NA,NA,NA,-72.3275,42.445355,NA,"receiver",NA,NA
"2024-08-27 09:46:08","UNDERHILL","day",45,205,NA,NA,NA,NA,NA,NA,-72.3275183,42.4453733,NA,"receiver",NA,NA
"2024-08-27 09:46:28","UNDERHILL","day",45,206,NA,NA,NA,NA,NA,NA,-72.3275247,42.4453717,NA,"receiver",NA,NA
"2024-08-27 09:46:48","UNDERHILL","day",45,207,NA,NA,NA,NA,NA,NA,-72.3275333,42.445375,NA,"receiver",NA,NA
"2024-08-27 09:47:08","UNDERHILL","day",45,189,NA,NA,NA,NA,NA,NA,-72.32753,42.445355,NA,"receiver",NA,NA
"2024-08-27 09:47:28","UNDERHILL","day",45,160,NA,NA,NA,NA,NA,NA,-72.3275267,42.4453583,NA,"receiver",NA,NA
"2024-08-27 09:47:48","UNDERHILL","day",45,164,NA,NA,NA,NA,NA,NA,-72.3275283,42.4453583,NA,"receiver",NA,NA
"2024-08-27 09:48:08","UNDERHILL","day",45,166,NA,NA,NA,NA,NA,NA,-72.3275317,42.44536,NA,"receiver",NA,NA
"2024-08-27 09:48:28","UNDERHILL","day",45,177,NA,NA,NA,NA,NA,NA,-72.32753,42.4453683,NA,"receiver",NA,NA
"2024-08-27 09:48:48","UNDERHILL","day",45,170,NA,NA,NA,NA,NA,NA,-72.3275333,42.4453733,NA,"receiver",NA,NA
"2024-08-27 09:49:08","UNDERHILL","day",45,170,NA,NA,NA,NA,NA,NA,-72.3275333,42.4453717,NA,"receiver",NA,NA
"2024-08-27 09:49:48","UNDERHILL","day",45,163,NA,NA,NA,NA,NA,NA,-72.3275414,42.4453533,NA,"receiver",NA,NA
"2024-08-27 09:50:08","UNDERHILL","day",45,172,NA,NA,NA,NA,NA,NA,-72.3275531,42.4452867,NA,"receiver",NA,NA
"2024-08-27 09:50:28","UNDERHILL","day",45,166,NA,NA,NA,NA,NA,NA,-72.3274847,42.44525,NA,"receiver",NA,NA
"2024-08-27 09:50:48","UNDERHILL","day",45,162,NA,NA,NA,NA,NA,NA,-72.3275333,42.445285,NA,"receiver",NA,NA
"2024-08-27 09:51:08","UNDERHILL","day",45,182,NA,NA,NA,NA,NA,NA,-72.327535,42.4453017,NA,"receiver",NA,NA
"2024-08-27 09:51:28","UNDERHILL","day",45,207,NA,NA,NA,NA,NA,NA,-72.3275033,42.4452717,NA,"receiver",NA,NA
"2024-08-27 09:51:48","UNDERHILL","day",45,181,NA,NA,NA,NA,NA,NA,-72.327465,42.4452767,NA,"receiver",NA,NA
"2024-08-27 09:52:08","UNDERHILL","day",45,178,NA,NA,NA,NA,NA,NA,-72.3274464,42.4453683,NA,"receiver",NA,NA
"2024-08-27 09:52:28","UNDERHILL","day",45,201,NA,NA,NA,NA,NA,NA,-72.3273967,42.4454067,NA,"receiver",NA,NA
"2024-08-27 09:52:48","UNDERHILL","day",45,206,NA,NA,NA,NA,NA,NA,-72.3273667,42.4454067,NA,"receiver",NA,NA
"2024-08-27 09:53:08","UNDERHILL","day",45,198,NA,NA,NA,NA,NA,NA,-72.3273497,42.4453883,NA,"receiver",NA,NA
"2024-08-27 09:53:28","UNDERHILL","day",45,207,NA,NA,NA,NA,NA,NA,-72.3273667,42.44537,NA,"receiver",NA,NA
"2024-08-27 09:53:48","UNDERHILL","day",45,207,NA,NA,NA,NA,NA,NA,-72.327365,42.4453567,NA,"receiver",NA,NA
"2024-08-27 09:54:08","UNDERHILL","day",45,192,NA,NA,NA,NA,NA,NA,-72.3273447,42.4453167,NA,"receiver",NA,NA
"2024-08-27 09:54:28","UNDERHILL","day",45,182,NA,NA,NA,NA,NA,NA,-72.3273383,42.4452883,NA,"receiver",NA,NA
"2024-08-27 09:54:48","UNDERHILL","day",45,208,NA,NA,NA,NA,NA,NA,-72.32732,42.4452733,NA,"receiver",NA,NA
"2024-08-27 09:55:08","UNDERHILL","day",45,196,NA,NA,NA,NA,NA,NA,-72.3273183,42.4453033,NA,"receiver",NA,NA
"2024-08-27 09:55:28","UNDERHILL","day",45,195,NA,NA,NA,NA,NA,NA,-72.3273083,42.4452967,NA,"receiver",NA,NA
"2024-08-27 09:55:48","UNDERHILL","day",45,207,NA,NA,NA,NA,NA,NA,-72.3272997,42.44529,NA,"receiver",NA,NA
"2024-08-27 09:56:08","UNDERHILL","day",45,199,NA,NA,NA,NA,NA,NA,-72.3273017,42.44529,NA,"receiver",NA,NA
"2024-08-27 09:56:28","UNDERHILL","day",45,207,NA,NA,NA,NA,NA,NA,-72.3273417,42.4452867,NA,"receiver",NA,NA
"2024-08-27 09:56:48","UNDERHILL","day",45,195,NA,NA,NA,NA,NA,NA,-72.327385,42.4452817,NA,"receiver",NA,NA
"2024-08-27 09:57:08","UNDERHILL","day",45,191,NA,NA,NA,NA,NA,NA,-72.32738,42.44529,NA,"receiver",NA,NA
"2024-08-27 09:57:28","UNDERHILL","day",45,192,NA,NA,NA,NA,NA,NA,-72.32738,42.4452967,NA,"receiver",NA,NA
"2024-08-27 09:57:48","UNDERHILL","day",45,200,NA,NA,NA,NA,NA,NA,-72.3273781,42.4452967,NA,"receiver",NA,NA
"2024-08-27 09:58:08","UNDERHILL","day",45,206,NA,NA,NA,NA,NA,NA,-72.3273731,42.4453,NA,"receiver",NA,NA
"2024-08-27 09:58:28","UNDERHILL","day",45,184,NA,NA,NA,NA,NA,NA,-72.32734,42.4453033,NA,"receiver",NA,NA
"2024-08-27 09:58:48","UNDERHILL","day",45,165,NA,NA,NA,NA,NA,NA,-72.3273117,42.4452917,NA,"receiver",NA,NA
"2024-08-27 09:59:08","UNDERHILL","day",45,186,NA,NA,NA,NA,NA,NA,-72.3273047,42.44529,NA,"receiver",NA,NA
"2024-08-27 09:59:28","UNDERHILL","day",45,197,NA,NA,NA,NA,NA,NA,-72.3273067,42.4452917,NA,"receiver",NA,NA
"2024-08-27 09:59:48","UNDERHILL","day",45,207,NA,NA,NA,NA,NA,NA,-72.3273067,42.44529,NA,"receiver",NA,NA
"2024-08-27 10:00:08","UNDERHILL","day",45,158,NA,NA,NA,NA,NA,NA,-72.3273833,42.4452967,NA,"receiver",NA,NA
"2024-08-27 10:00:28","UNDERHILL","day",45,172,NA,NA,NA,NA,NA,NA,-72.32751,42.44529,NA,"receiver",NA,NA
"2024-08-27 10:00:48","UNDERHILL","day",45,170,NA,NA,NA,NA,NA,NA,-72.3275131,42.4453167,NA,"receiver",NA,NA
"2024-08-27 10:01:08","UNDERHILL","day",45,199,NA,NA,NA,NA,NA,NA,-72.3275233,42.44534,NA,"receiver",NA,NA
"2024-08-27 10:01:28","UNDERHILL","day",45,185,NA,NA,NA,NA,NA,NA,-72.3275667,42.4454567,NA,"receiver",NA,NA
"2024-08-27 10:01:48","UNDERHILL","day",45,203,NA,NA,NA,NA,NA,NA,-72.3275433,42.4456,NA,"receiver",NA,NA
"2024-08-27 10:02:08","UNDERHILL","day",45,207,NA,NA,NA,NA,NA,NA,-72.32752,42.4455767,NA,"receiver",NA,NA
"2024-08-27 10:11:08","UNDERHILL","day",45,177,NA,NA,NA,NA,NA,NA,-72.3275917,42.4452917,NA,"receiver",NA,NA
"2024-08-27 10:11:48","UNDERHILL","day",45,181,NA,NA,NA,NA,NA,NA,-72.327605,42.4452833,NA,"receiver",NA,NA
"2024-08-27 10:12:08","UNDERHILL","day",45,179,NA,NA,NA,NA,NA,NA,-72.3275933,42.4452667,NA,"receiver",NA,NA
"2024-08-27 10:12:28","UNDERHILL","day",45,186,NA,NA,NA,NA,NA,NA,-72.327545,42.4452667,NA,"receiver",NA,NA
"2024-08-27 10:12:48","UNDERHILL","day",45,202,NA,NA,NA,NA,NA,NA,-72.3275364,42.4452583,NA,"receiver",NA,NA
"2024-08-27 10:13:08","UNDERHILL","day",45,194,NA,NA,NA,NA,NA,NA,-72.32754,42.4452667,NA,"receiver",NA,NA
"2024-08-27 10:13:28","UNDERHILL","day",45,198,NA,NA,NA,NA,NA,NA,-72.3275414,42.4452683,NA,"receiver",NA,NA
"2024-08-27 10:13:48","UNDERHILL","day",45,183,NA,NA,NA,NA,NA,NA,-72.3275383,42.4452733,NA,"receiver",NA,NA
"2024-08-27 10:14:08","UNDERHILL","day",45,203,NA,NA,NA,NA,NA,NA,-72.327535,42.4452767,NA,"receiver",NA,NA
"2024-08-27 10:14:28","UNDERHILL","day",45,205,NA,NA,NA,NA,NA,NA,-72.3275364,42.4452833,NA,"receiver",NA,NA
"2024-08-27 10:14:48","UNDERHILL","day",45,167,NA,NA,NA,NA,NA,NA,-72.3275383,42.445275,NA,"receiver",NA,NA
"2024-08-27 10:19:49","UNDERHILL","day",44,187,NA,NA,NA,NA,NA,NA,-72.3280481,42.444935,NA,"receiver",NA,NA
"2024-08-27 10:20:09","UNDERHILL","day",44,167,NA,NA,NA,NA,NA,NA,-72.3280717,42.444925,NA,"receiver",NA,NA
"2024-08-27 10:20:29","UNDERHILL","day",44,162,NA,NA,NA,NA,NA,NA,-72.3281,42.444935,NA,"receiver",NA,NA
"2024-08-27 10:21:09","UNDERHILL","day",44,164,NA,NA,NA,NA,NA,NA,-72.3281214,42.4449467,NA,"receiver",NA,NA
"2024-08-27 10:21:49","UNDERHILL","day",44,172,NA,NA,NA,NA,NA,NA,-72.3280017,42.44478,NA,"receiver",NA,NA
"2024-08-27 10:22:29","UNDERHILL","day",44,178,NA,NA,NA,NA,NA,NA,-72.3280633,42.4449867,NA,"receiver",NA,NA
"2024-08-27 10:23:49","UNDERHILL","day",44,153,NA,NA,NA,NA,NA,NA,-72.3279367,42.44495,NA,"receiver",NA,NA
"2024-08-27 10:24:09","UNDERHILL","day",44,176,NA,NA,NA,NA,NA,NA,-72.327915,42.444895,NA,"receiver",NA,NA
"2024-08-27 10:24:29","UNDERHILL","day",44,183,NA,NA,NA,NA,NA,NA,-72.3279131,42.4449233,NA,"receiver",NA,NA
"2024-08-27 10:26:09","UNDERHILL","day",44,178,NA,NA,NA,NA,NA,NA,-72.3280431,42.44486,NA,"receiver",NA,NA
"2024-08-27 10:26:29","UNDERHILL","day",44,184,NA,NA,NA,NA,NA,NA,-72.3280383,42.4448633,NA,"receiver",NA,NA
"2024-08-27 10:26:49","UNDERHILL","day",44,195,NA,NA,NA,NA,NA,NA,-72.3280364,42.444865,NA,"receiver",NA,NA
"2024-08-27 10:27:09","UNDERHILL","day",44,200,NA,NA,NA,NA,NA,NA,-72.328035,42.444875,NA,"receiver",NA,NA
"2024-08-27 10:28:29","UNDERHILL","day",44,187,NA,NA,NA,NA,NA,NA,-72.3279914,42.4448717,NA,"receiver",NA,NA
"2024-08-27 10:28:49","UNDERHILL","day",44,174,NA,NA,NA,NA,NA,NA,-72.3279883,42.4448833,NA,"receiver",NA,NA
"2024-08-27 10:29:09","UNDERHILL","day",44,185,NA,NA,NA,NA,NA,NA,-72.3279683,42.44491,NA,"receiver",NA,NA
"2024-08-27 10:29:29","UNDERHILL","day",44,176,NA,NA,NA,NA,NA,NA,-72.3279767,42.44489,NA,"receiver",NA,NA
"2024-08-27 10:30:29","UNDERHILL","day",44,171,NA,NA,NA,NA,NA,NA,-72.3277967,42.4448633,NA,"receiver",NA,NA
"2024-08-27 10:30:49","UNDERHILL","day",44,181,NA,NA,NA,NA,NA,NA,-72.3278017,42.4448433,NA,"receiver",NA,NA
"2024-08-27 10:31:29","UNDERHILL","day",44,158,NA,NA,NA,NA,NA,NA,-72.327905,42.444855,NA,"receiver",NA,NA
"2024-08-27 10:31:49","UNDERHILL","day",44,166,NA,NA,NA,NA,NA,NA,-72.3279383,42.44487,NA,"receiver",NA,NA
"2024-08-27 10:32:29","UNDERHILL","day",44,156,NA,NA,NA,NA,NA,NA,-72.3279883,42.4449617,NA,"receiver",NA,NA
"2024-08-27 10:32:49","UNDERHILL","day",44,162,NA,NA,NA,NA,NA,NA,-72.3280031,42.444965,NA,"receiver",NA,NA
"2024-08-27 10:35:10","UNDERHILL","day",44,183,NA,NA,NA,NA,NA,NA,-72.32798,42.445015,NA,"receiver",NA,NA
"2024-08-27 10:35:29","UNDERHILL","day",44,207,NA,NA,NA,NA,NA,NA,-72.3279483,42.4450233,NA,"receiver",NA,NA
"2024-08-27 10:35:49","UNDERHILL","day",44,203,NA,NA,NA,NA,NA,NA,-72.32782,42.4449833,NA,"receiver",NA,NA
"2024-08-27 10:36:09","UNDERHILL","day",44,206,NA,NA,NA,NA,NA,NA,-72.3277897,42.4450167,NA,"receiver",NA,NA
"2024-08-27 10:36:29","UNDERHILL","day",44,174,NA,NA,NA,NA,NA,NA,-72.3278633,42.44503,NA,"receiver",NA,NA
"2024-08-27 10:36:49","UNDERHILL","day",44,183,NA,NA,NA,NA,NA,NA,-72.3279,42.4450967,NA,"receiver",NA,NA
"2024-08-27 10:37:09","UNDERHILL","day",44,173,NA,NA,NA,NA,NA,NA,-72.3279464,42.445085,NA,"receiver",NA,NA
"2024-08-27 10:37:29","UNDERHILL","day",44,184,NA,NA,NA,NA,NA,NA,-72.32795,42.44509,NA,"receiver",NA,NA
"2024-08-27 10:37:49","UNDERHILL","day",44,174,NA,NA,NA,NA,NA,NA,-72.3279464,42.445085,NA,"receiver",NA,NA
"2024-08-27 10:38:09","UNDERHILL","day",44,185,NA,NA,NA,NA,NA,NA,-72.3279933,42.4450133,NA,"receiver",NA,NA
"2024-08-27 10:38:49","UNDERHILL","day",44,161,NA,NA,NA,NA,NA,NA,-72.3281517,42.444915,NA,"receiver",NA,NA
"2024-08-27 10:39:29","UNDERHILL","day",44,171,NA,NA,NA,NA,NA,NA,-72.328005,42.444905,NA,"receiver",NA,NA
"2024-08-27 10:39:49","UNDERHILL","day",44,166,NA,NA,NA,NA,NA,NA,-72.3279747,42.4449233,NA,"receiver",NA,NA
"2024-08-27 10:40:09","UNDERHILL","day",44,173,NA,NA,NA,NA,NA,NA,-72.327955,42.4449383,NA,"receiver",NA,NA
"2024-08-27 10:41:09","UNDERHILL","day",44,173,NA,NA,NA,NA,NA,NA,-72.3279333,42.444935,NA,"receiver",NA,NA
"2024-08-27 10:41:29","UNDERHILL","day",44,170,NA,NA,NA,NA,NA,NA,-72.3278964,42.4449033,NA,"receiver",NA,NA
"2024-08-27 10:41:49","UNDERHILL","day",44,161,NA,NA,NA,NA,NA,NA,-72.3278867,42.4448783,NA,"receiver",NA,NA
"2024-08-27 10:42:09","UNDERHILL","day",44,180,NA,NA,NA,NA,NA,NA,-72.3278633,42.4448583,NA,"receiver",NA,NA
"2024-08-27 10:42:29","UNDERHILL","day",44,154,NA,NA,NA,NA,NA,NA,-72.32789,42.4448617,NA,"receiver",NA,NA
"2024-08-27 10:42:49","UNDERHILL","day",44,168,NA,NA,NA,NA,NA,NA,-72.3280117,42.4448467,NA,"receiver",NA,NA
"2024-08-27 10:43:09","UNDERHILL","day",44,173,NA,NA,NA,NA,NA,NA,-72.32801,42.4448317,NA,"receiver",NA,NA
"2024-08-27 10:43:29","UNDERHILL","day",44,157,NA,NA,NA,NA,NA,NA,-72.3280183,42.4448417,NA,"receiver",NA,NA
"2024-08-27 10:44:09","UNDERHILL","day",44,169,NA,NA,NA,NA,NA,NA,-72.328,42.4448267,NA,"receiver",NA,NA
"2024-08-27 10:45:09","UNDERHILL","day",44,180,NA,NA,NA,NA,NA,NA,-72.3279717,42.444965,NA,"receiver",NA,NA
"2024-08-27 10:45:29","UNDERHILL","day",44,197,NA,NA,NA,NA,NA,NA,-72.3279914,42.444955,NA,"receiver",NA,NA
"2024-08-27 10:45:49","UNDERHILL","day",44,183,NA,NA,NA,NA,NA,NA,-72.3280197,42.4449417,NA,"receiver",NA,NA
"2024-08-27 10:46:09","UNDERHILL","day",44,167,NA,NA,NA,NA,NA,NA,-72.3279667,42.4448883,NA,"receiver",NA,NA
"2024-08-27 10:46:29","UNDERHILL","day",44,183,NA,NA,NA,NA,NA,NA,-72.327995,42.444965,NA,"receiver",NA,NA
"2024-08-27 10:46:49","UNDERHILL","day",44,182,NA,NA,NA,NA,NA,NA,-72.327995,42.44502,NA,"receiver",NA,NA
"2024-08-27 10:47:09","UNDERHILL","day",44,188,NA,NA,NA,NA,NA,NA,-72.3278817,42.4449367,NA,"receiver",NA,NA
"2024-08-27 10:47:29","UNDERHILL","day",44,195,NA,NA,NA,NA,NA,NA,-72.3278833,42.4449967,NA,"receiver",NA,NA
"2024-08-27 10:47:49","UNDERHILL","day",44,177,NA,NA,NA,NA,NA,NA,-72.327865,42.444995,NA,"receiver",NA,NA
"2024-08-27 10:48:29","UNDERHILL","day",44,194,NA,NA,NA,NA,NA,NA,-72.327865,42.4449683,NA,"receiver",NA,NA
"2024-08-27 10:48:49","UNDERHILL","day",44,184,NA,NA,NA,NA,NA,NA,-72.3279083,42.4449883,NA,"receiver",NA,NA
"2024-08-27 10:49:09","UNDERHILL","day",44,193,NA,NA,NA,NA,NA,NA,-72.3278983,42.4449933,NA,"receiver",NA,NA
"2024-08-27 10:49:29","UNDERHILL","day",44,189,NA,NA,NA,NA,NA,NA,-72.3278667,42.444925,NA,"receiver",NA,NA
"2024-08-27 10:49:49","UNDERHILL","day",44,179,NA,NA,NA,NA,NA,NA,-72.3278383,42.4449183,NA,"receiver",NA,NA
"2024-08-27 10:50:09","UNDERHILL","day",44,173,NA,NA,NA,NA,NA,NA,-72.3278433,42.4449417,NA,"receiver",NA,NA
"2024-08-27 10:50:29","UNDERHILL","day",44,176,NA,NA,NA,NA,NA,NA,-72.3279014,42.4450417,NA,"receiver",NA,NA
"2024-08-27 10:50:49","UNDERHILL","day",44,171,NA,NA,NA,NA,NA,NA,-72.3278964,42.445015,NA,"receiver",NA,NA
"2024-08-27 10:51:09","UNDERHILL","day",44,157,NA,NA,NA,NA,NA,NA,-72.3278883,42.4450217,NA,"receiver",NA,NA
"2024-08-27 10:51:29","UNDERHILL","day",44,180,NA,NA,NA,NA,NA,NA,-72.32789,42.4450467,NA,"receiver",NA,NA
"2024-08-27 10:51:49","UNDERHILL","day",44,174,NA,NA,NA,NA,NA,NA,-72.3279033,42.4450417,NA,"receiver",NA,NA
"2024-08-27 10:52:09","UNDERHILL","day",44,164,NA,NA,NA,NA,NA,NA,-72.3278983,42.4450083,NA,"receiver",NA,NA
"2024-08-27 10:52:29","UNDERHILL","day",44,165,NA,NA,NA,NA,NA,NA,-72.3279483,42.4449317,NA,"receiver",NA,NA
"2024-08-27 10:52:49","UNDERHILL","day",44,185,NA,NA,NA,NA,NA,NA,-72.3279383,42.4449117,NA,"receiver",NA,NA
"2024-08-27 10:53:09","UNDERHILL","day",44,177,NA,NA,NA,NA,NA,NA,-72.32795,42.4449483,NA,"receiver",NA,NA
"2024-08-27 10:53:29","UNDERHILL","day",44,174,NA,NA,NA,NA,NA,NA,-72.3279733,42.445005,NA,"receiver",NA,NA
"2024-08-27 10:53:49","UNDERHILL","day",44,173,NA,NA,NA,NA,NA,NA,-72.327965,42.4450067,NA,"receiver",NA,NA
"2024-08-27 10:54:09","UNDERHILL","day",44,168,NA,NA,NA,NA,NA,NA,-72.3279933,42.44499,NA,"receiver",NA,NA
"2024-08-27 10:54:29","UNDERHILL","day",44,172,NA,NA,NA,NA,NA,NA,-72.3279864,42.4450133,NA,"receiver",NA,NA
"2024-08-27 10:54:49","UNDERHILL","day",44,172,NA,NA,NA,NA,NA,NA,-72.3279733,42.4450317,NA,"receiver",NA,NA
"2024-08-27 10:55:09","UNDERHILL","day",44,187,NA,NA,NA,NA,NA,NA,-72.3279817,42.445035,NA,"receiver",NA,NA
"2024-08-27 10:55:30","UNDERHILL","day",44,191,NA,NA,NA,NA,NA,NA,-72.3280183,42.4451,NA,"receiver",NA,NA
"2024-08-27 10:56:09","UNDERHILL","day",44,187,NA,NA,NA,NA,NA,NA,-72.3278717,42.44505,NA,"receiver",NA,NA
"2024-08-27 10:56:29","UNDERHILL","day",44,161,NA,NA,NA,NA,NA,NA,-72.3280283,42.445065,NA,"receiver",NA,NA
"2024-08-27 10:57:09","UNDERHILL","day",44,175,NA,NA,NA,NA,NA,NA,-72.3279233,42.4448583,NA,"receiver",NA,NA
"2024-08-27 10:58:09","UNDERHILL","day",44,173,NA,NA,NA,NA,NA,NA,-72.327985,42.4449583,NA,"receiver",NA,NA
"2024-08-27 10:58:29","UNDERHILL","day",44,173,NA,NA,NA,NA,NA,NA,-72.32795,42.44495,NA,"receiver",NA,NA
"2024-08-27 10:58:49","UNDERHILL","day",44,190,NA,NA,NA,NA,NA,NA,-72.3279433,42.44492,NA,"receiver",NA,NA
"2024-08-27 10:59:09","UNDERHILL","day",44,183,NA,NA,NA,NA,NA,NA,-72.3279433,42.4449517,NA,"receiver",NA,NA
"2024-08-27 10:59:29","UNDERHILL","day",44,179,NA,NA,NA,NA,NA,NA,-72.3278347,42.4450383,NA,"receiver",NA,NA
"2024-08-27 10:59:49","UNDERHILL","day",44,160,NA,NA,NA,NA,NA,NA,-72.3278167,42.44502,NA,"receiver",NA,NA
"2024-08-27 11:00:09","UNDERHILL","day",44,162,NA,NA,NA,NA,NA,NA,-72.3277867,42.4448467,NA,"receiver",NA,NA
"2024-08-27 11:00:29","UNDERHILL","day",44,175,NA,NA,NA,NA,NA,NA,-72.327725,42.4448617,NA,"receiver",NA,NA
"2024-08-27 11:00:49","UNDERHILL","day",44,180,NA,NA,NA,NA,NA,NA,-72.3277983,42.4448917,NA,"receiver",NA,NA
"2024-08-27 11:01:09","UNDERHILL","day",44,165,NA,NA,NA,NA,NA,NA,-72.3278064,42.444915,NA,"receiver",NA,NA
"2024-08-27 11:02:09","UNDERHILL","day",44,162,NA,NA,NA,NA,NA,NA,-72.3277883,42.4448583,NA,"receiver",NA,NA
"2024-08-27 11:02:29","UNDERHILL","day",44,178,NA,NA,NA,NA,NA,NA,-72.32787,42.4449367,NA,"receiver",NA,NA
"2024-08-27 11:02:49","UNDERHILL","day",44,196,NA,NA,NA,NA,NA,NA,-72.328,42.4449117,NA,"receiver",NA,NA
"2024-08-27 11:03:09","UNDERHILL","day",44,177,NA,NA,NA,NA,NA,NA,-72.3280597,42.4449233,NA,"receiver",NA,NA
"2024-08-27 11:03:29","UNDERHILL","day",44,201,NA,NA,NA,NA,NA,NA,-72.3280597,42.4449333,NA,"receiver",NA,NA
"2024-08-27 11:03:49","UNDERHILL","day",44,198,NA,NA,NA,NA,NA,NA,-72.3279267,42.4449817,NA,"receiver",NA,NA
"2024-08-27 11:04:09","UNDERHILL","day",44,187,NA,NA,NA,NA,NA,NA,-72.3278983,42.4449767,NA,"receiver",NA,NA
"2024-08-27 11:04:29","UNDERHILL","day",44,180,NA,NA,NA,NA,NA,NA,-72.32781,42.4450433,NA,"receiver",NA,NA
"2024-08-27 11:04:49","UNDERHILL","day",44,198,NA,NA,NA,NA,NA,NA,-72.3278317,42.4450517,NA,"receiver",NA,NA
"2024-08-27 11:05:09","UNDERHILL","day",44,170,NA,NA,NA,NA,NA,NA,-72.3279333,42.4449317,NA,"receiver",NA,NA
"2024-08-27 11:05:29","UNDERHILL","day",44,175,NA,NA,NA,NA,NA,NA,-72.32796,42.44493,NA,"receiver",NA,NA
"2024-08-27 11:05:49","UNDERHILL","day",44,178,NA,NA,NA,NA,NA,NA,-72.32799,42.4449417,NA,"receiver",NA,NA
"2024-08-27 11:06:09","UNDERHILL","day",44,208,NA,NA,NA,NA,NA,NA,-72.328005,42.4449417,NA,"receiver",NA,NA
"2024-08-27 11:06:29","UNDERHILL","day",44,207,NA,NA,NA,NA,NA,NA,-72.327935,42.4449583,NA,"receiver",NA,NA
"2024-08-27 11:06:49","UNDERHILL","day",44,193,NA,NA,NA,NA,NA,NA,-72.3279433,42.444955,NA,"receiver",NA,NA
"2024-08-27 11:07:09","UNDERHILL","day",44,167,NA,NA,NA,NA,NA,NA,-72.3279697,42.44502,NA,"receiver",NA,NA
"2024-08-27 11:07:29","UNDERHILL","day",44,202,NA,NA,NA,NA,NA,NA,-72.3279317,42.4450067,NA,"receiver",NA,NA
"2024-08-27 11:07:49","UNDERHILL","day",44,194,NA,NA,NA,NA,NA,NA,-72.3280017,42.44495,NA,"receiver",NA,NA
"2024-08-27 11:08:09","UNDERHILL","day",44,207,NA,NA,NA,NA,NA,NA,-72.3279317,42.4448967,NA,"receiver",NA,NA
"2024-08-27 11:08:29","UNDERHILL","day",44,207,NA,NA,NA,NA,NA,NA,-72.3279283,42.4448933,NA,"receiver",NA,NA
"2024-08-27 11:08:49","UNDERHILL","day",44,195,NA,NA,NA,NA,NA,NA,-72.32792,42.4448717,NA,"receiver",NA,NA
"2024-08-27 11:09:09","UNDERHILL","day",44,203,NA,NA,NA,NA,NA,NA,-72.327915,42.4448583,NA,"receiver",NA,NA
"2024-08-27 11:09:29","UNDERHILL","day",44,195,NA,NA,NA,NA,NA,NA,-72.3279333,42.4448783,NA,"receiver",NA,NA
"2024-08-27 11:09:49","UNDERHILL","day",44,207,NA,NA,NA,NA,NA,NA,-72.3279267,42.444865,NA,"receiver",NA,NA
"2024-08-27 11:10:09","UNDERHILL","day",44,207,NA,NA,NA,NA,NA,NA,-72.32791,42.4448683,NA,"receiver",NA,NA
"2024-08-27 11:10:29","UNDERHILL","day",44,204,NA,NA,NA,NA,NA,NA,-72.3279067,42.4448933,NA,"receiver",NA,NA
"2024-08-27 11:10:49","UNDERHILL","day",44,201,NA,NA,NA,NA,NA,NA,-72.32792,42.444915,NA,"receiver",NA,NA
"2024-08-27 11:11:09","UNDERHILL","day",44,166,NA,NA,NA,NA,NA,NA,-72.3279167,42.44495,NA,"receiver",NA,NA
"2024-08-27 11:11:29","UNDERHILL","day",44,181,NA,NA,NA,NA,NA,NA,-72.3279067,42.4449817,NA,"receiver",NA,NA
"2024-08-27 11:11:49","UNDERHILL","day",44,183,NA,NA,NA,NA,NA,NA,-72.327905,42.44498,NA,"receiver",NA,NA
"2024-08-27 11:12:09","UNDERHILL","day",44,189,NA,NA,NA,NA,NA,NA,-72.3279033,42.4449883,NA,"receiver",NA,NA
"2024-08-27 11:12:29","UNDERHILL","day",44,190,NA,NA,NA,NA,NA,NA,-72.32789,42.44497,NA,"receiver",NA,NA
"2024-08-27 11:12:49","UNDERHILL","day",44,207,NA,NA,NA,NA,NA,NA,-72.3278667,42.444905,NA,"receiver",NA,NA
"2024-08-27 11:13:09","UNDERHILL","day",44,207,NA,NA,NA,NA,NA,NA,-72.3278733,42.4448533,NA,"receiver",NA,NA
"2024-08-27 11:13:29","UNDERHILL","day",44,181,NA,NA,NA,NA,NA,NA,-72.3278267,42.444795,NA,"receiver",NA,NA
"2024-08-27 11:13:49","UNDERHILL","day",44,183,NA,NA,NA,NA,NA,NA,-72.3279183,42.44478,NA,"receiver",NA,NA
"2024-08-27 11:14:49","UNDERHILL","day",44,207,NA,NA,NA,NA,NA,NA,-72.3280217,42.4450167,NA,"receiver",NA,NA
"2024-08-27 11:15:09","UNDERHILL","day",44,208,NA,NA,NA,NA,NA,NA,-72.32798,42.4450167,NA,"receiver",NA,NA
"2024-08-27 11:15:29","UNDERHILL","day",44,200,NA,NA,NA,NA,NA,NA,-72.32794,42.4450183,NA,"receiver",NA,NA
"2024-08-27 11:15:49","UNDERHILL","day",44,178,NA,NA,NA,NA,NA,NA,-72.3278467,42.445025,NA,"receiver",NA,NA
"2024-08-27 11:16:09","UNDERHILL","day",44,199,NA,NA,NA,NA,NA,NA,-72.3278483,42.4450267,NA,"receiver",NA,NA
"2024-08-27 11:16:29","UNDERHILL","day",44,195,NA,NA,NA,NA,NA,NA,-72.3278633,42.4450217,NA,"receiver",NA,NA
"2024-08-27 11:16:49","UNDERHILL","day",44,198,NA,NA,NA,NA,NA,NA,-72.3278347,42.4450083,NA,"receiver",NA,NA
"2024-08-27 11:17:09","UNDERHILL","day",44,195,NA,NA,NA,NA,NA,NA,-72.3278367,42.4450067,NA,"receiver",NA,NA
"2024-08-27 11:17:29","UNDERHILL","day",44,197,NA,NA,NA,NA,NA,NA,-72.3278564,42.445025,NA,"receiver",NA,NA
"2024-08-27 11:17:49","UNDERHILL","day",44,184,NA,NA,NA,NA,NA,NA,-72.3278681,42.445085,NA,"receiver",NA,NA
"2024-08-27 11:20:09","UNDERHILL","day",44,157,NA,NA,NA,NA,NA,NA,-72.3278267,42.4451383,NA,"receiver",NA,NA
"2024-08-27 11:20:29","UNDERHILL","day",44,178,NA,NA,NA,NA,NA,NA,-72.3277967,42.4450867,NA,"receiver",NA,NA
"2024-08-27 11:20:49","UNDERHILL","day",44,191,NA,NA,NA,NA,NA,NA,-72.3277683,42.44499,NA,"receiver",NA,NA
"2024-08-27 11:21:09","UNDERHILL","day",44,194,NA,NA,NA,NA,NA,NA,-72.3277883,42.44496,NA,"receiver",NA,NA
"2024-08-27 11:21:49","UNDERHILL","day",44,201,NA,NA,NA,NA,NA,NA,-72.327815,42.4449567,NA,"receiver",NA,NA
"2024-08-27 11:22:09","UNDERHILL","day",44,207,NA,NA,NA,NA,NA,NA,-72.3278114,42.4449467,NA,"receiver",NA,NA
"2024-08-27 11:22:29","UNDERHILL","day",44,207,NA,NA,NA,NA,NA,NA,-72.3278167,42.444965,NA,"receiver",NA,NA
"2024-08-27 11:23:09","UNDERHILL","day",44,207,NA,NA,NA,NA,NA,NA,-72.3278933,42.4450433,NA,"receiver",NA,NA
"2024-08-27 11:23:29","UNDERHILL","day",44,207,NA,NA,NA,NA,NA,NA,-72.32792,42.445095,NA,"receiver",NA,NA
"2024-08-27 11:24:09","UNDERHILL","day",44,208,NA,NA,NA,NA,NA,NA,-72.32792,42.4450767,NA,"receiver",NA,NA
"2024-08-27 11:24:29","UNDERHILL","day",44,207,NA,NA,NA,NA,NA,NA,-72.32792,42.44507,NA,"receiver",NA,NA
"2024-08-27 11:25:09","UNDERHILL","day",44,207,NA,NA,NA,NA,NA,NA,-72.3278847,42.4450283,NA,"receiver",NA,NA
"2024-08-27 11:25:29","UNDERHILL","day",44,207,NA,NA,NA,NA,NA,NA,-72.3278783,42.4450233,NA,"receiver",NA,NA
"2024-08-27 11:26:09","UNDERHILL","day",44,205,NA,NA,NA,NA,NA,NA,-72.3278667,42.4450283,NA,"receiver",NA,NA
"2024-08-27 11:26:29","UNDERHILL","day",44,198,NA,NA,NA,NA,NA,NA,-72.3278633,42.4450233,NA,"receiver",NA,NA
"2024-08-27 11:27:09","UNDERHILL","day",44,199,NA,NA,NA,NA,NA,NA,-72.3279317,42.4450767,NA,"receiver",NA,NA
"2024-08-27 11:27:29","UNDERHILL","day",44,203,NA,NA,NA,NA,NA,NA,-72.32794,42.4450883,NA,"receiver",NA,NA
"2024-08-27 11:28:09","UNDERHILL","day",44,207,NA,NA,NA,NA,NA,NA,-72.32794,42.44508,NA,"receiver",NA,NA
"2024-08-27 11:28:29","UNDERHILL","day",44,145,NA,NA,NA,NA,NA,NA,-72.3278783,42.4450133,NA,"receiver",NA,NA
"2024-08-27 11:29:09","UNDERHILL","day",44,207,NA,NA,NA,NA,NA,NA,-72.3279183,42.44505,NA,"receiver",NA,NA
"2024-08-27 11:29:29","UNDERHILL","day",44,206,NA,NA,NA,NA,NA,NA,-72.3279283,42.44506,NA,"receiver",NA,NA
"2024-08-27 11:30:09","UNDERHILL","day",44,207,NA,NA,NA,NA,NA,NA,-72.3279367,42.4451083,NA,"receiver",NA,NA
"2024-08-27 11:31:09","UNDERHILL","day",44,190,NA,NA,NA,NA,NA,NA,-72.327985,42.4451117,NA,"receiver",NA,NA
"2024-08-27 11:31:29","UNDERHILL","day",44,198,NA,NA,NA,NA,NA,NA,-72.3280067,42.44514,NA,"receiver",NA,NA
"2024-08-27 11:32:09","UNDERHILL","day",44,197,NA,NA,NA,NA,NA,NA,-72.3279317,42.444955,NA,"receiver",NA,NA
"2024-08-27 11:32:29","UNDERHILL","day",44,201,NA,NA,NA,NA,NA,NA,-72.32792,42.4450833,NA,"receiver",NA,NA
"2024-08-27 11:32:49","UNDERHILL","day",44,190,NA,NA,NA,NA,NA,NA,-72.3278883,42.4450983,NA,"receiver",NA,NA
"2024-08-27 11:33:09","UNDERHILL","day",44,193,NA,NA,NA,NA,NA,NA,-72.3278867,42.4450833,NA,"receiver",NA,NA
"2024-08-27 11:33:29","UNDERHILL","day",44,208,NA,NA,NA,NA,NA,NA,-72.3278933,42.4450717,NA,"receiver",NA,NA
"2024-08-27 11:34:09","UNDERHILL","day",44,187,NA,NA,NA,NA,NA,NA,-72.327905,42.4450633,NA,"receiver",NA,NA
"2024-08-27 11:34:29","UNDERHILL","day",44,204,NA,NA,NA,NA,NA,NA,-72.327915,42.4450833,NA,"receiver",NA,NA
"2024-08-27 11:35:09","UNDERHILL","day",44,201,NA,NA,NA,NA,NA,NA,-72.3279167,42.4450733,NA,"receiver",NA,NA
"2024-08-27 11:35:29","UNDERHILL","day",44,174,NA,NA,NA,NA,NA,NA,-72.3279117,42.44505,NA,"receiver",NA,NA
"2024-08-27 11:36:29","UNDERHILL","day",44,179,NA,NA,NA,NA,NA,NA,-72.3279367,42.4450617,NA,"receiver",NA,NA
"2024-08-27 11:37:09","UNDERHILL","day",44,174,NA,NA,NA,NA,NA,NA,-72.3279933,42.44509,NA,"receiver",NA,NA
"2024-08-27 11:37:29","UNDERHILL","day",44,198,NA,NA,NA,NA,NA,NA,-72.3279297,42.445115,NA,"receiver",NA,NA
"2024-08-27 11:37:49","UNDERHILL","day",44,198,NA,NA,NA,NA,NA,NA,-72.3279567,42.4451717,NA,"receiver",NA,NA
"2024-08-27 11:38:09","UNDERHILL","day",44,195,NA,NA,NA,NA,NA,NA,-72.32795,42.4451367,NA,"receiver",NA,NA
"2024-08-27 11:38:29","UNDERHILL","day",44,156,NA,NA,NA,NA,NA,NA,-72.3279333,42.4451383,NA,"receiver",NA,NA
"2024-08-27 11:38:49","UNDERHILL","day",44,122,NA,NA,NA,NA,NA,NA,-72.3278564,42.44512,NA,"receiver",NA,NA
"2024-08-27 11:45:21","UNDERHILL","day",35,118,NA,NA,NA,NA,NA,NA,-72.3293167,42.4437683,NA,"receiver",NA,NA
"2024-08-27 11:45:40","UNDERHILL","day",35,184,NA,NA,NA,NA,NA,NA,-72.3295564,42.443745,NA,"receiver",NA,NA
"2024-08-27 11:46:00","UNDERHILL","day",35,186,NA,NA,NA,NA,NA,NA,-72.3296864,42.44387,NA,"receiver",NA,NA
"2024-08-27 11:46:20","UNDERHILL","day",35,177,NA,NA,NA,NA,NA,NA,-72.3296567,42.44385,NA,"receiver",NA,NA
"2024-08-27 11:46:40","UNDERHILL","day",35,201,NA,NA,NA,NA,NA,NA,-72.3296433,42.4438383,NA,"receiver",NA,NA
"2024-08-27 11:47:05","UNDERHILL","day",35,199,NA,NA,NA,NA,NA,NA,-72.3296247,42.4438183,NA,"receiver",NA,NA
"2024-08-27 11:47:37","UNDERHILL","day",35,186,NA,NA,NA,NA,NA,NA,-72.329515,42.44372,NA,"receiver",NA,NA
"2024-08-27 11:47:57","UNDERHILL","day",35,171,NA,NA,NA,NA,NA,NA,-72.3295267,42.4437233,NA,"receiver",NA,NA
"2024-08-27 11:48:21","UNDERHILL","day",35,201,NA,NA,NA,NA,NA,NA,-72.3295617,42.443685,NA,"receiver",NA,NA
"2024-08-27 11:48:43","UNDERHILL","day",35,186,NA,NA,NA,NA,NA,NA,-72.3295681,42.4436667,NA,"receiver",NA,NA
"2024-08-27 11:49:03","UNDERHILL","day",35,181,NA,NA,NA,NA,NA,NA,-72.3295397,42.4436567,NA,"receiver",NA,NA
"2024-08-27 11:49:23","UNDERHILL","day",35,190,NA,NA,NA,NA,NA,NA,-72.3295767,42.4437067,NA,"receiver",NA,NA
"2024-08-27 11:49:43","UNDERHILL","day",35,193,NA,NA,NA,NA,NA,NA,-72.3295817,42.4437083,NA,"receiver",NA,NA
"2024-08-27 11:50:03","UNDERHILL","day",35,198,NA,NA,NA,NA,NA,NA,-72.3296014,42.4437233,NA,"receiver",NA,NA
"2024-08-27 11:50:25","UNDERHILL","day",35,151,NA,NA,NA,NA,NA,NA,-72.329605,42.4437733,NA,"receiver",NA,NA
"2024-08-27 11:51:32","UNDERHILL","day",35,183,NA,NA,NA,NA,NA,NA,-72.3296033,42.4436667,NA,"receiver",NA,NA
"2024-08-27 11:51:52","UNDERHILL","day",35,186,NA,NA,NA,NA,NA,NA,-72.329645,42.4436533,NA,"receiver",NA,NA
"2024-08-27 11:52:12","UNDERHILL","day",35,202,NA,NA,NA,NA,NA,NA,-72.32968,42.44371,NA,"receiver",NA,NA
"2024-08-27 11:52:32","UNDERHILL","day",35,205,NA,NA,NA,NA,NA,NA,-72.3296864,42.4437217,NA,"receiver",NA,NA
"2024-08-27 11:52:52","UNDERHILL","day",35,201,NA,NA,NA,NA,NA,NA,-72.3297617,42.443675,NA,"receiver",NA,NA
"2024-08-27 11:53:12","UNDERHILL","day",35,196,NA,NA,NA,NA,NA,NA,-72.329745,42.4436183,NA,"receiver",NA,NA
"2024-08-27 11:53:32","UNDERHILL","day",35,180,NA,NA,NA,NA,NA,NA,-72.3297467,42.4436167,NA,"receiver",NA,NA
"2024-08-27 11:53:52","UNDERHILL","day",35,192,NA,NA,NA,NA,NA,NA,-72.32973,42.443615,NA,"receiver",NA,NA
"2024-08-27 11:54:12","UNDERHILL","day",35,177,NA,NA,NA,NA,NA,NA,-72.3297217,42.44362,NA,"receiver",NA,NA
"2024-08-27 11:54:32","UNDERHILL","day",35,202,NA,NA,NA,NA,NA,NA,-72.3297197,42.443615,NA,"receiver",NA,NA
"2024-08-27 11:54:52","UNDERHILL","day",35,177,NA,NA,NA,NA,NA,NA,-72.329655,42.4436183,NA,"receiver",NA,NA
"2024-08-27 11:55:12","UNDERHILL","day",35,168,NA,NA,NA,NA,NA,NA,-72.329615,42.4436367,NA,"receiver",NA,NA
"2024-08-27 11:55:32","UNDERHILL","day",35,175,NA,NA,NA,NA,NA,NA,-72.329655,42.44365,NA,"receiver",NA,NA
"2024-08-27 11:55:52","UNDERHILL","day",35,180,NA,NA,NA,NA,NA,NA,-72.3296367,42.443645,NA,"receiver",NA,NA
"2024-08-27 11:56:12","UNDERHILL","day",35,202,NA,NA,NA,NA,NA,NA,-72.329615,42.44365,NA,"receiver",NA,NA
"2024-08-27 11:56:32","UNDERHILL","day",35,203,NA,NA,NA,NA,NA,NA,-72.3296217,42.4438133,NA,"receiver",NA,NA
"2024-08-27 11:56:52","UNDERHILL","day",35,168,NA,NA,NA,NA,NA,NA,-72.3295483,42.44384,NA,"receiver",NA,NA
"2024-08-27 11:57:12","UNDERHILL","day",35,195,NA,NA,NA,NA,NA,NA,-72.3296067,42.443675,NA,"receiver",NA,NA
"2024-08-27 11:57:32","UNDERHILL","day",35,208,NA,NA,NA,NA,NA,NA,-72.32964,42.4437117,NA,"receiver",NA,NA
"2024-08-27 11:57:52","UNDERHILL","day",35,193,NA,NA,NA,NA,NA,NA,-72.3296367,42.443735,NA,"receiver",NA,NA
"2024-08-27 11:58:32","UNDERHILL","day",35,170,NA,NA,NA,NA,NA,NA,-72.3296247,42.4436767,NA,"receiver",NA,NA
"2024-08-27 11:58:52","UNDERHILL","day",35,180,NA,NA,NA,NA,NA,NA,-72.3296297,42.4437017,NA,"receiver",NA,NA
"2024-08-27 11:59:12","UNDERHILL","day",35,171,NA,NA,NA,NA,NA,NA,-72.3295983,42.4436733,NA,"receiver",NA,NA
"2024-08-27 11:59:32","UNDERHILL","day",35,201,NA,NA,NA,NA,NA,NA,-72.3295917,42.4436033,NA,"receiver",NA,NA
"2024-08-27 11:59:52","UNDERHILL","day",35,198,NA,NA,NA,NA,NA,NA,-72.3296181,42.4436133,NA,"receiver",NA,NA
"2024-08-27 12:00:12","UNDERHILL","day",35,198,NA,NA,NA,NA,NA,NA,-72.32964,42.4436217,NA,"receiver",NA,NA
"2024-08-27 12:00:32","UNDERHILL","day",35,189,NA,NA,NA,NA,NA,NA,-72.329635,42.4436233,NA,"receiver",NA,NA
"2024-08-27 12:00:52","UNDERHILL","day",35,191,NA,NA,NA,NA,NA,NA,-72.3295783,42.4436267,NA,"receiver",NA,NA
"2024-08-27 12:01:12","UNDERHILL","day",35,180,NA,NA,NA,NA,NA,NA,-72.32956,42.44362,NA,"receiver",NA,NA
"2024-08-27 12:01:32","UNDERHILL","day",35,202,NA,NA,NA,NA,NA,NA,-72.3295397,42.443625,NA,"receiver",NA,NA
"2024-08-27 12:01:52","UNDERHILL","day",35,185,NA,NA,NA,NA,NA,NA,-72.32959,42.44364,NA,"receiver",NA,NA
"2024-08-27 12:02:12","UNDERHILL","day",35,181,NA,NA,NA,NA,NA,NA,-72.3296117,42.4436317,NA,"receiver",NA,NA
"2024-08-27 12:03:52","UNDERHILL","day",35,182,NA,NA,NA,NA,NA,NA,-72.3295933,42.4436717,NA,"receiver",NA,NA
"2024-08-27 12:04:12","UNDERHILL","day",35,177,NA,NA,NA,NA,NA,NA,-72.32964,42.4436867,NA,"receiver",NA,NA
"2024-08-27 12:04:32","UNDERHILL","day",35,157,NA,NA,NA,NA,NA,NA,-72.329645,42.443705,NA,"receiver",NA,NA
"2024-08-27 12:05:12","UNDERHILL","day",35,162,NA,NA,NA,NA,NA,NA,-72.3296883,42.44366,NA,"receiver",NA,NA
"2024-08-27 12:05:32","UNDERHILL","day",35,196,NA,NA,NA,NA,NA,NA,-72.3296667,42.4436483,NA,"receiver",NA,NA
"2024-08-27 12:05:52","UNDERHILL","day",35,203,NA,NA,NA,NA,NA,NA,-72.3296533,42.44364,NA,"receiver",NA,NA
"2024-08-27 12:06:12","UNDERHILL","day",35,134,NA,NA,NA,NA,NA,NA,-72.3296517,42.4436383,NA,"receiver",NA,NA
"2024-08-27 12:06:32","UNDERHILL","day",35,179,NA,NA,NA,NA,NA,NA,-72.329605,42.4436483,NA,"receiver",NA,NA
"2024-08-27 12:06:52","UNDERHILL","day",35,195,NA,NA,NA,NA,NA,NA,-72.3296267,42.44367,NA,"receiver",NA,NA
"2024-08-27 12:07:12","UNDERHILL","day",35,180,NA,NA,NA,NA,NA,NA,-72.3296567,42.4436833,NA,"receiver",NA,NA
"2024-08-27 12:07:32","UNDERHILL","day",35,185,NA,NA,NA,NA,NA,NA,-72.3296747,42.44368,NA,"receiver",NA,NA
"2024-08-27 12:07:52","UNDERHILL","day",35,177,NA,NA,NA,NA,NA,NA,-72.3296533,42.443695,NA,"receiver",NA,NA
"2024-08-27 12:08:12","UNDERHILL","day",35,176,NA,NA,NA,NA,NA,NA,-72.3297647,42.4436483,NA,"receiver",NA,NA
"2024-08-27 12:08:32","UNDERHILL","day",35,189,NA,NA,NA,NA,NA,NA,-72.3297364,42.4436433,NA,"receiver",NA,NA
"2024-08-27 12:08:52","UNDERHILL","day",35,185,NA,NA,NA,NA,NA,NA,-72.3297081,42.44363,NA,"receiver",NA,NA
"2024-08-27 12:09:12","UNDERHILL","day",35,170,NA,NA,NA,NA,NA,NA,-72.3296783,42.4436567,NA,"receiver",NA,NA
"2024-08-27 12:09:32","UNDERHILL","day",35,173,NA,NA,NA,NA,NA,NA,-72.3296817,42.4436533,NA,"receiver",NA,NA
"2024-08-27 12:10:12","UNDERHILL","day",35,199,NA,NA,NA,NA,NA,NA,-72.3296817,42.4435817,NA,"receiver",NA,NA
"2024-08-27 12:10:32","UNDERHILL","day",35,188,NA,NA,NA,NA,NA,NA,-72.32974,42.443535,NA,"receiver",NA,NA
"2024-08-27 12:10:52","UNDERHILL","day",35,179,NA,NA,NA,NA,NA,NA,-72.3297183,42.4435317,NA,"receiver",NA,NA
"2024-08-27 12:11:12","UNDERHILL","day",35,190,NA,NA,NA,NA,NA,NA,-72.3297117,42.4435333,NA,"receiver",NA,NA
"2024-08-27 12:11:32","UNDERHILL","day",35,183,NA,NA,NA,NA,NA,NA,-72.3296517,42.4435983,NA,"receiver",NA,NA
"2024-08-27 12:11:52","UNDERHILL","day",35,156,NA,NA,NA,NA,NA,NA,-72.3296367,42.4435833,NA,"receiver",NA,NA
"2024-08-27 12:12:12","UNDERHILL","day",35,192,NA,NA,NA,NA,NA,NA,-72.3296014,42.4435833,NA,"receiver",NA,NA
"2024-08-27 12:12:32","UNDERHILL","day",35,173,NA,NA,NA,NA,NA,NA,-72.3295964,42.4436167,NA,"receiver",NA,NA
"2024-08-27 12:12:52","UNDERHILL","day",35,198,NA,NA,NA,NA,NA,NA,-72.3295281,42.44365,NA,"receiver",NA,NA
"2024-08-27 12:13:12","UNDERHILL","day",35,194,NA,NA,NA,NA,NA,NA,-72.3294817,42.4436567,NA,"receiver",NA,NA
"2024-08-27 12:13:32","UNDERHILL","day",35,189,NA,NA,NA,NA,NA,NA,-72.3294183,42.443695,NA,"receiver",NA,NA
"2024-08-27 12:13:52","UNDERHILL","day",35,190,NA,NA,NA,NA,NA,NA,-72.3292833,42.4437683,NA,"receiver",NA,NA
"2024-08-27 12:14:12","UNDERHILL","day",35,202,NA,NA,NA,NA,NA,NA,-72.3293117,42.4437817,NA,"receiver",NA,NA
"2024-08-27 12:14:32","UNDERHILL","day",35,204,NA,NA,NA,NA,NA,NA,-72.329425,42.4437567,NA,"receiver",NA,NA
"2024-08-27 12:14:52","UNDERHILL","day",35,207,NA,NA,NA,NA,NA,NA,-72.3294317,42.4437433,NA,"receiver",NA,NA
"2024-08-27 12:15:12","UNDERHILL","day",35,179,NA,NA,NA,NA,NA,NA,-72.3294547,42.4436867,NA,"receiver",NA,NA
"2024-08-27 12:15:32","UNDERHILL","day",35,179,NA,NA,NA,NA,NA,NA,-72.3294517,42.44368,NA,"receiver",NA,NA
"2024-08-27 12:15:52","UNDERHILL","day",35,163,NA,NA,NA,NA,NA,NA,-72.3294533,42.4436867,NA,"receiver",NA,NA
"2024-08-27 12:16:12","UNDERHILL","day",35,200,NA,NA,NA,NA,NA,NA,-72.3294331,42.44366,NA,"receiver",NA,NA
"2024-08-27 12:16:32","UNDERHILL","day",35,172,NA,NA,NA,NA,NA,NA,-72.3294583,42.4436733,NA,"receiver",NA,NA
"2024-08-27 12:17:12","UNDERHILL","day",35,204,NA,NA,NA,NA,NA,NA,-72.3294933,42.4437217,NA,"receiver",NA,NA
"2024-08-27 12:17:32","UNDERHILL","day",35,206,NA,NA,NA,NA,NA,NA,-72.3294947,42.443725,NA,"receiver",NA,NA
"2024-08-27 12:18:12","UNDERHILL","day",35,208,NA,NA,NA,NA,NA,NA,-72.3295617,42.443705,NA,"receiver",NA,NA
"2024-08-27 12:18:32","UNDERHILL","day",35,166,NA,NA,NA,NA,NA,NA,-72.329425,42.4437133,NA,"receiver",NA,NA
"2024-08-27 12:26:53","UNDERHILL","day",35,177,NA,NA,NA,NA,NA,NA,-72.32956,42.443405,NA,"receiver",NA,NA
"2024-08-27 12:27:12","UNDERHILL","day",35,187,NA,NA,NA,NA,NA,NA,-72.3295533,42.4436767,NA,"receiver",NA,NA
"2024-08-27 12:27:32","UNDERHILL","day",35,183,NA,NA,NA,NA,NA,NA,-72.3295167,42.44369,NA,"receiver",NA,NA
"2024-08-27 12:27:52","UNDERHILL","day",35,170,NA,NA,NA,NA,NA,NA,-72.3295783,42.4437167,NA,"receiver",NA,NA
