"date","trackedTime_EST","river","shift","radioID","power","status","habitat","habitatExtra","position","substrate","substrateExtra","shade","lon","lat","fishNotes","source","ftDischarge_cfs","ftTime_EST","airTemp_F","cloud","precip","startTime_EST","endTime_EST","isoID","streamNotes","isoTime_EST","downstreamGPS","downstreamGain","upstreamGPS","upstreamGain"
"2024-06-17","2024-06-17 11:33:00","DICKEY","day",31,NA,"","Pool","","Center","Rock",NA,"Mostly shaded",-72.3708445,42.443939,"","iPad",1.17,"2024-06-17 12:35:22",79,"Partly cloudy/partly sunny","No rain","11:26","17:00","DCKY202406171330EST",NA,"13:30",NA,NA,NA,NA
"2024-06-17","2024-06-17 11:57:00","DICKEY","day",46,NA,"","Run","","Right","Pebble",NA,"Lightly shaded",-72.37173233,42.444212,"","iPad",1.17,"2024-06-17 12:35:22",79,"Partly cloudy/partly sunny","No rain","11:26","17:00","DCKY202406171330EST",NA,"13:30",NA,NA,NA,NA
"2024-06-17","2024-06-17 11:59:00","DICKEY","day",29,NA,"","Riffle","Woody_debris","Left","Rock",NA,"Fully shaded",-72.37193517,42.44430117,"","iPad",1.17,"2024-06-17 12:35:22",79,"Partly cloudy/partly sunny","No rain","11:26","17:00","DCKY202406171330EST",NA,"13:30",NA,NA,NA,NA
"2024-06-17","2024-06-17 12:10:00","DICKEY","day",26,NA,"","Run","Undercut_bank","Right","Rock",NA,"Lightly shaded",-72.37344183,42.4442065,"","iPad",1.17,"2024-06-17 12:35:22",79,"Partly cloudy/partly sunny","No rain","11:26","17:00","DCKY202406171330EST",NA,"13:30",NA,NA,NA,NA
"2024-06-17","2024-06-17 12:47:00","DICKEY","day",28,NA,"","Pool","","Left","Boulder",NA,"Mostly shaded",-72.37039933,42.4436865,"","iPad",1.17,"2024-06-17 12:35:22",79,"Partly cloudy/partly sunny","No rain","11:26","17:00","DCKY202406171330EST",NA,"13:30",NA,NA,NA,NA
"2024-06-17","2024-06-17 12:49:00","DICKEY","day",37,NA,"","Pool","","Right","Rock",NA,"Mostly shaded",-72.37037567,42.443771,"","iPad",1.17,"2024-06-17 12:35:22",79,"Partly cloudy/partly sunny","No rain","11:26","17:00","DCKY202406171330EST",NA,"13:30",NA,NA,NA,NA
"2024-06-17","2024-06-17 12:59:00","DICKEY","day",38,NA,"","Pool","Root_bundle","Left","Mud",NA,"Mostly shaded",-72.36996367,42.44307367,"","iPad",1.17,"2024-06-17 12:35:22",79,"Partly cloudy/partly sunny","No rain","11:26","17:00","DCKY202406171330EST",NA,"13:30",NA,NA,NA,NA
"2024-06-17","2024-06-17 13:25:00","DICKEY","day",46,NA,"","Run","","Right","Rock",NA,"Mostly shaded",-72.371888,42.44424333,"At the end of the culvert.","iPad",1.17,"2024-06-17 12:35:22",79,"Partly cloudy/partly sunny","No rain","11:26","17:00","DCKY202406171330EST",NA,"13:30",NA,NA,NA,NA
"2024-06-17","2024-06-17 13:28:00","DICKEY","day",29,NA,"","Riffle","","Left","Rock",NA,"Mostly shaded",-72.371972,42.444349,"","iPad",1.17,"2024-06-17 12:35:22",79,"Partly cloudy/partly sunny","No rain","11:26","17:00","DCKY202406171330EST",NA,"13:30",NA,NA,NA,NA
"2024-06-17","2024-06-17 13:47:00","DICKEY","day",31,NA,"","Pool","","Center","Pebble",NA,"Mostly shaded",-72.37078533,42.4440175,"","iPad",1.17,"2024-06-17 12:35:22",79,"Partly cloudy/partly sunny","No rain","11:26","17:00","DCKY202406171330EST",NA,"13:30",NA,NA,NA,NA
"2024-06-17","2024-06-17 13:51:00","DICKEY","day",28,NA,"","Pool","","Center","Rock",NA,"Mostly shaded",-72.37037783,42.4434695,"","iPad",1.17,"2024-06-17 12:35:22",79,"Partly cloudy/partly sunny","No rain","11:26","17:00","DCKY202406171330EST",NA,"13:30",NA,NA,NA,NA
"2024-06-17","2024-06-17 13:53:00","DICKEY","day",37,NA,"","Run","","Right","Rock",NA,"Mostly shaded",-72.37027017,42.44349733,"","iPad",1.17,"2024-06-17 12:35:22",79,"Partly cloudy/partly sunny","No rain","11:26","17:00","DCKY202406171330EST",NA,"13:30",NA,NA,NA,NA
"2024-06-17","2024-06-17 14:03:00","DICKEY","day",38,NA,"","Pool","","Center","Boulder",NA,"Mostly shaded",-72.37004883,42.44290667,"","iPad",1.17,"2024-06-17 12:35:22",79,"Partly cloudy/partly sunny","No rain","11:26","17:00","DCKY202406171330EST",NA,"13:30",NA,NA,NA,NA
"2024-06-17","2024-06-17 14:25:00","DICKEY","day",32,180,"","Pool","","Center","Rock",NA,"Mostly shaded",-72.36771017,42.44094967,"Pool below upper culvert.","iPad",1.17,"2024-06-17 12:35:22",79,"Partly cloudy/partly sunny","No rain","11:26","17:00","DCKY202406171330EST",NA,"13:30",NA,NA,NA,NA
"2024-06-17","2024-06-17 14:50:00","DICKEY","day",46,NA,"","Pool","Woody_debris","Center","Sand",NA,"Lightly shaded",-72.37164633,42.4442465,"","iPad",1.17,"2024-06-17 12:35:22",79,"Partly cloudy/partly sunny","No rain","11:26","17:00","DCKY202406171330EST",NA,"13:30",NA,NA,NA,NA
"2024-06-17","2024-06-17 14:57:00","DICKEY","day",29,NA,"","Pool","Undercut_bank","Left","Mud",NA,"Fully shaded",-72.37204483,42.4442255,"","iPad",1.17,"2024-06-17 12:35:22",79,"Partly cloudy/partly sunny","No rain","11:26","17:00","DCKY202406171330EST",NA,"13:30",NA,NA,NA,NA
"2024-06-17","2024-06-17 15:08:00","DICKEY","day",26,NA,"","Run","","Right","Rock",NA,"Mostly shaded",-72.373516,42.4442035,"","iPad",1.17,"2024-06-17 12:35:22",79,"Partly cloudy/partly sunny","No rain","11:26","17:00","DCKY202406171330EST",NA,"13:30",NA,NA,NA,NA
"2024-06-17","2024-06-17 15:18:00","DICKEY","day",31,NA,"","Pool","","Center","Rock",NA,"Mostly shaded",-72.37085867,42.4439825,"","iPad",1.17,"2024-06-17 12:35:22",79,"Partly cloudy/partly sunny","No rain","11:26","17:00","DCKY202406171330EST",NA,"13:30",NA,NA,NA,NA
"2024-06-17","2024-06-17 15:21:00","DICKEY","day",37,NA,"","Pool","","Center","Boulder",NA,"Mostly shaded",-72.37040733,42.44355667,"","iPad",1.17,"2024-06-17 12:35:22",79,"Partly cloudy/partly sunny","No rain","11:26","17:00","DCKY202406171330EST",NA,"13:30",NA,NA,NA,NA
"2024-06-17","2024-06-17 15:22:00","DICKEY","day",28,NA,"","Run","","Center","Boulder",NA,"Mostly shaded",-72.37043283,42.44356767,"","iPad",1.17,"2024-06-17 12:35:22",79,"Partly cloudy/partly sunny","No rain","11:26","17:00","DCKY202406171330EST",NA,"13:30",NA,NA,NA,NA
"2024-06-17","2024-06-17 15:25:00","DICKEY","day",38,NA,"","Pool","Undercut_bank,Root_bundle","Left","Sand",NA,"Mostly shaded",-72.370055,42.44290733,"","iPad",1.17,"2024-06-17 12:35:22",79,"Partly cloudy/partly sunny","No rain","11:26","17:00","DCKY202406171330EST",NA,"13:30",NA,NA,NA,NA
"2024-06-17","2024-06-17 15:37:00","DICKEY","day",32,NA,"","Pool","","Left","Boulder",NA,"Mostly shaded",-72.36775217,42.44094717,"","iPad",1.17,"2024-06-17 12:35:22",79,"Partly cloudy/partly sunny","No rain","11:26","17:00","DCKY202406171330EST",NA,"13:30",NA,NA,NA,NA
"2024-06-17","2024-06-17 15:49:00","DICKEY","day",46,NA,"","Pool","Woody_debris","Center","Sand",NA,"Lightly shaded",-72.37169617,42.444275,"","iPad",1.17,"2024-06-17 12:35:22",79,"Partly cloudy/partly sunny","No rain","11:26","17:00","DCKY202406171330EST",NA,"13:30",NA,NA,NA,NA
"2024-06-17","2024-06-17 15:51:00","DICKEY","day",29,NA,"OUT OF FISH","Pool","Undercut_bank","Left","Rock",NA,"Fully shaded",-72.37202783,42.4443445,"","iPad",1.17,"2024-06-17 12:35:22",79,"Partly cloudy/partly sunny","No rain","11:26","17:00","DCKY202406171330EST",NA,"13:30",NA,NA,NA,NA
"2024-06-17","2024-06-17 16:58:00","DICKEY","day",32,NA,"","Pool","","Center","Rock",NA,"Mostly shaded",-72.367758,42.44094567,"","iPad",1.17,"2024-06-17 12:35:22",79,"Partly cloudy/partly sunny","No rain","11:26","17:00","DCKY202406171330EST",NA,"13:30",NA,NA,NA,NA
"2024-06-17","2024-06-17 23:47:00","DICKEY","night",46,NA,"","Run","","Center","Pebble",NA,"Night",-72.37171967,42.44424133,"","iPad",1.49,"2024-06-18 02:35:29",65,"Clear","No rain","23:45","04:55","DCKY202406180137EST",NA,"01:37",NA,NA,NA,NA
"2024-06-18","2024-06-18 00:01:00","DICKEY","night",29,NA,"OUT OF FISH","Pool","Woody_debris","Left","Sand",NA,"Night",-72.37211567,42.44435567,"Dead","iPad",1.49,"2024-06-18 02:35:29",NA,NA,NA,NA,NA,NA,NA,NA,NA,NA,NA,NA
"2024-06-18","2024-06-18 01:02:00","DICKEY","night",26,NA,"","Riffle","","Left","Rock",NA,"Night",-72.37344517,42.44418117,"","iPad",1.49,"2024-06-18 02:35:29",NA,NA,NA,NA,NA,NA,NA,NA,NA,NA,NA,NA
"2024-06-18","2024-06-18 01:35:00","DICKEY","night",31,NA,"","Run","","Center","Rock",NA,"Night",-72.37075917,42.44386,"","iPad",1.49,"2024-06-18 02:35:29",NA,NA,NA,NA,NA,NA,NA,NA,NA,NA,NA,NA
"2024-06-18","2024-06-18 01:42:00","DICKEY","night",28,NA,"","Run","","Left","Rock",NA,"Night",-72.3702815,42.44360967,"","iPad",1.49,"2024-06-18 02:35:29",NA,NA,NA,NA,NA,NA,NA,NA,NA,NA,NA,NA
"2024-06-18","2024-06-18 01:49:00","DICKEY","night",37,NA,"","Pool","","Left","Mud",NA,"Night",-72.370606,42.443777,"","iPad",1.49,"2024-06-18 02:35:29",NA,NA,NA,NA,NA,NA,NA,NA,NA,NA,NA,NA
"2024-06-18","2024-06-18 02:08:00","DICKEY","night",37,NA,"","Run","","Center","Mud",NA,"",-72.3706915,42.44386167,"","iPad",1.49,"2024-06-18 02:35:29",NA,NA,NA,NA,NA,NA,NA,NA,NA,NA,NA,NA
"2024-06-18","2024-06-18 02:16:00","DICKEY","night",31,NA,"","Riffle","","Center","Rock",NA,"Night",-72.371054,42.44378233,"","iPad",1.49,"2024-06-18 02:35:29",NA,NA,NA,NA,NA,NA,NA,NA,NA,NA,NA,NA
"2024-06-18","2024-06-18 02:29:00","DICKEY","night",38,NA,"","Riffle","Root_bundle","Center","Rock",NA,"Night",-72.37021067,42.443014,"","iPad",1.49,"2024-06-18 02:35:29",NA,NA,NA,NA,NA,NA,NA,NA,NA,NA,NA,NA
"2024-06-18","2024-06-18 02:37:00","DICKEY","night",38,NA,"","Run","","Center","Rock",NA,"Night",-72.37025483,42.44302167,"","iPad",1.49,"2024-06-18 02:35:29",NA,NA,NA,NA,NA,NA,NA,NA,NA,NA,NA,NA
"2024-06-18","2024-06-18 02:42:00","DICKEY","night",28,NA,"","Run","","Right","Rock",NA,"Night",-72.37053733,42.443721,"","iPad",1.49,"2024-06-18 02:35:29",NA,NA,NA,NA,NA,NA,NA,NA,NA,NA,NA,NA
"2024-06-18","2024-06-18 02:46:00","DICKEY","night",37,NA,"","Run","","Center","Rock",NA,"Night",-72.37056483,42.44378117,"","iPad",1.49,"2024-06-18 02:35:29",NA,NA,NA,NA,NA,NA,NA,NA,NA,NA,NA,NA
"2024-06-18","2024-06-18 02:59:00","DICKEY","night",46,NA,"","Run","","Left","Pebble",NA,"Night",-72.37182117,42.44437083,"","iPad",1.49,"2024-06-18 02:35:29",NA,NA,NA,NA,NA,NA,NA,NA,NA,NA,NA,NA
"2024-06-18","2024-06-18 03:04:00","DICKEY","night",29,NA,"OUT OF FISH","Pool","Woody_debris","Left","Sand",NA,"Night",-72.37200433,42.4443735,"Dead","iPad",1.49,"2024-06-18 02:35:29",NA,NA,NA,NA,NA,NA,NA,NA,NA,NA,NA,NA
"2024-06-18","2024-06-18 03:37:00","DICKEY","night",31,NA,"","Riffle","","Center","Rock",NA,"Night",-72.37075467,42.4438445,"","iPad",1.49,"2024-06-18 02:35:29",NA,NA,NA,NA,NA,NA,NA,NA,NA,NA,NA,NA
"2024-06-18","2024-06-18 03:44:00","DICKEY","night",28,NA,"","Riffle","","Center","Rock",NA,"Night",-72.37030917,42.44356767,"","iPad",1.49,"2024-06-18 02:35:29",NA,NA,NA,NA,NA,NA,NA,NA,NA,NA,NA,NA
"2024-06-18","2024-06-18 03:45:00","DICKEY","night",37,NA,"","Glide","","Left","Rock",NA,"Night",-72.37036817,42.44359167,"","iPad",1.49,"2024-06-18 02:35:29",NA,NA,NA,NA,NA,NA,NA,NA,NA,NA,NA,NA
"2024-06-18","2024-06-18 03:58:00","DICKEY","night",38,NA,"","Pool","","Center","Rock",NA,"Night",-72.36997167,42.4430505,"","iPad",1.49,"2024-06-18 02:35:29",NA,NA,NA,NA,NA,NA,NA,NA,NA,NA,NA,NA
"2024-06-18","2024-06-18 04:28:00","DICKEY","night",26,NA,"","Run","","Center","Pebble",NA,"Lightly shaded",-72.37348917,42.444228,"","iPad",1.49,"2024-06-18 02:35:29",NA,NA,NA,NA,NA,NA,NA,NA,NA,NA,NA,NA
"2024-06-18","2024-06-18 04:52:00","DICKEY","night",46,NA,"","Run","","Center","Pebble",NA,"Lightly shaded",-72.3718385,42.44424267,"Murky bits","iPad",1.49,"2024-06-18 02:35:29",NA,NA,NA,NA,NA,NA,NA,NA,NA,NA,NA,NA
"2024-06-18","2024-06-18 11:18:00","AMETHYST","day",59,NA,"","Riffle","","Center","Boulder",NA,"Lightly shaded",-72.460529,42.38137333,"","iPad",1.69,"2024-06-18",87,"Clear","No rain","11:18","17:00","AMTH202406181622EST",NA,"16:22",NA,NA,NA,NA
"2024-06-18","2024-06-18 11:39:00","AMETHYST","day",19,NA,"","Run","","Center","Boulder",NA,"Mostly shaded",-72.4604585,42.38138267,"","iPad",1.69,"2024-06-18",87,"Clear","No rain","11:18","17:00","AMTH202406181622EST",NA,"16:22",NA,NA,NA,NA
"2024-06-18","2024-06-18 12:02:00","AMETHYST","day",56,NA,"","Pool","","Center","Rock",NA,"Mostly shaded",-72.4607595,42.38133617,"Fish moving around the pool between mostly shaded part and non shaded part.","iPad",1.69,"2024-06-18",87,"Clear","No rain","11:18","17:00","AMTH202406181622EST",NA,"16:22",NA,NA,NA,NA
"2024-06-18","2024-06-18 12:40:00","AMETHYST","day",61,NA,"","Pool","","Right","Pebble",NA,"Mostly shaded",-72.46318417,42.37940683,"","iPad",1.69,"2024-06-18",87,"Clear","No rain","11:18","17:00","AMTH202406181622EST",NA,"16:22",NA,NA,NA,NA
"2024-06-18","2024-06-18 12:54:00","HARRIS","day",20,NA,"","Glide","","Right","Rock",NA,"Mostly shaded",-72.460408,42.381272,"","iPad",1.2,"2024-06-18 14:57:52",87,"Clear","No rain","11:18","17:00","AMTH202406181622EST",NA,"16:22",NA,NA,NA,NA
"2024-06-18","2024-06-18 13:18:00","BUFFAM","day",18,NA,"","Pool","","Center","Rock",NA,"Mostly shaded",-72.45971167,42.38125633,"","iPad",0.49,"2024-06-18 16:48:45",87,"Clear","No rain","11:18","17:00","AMTH202406181622EST",NA,"16:22",NA,NA,NA,NA
"2024-06-18","2024-06-18 13:19:00","BUFFAM","day",62,NA,"","Riffle","","Right","Rock",NA,"Lightly shaded",-72.459594,42.38125133,"","iPad",0.49,"2024-06-18 16:48:45",87,"Clear","No rain","11:18","17:00","AMTH202406181622EST",NA,"16:22",NA,NA,NA,NA
"2024-06-18","2024-06-18 13:21:00","BUFFAM","day",57,NA,"","Pool","","Right","Rock",NA,"Lightly shaded",-72.45959717,42.381179,"","iPad",0.49,"2024-06-18 16:48:45",87,"Clear","No rain","11:18","17:00","AMTH202406181622EST",NA,"16:22",NA,NA,NA,NA
"2024-06-18","2024-06-18 13:23:00","BUFFAM","day",11,NA,"","Pool","","Center","Rock",NA,"Lightly shaded",-72.4596565,42.38128217,"","iPad",0.49,"2024-06-18 16:48:45",87,"Clear","No rain","11:18","17:00","AMTH202406181622EST",NA,"16:22",NA,NA,NA,NA
"2024-06-18","2024-06-18 13:28:00","BUFFAM","day",14,NA,"","Riffle","","Right","Rock",NA,"Fully shaded",-72.4599275,42.38138,"","iPad",0.49,"2024-06-18 16:48:45",87,"Clear","No rain","11:18","17:00","AMTH202406181622EST",NA,"16:22",NA,NA,NA,NA
"2024-06-18","2024-06-18 13:30:00","BUFFAM","day",13,NA,"","Pool","Undercut_bank","Left","Mud",NA,"Fully shaded",-72.46015933,42.381294,"","iPad",0.49,"2024-06-18 16:48:45",87,"Clear","No rain","11:18","17:00","AMTH202406181622EST",NA,"16:22",NA,NA,NA,NA
"2024-06-18","2024-06-18 13:53:00","AMETHYST","day",61,NA,"","Pool","","Right","Rock",NA,"Mostly shaded",-72.463157,42.379568,"","iPad",1.69,"2024-06-18",87,"Clear","No rain","11:18","17:00","AMTH202406181622EST",NA,"16:22",NA,NA,NA,NA
"2024-06-18","2024-06-18 14:03:00","AMETHYST","day",56,NA,"","Pool","","Center","Rock",NA,"Mostly shaded",-72.4608175,42.38161683,"","iPad",1.69,"2024-06-18",87,"Clear","No rain","11:18","17:00","AMTH202406181622EST",NA,"16:22",NA,NA,NA,NA
"2024-06-18","2024-06-18 14:06:00","AMETHYST","day",19,NA,"","Run","","Center","Rock",NA,"Mostly shaded",-72.4603475,42.38139967,"","iPad",1.69,"2024-06-18",87,"Clear","No rain","11:18","17:00","AMTH202406181622EST",NA,"16:22",NA,NA,NA,NA
"2024-06-18","2024-06-18 14:09:00","AMETHYST","day",59,NA,"","Glide","","Right","Rock",NA,"Lightly shaded",-72.460155,42.38133217,"","iPad",1.69,"2024-06-18",87,"Clear","No rain","11:18","17:00","AMTH202406181622EST",NA,"16:22",NA,NA,NA,NA
"2024-06-18","2024-06-18 14:12:00","HARRIS","day",20,NA,"","Pool","","Right","Rock",NA,"Fully shaded",-72.46037967,42.38113583,"Has not moved at all.
","iPad",1.2,"2024-06-18 14:57:52",87,"Clear","No rain","11:18","17:00","AMTH202406181622EST",NA,"16:22",NA,NA,NA,NA
"2024-06-18","2024-06-18 14:31:00","BUFFAM","day",60,NA,"","Pool","","Right","Rock",NA,"Fully shaded",-72.45903933,42.381637,"Climbed up waterfall in Buffom, went very high up and went under a rock.","iPad",0.49,"2024-06-18 16:48:45",87,"Clear","No rain","11:18","17:00","AMTH202406181622EST",NA,"16:22",NA,NA,NA,NA
"2024-06-18","2024-06-18 14:41:00","BUFFAM","day",11,NA,"","Pool","","Center","Boulder",NA,"Lightly shaded",-72.45975217,42.38108583,"","iPad",0.49,"2024-06-18 16:48:45",87,"Clear","No rain","11:18","17:00","AMTH202406181622EST",NA,"16:22",NA,NA,NA,NA
"2024-06-18","2024-06-18 14:41:00","BUFFAM","day",57,NA,"","Pool","","Center","Boulder",NA,"Mostly shaded",-72.45972867,42.3810865,"","iPad",0.49,"2024-06-18 16:48:45",87,"Clear","No rain","11:18","17:00","AMTH202406181622EST",NA,"16:22",NA,NA,NA,NA
"2024-06-18","2024-06-18 14:41:00","BUFFAM","day",18,NA,"","Pool","","Center","Boulder",NA,"Mostly shaded",-72.45976083,42.381118,"","iPad",0.49,"2024-06-18 16:48:45",87,"Clear","No rain","11:18","17:00","AMTH202406181622EST",NA,"16:22",NA,NA,NA,NA
"2024-06-18","2024-06-18 14:43:00","BUFFAM","day",62,NA,"","Run","","Center","Rock",NA,"Lightly shaded",-72.459643,42.381093,"Right at the bottom of the waterfall.","iPad",0.49,"2024-06-18 16:48:45",87,"Clear","No rain","11:18","17:00","AMTH202406181622EST",NA,"16:22",NA,NA,NA,NA
"2024-06-18","2024-06-18 14:49:00","BUFFAM","day",14,NA,"","Riffle","","Right","Rock",NA,"Lightly shaded",-72.459967,42.381346,"","iPad",0.49,"2024-06-18 16:48:45",87,"Clear","No rain","11:18","17:00","AMTH202406181622EST",NA,"16:22",NA,NA,NA,NA
"2024-06-18","2024-06-18 14:52:00","BUFFAM","day",13,NA,"","Glide","","Left","Sand",NA,"Fully shaded",-72.4603415,42.3812715,"","iPad",0.49,"2024-06-18 16:48:45",87,"Clear","No rain","11:18","17:00","AMTH202406181622EST",NA,"16:22",NA,NA,NA,NA
"2024-06-18","2024-06-18 15:02:00","AMETHYST","day",61,NA,"","Pool","","Right","Pebble",NA,"Mostly shaded",-72.46349417,42.37963617,"","iPad",1.69,"2024-06-18",87,"Clear","No rain","11:18","17:00","AMTH202406181622EST",NA,"16:22",NA,NA,NA,NA
"2024-06-18","2024-06-18 15:13:00","AMETHYST","day",56,NA,"","Pool","","Right","Rock",NA,"Mostly shaded",-72.46027517,42.38100117,"","iPad",1.69,"2024-06-18",87,"Clear","No rain","11:18","17:00","AMTH202406181622EST",NA,"16:22",NA,NA,NA,NA
"2024-06-18","2024-06-18 15:20:00","AMETHYST","day",19,NA,"","Pool","","Left","Boulder",NA,"Mostly shaded",-72.46045433,42.38150583,"","iPad",1.69,"2024-06-18",87,"Clear","No rain","11:18","17:00","AMTH202406181622EST",NA,"16:22",NA,NA,NA,NA
"2024-06-18","2024-06-18 15:22:00","AMETHYST","day",59,NA,"","Riffle","","Right","Rock",NA,"Lightly shaded",-72.4604625,42.38140917,"","iPad",1.69,"2024-06-18",87,"Clear","No rain","11:18","17:00","AMTH202406181622EST",NA,"16:22",NA,NA,NA,NA
"2024-06-18","2024-06-18 15:25:00","HARRIS","day",20,NA,"","Pool","","Right","Rock",NA,"Mostly shaded",-72.46034217,42.3812775,"","iPad",1.2,"2024-06-18 14:57:52",87,"Clear","No rain","11:18","17:00","AMTH202406181622EST",NA,"16:22",NA,NA,NA,NA
"2024-06-18","2024-06-18 15:33:00","BUFFAM","day",60,NA,"","Pool","","Right","Boulder",NA,"Mostly shaded",-72.45905317,42.381559,"","iPad",0.49,"2024-06-18 16:48:45",87,"Clear","No rain","11:18","17:00","AMTH202406181622EST",NA,"16:22",NA,NA,NA,NA
"2024-06-18","2024-06-18 15:53:00","BUFFAM","day",18,NA,"","Pool","","Center","Rock",NA,"Mostly shaded",-72.45968433,42.38115233,"","iPad",0.49,"2024-06-18 16:48:45",87,"Clear","No rain","11:18","17:00","AMTH202406181622EST",NA,"16:22",NA,NA,NA,NA
"2024-06-18","2024-06-18 15:53:00","BUFFAM","day",11,NA,"","Pool","","Center","Rock",NA,"Mostly shaded",-72.45965,42.38109833,"","iPad",0.49,"2024-06-18 16:48:45",87,"Clear","No rain","11:18","17:00","AMTH202406181622EST",NA,"16:22",NA,NA,NA,NA
"2024-06-18","2024-06-18 15:53:00","BUFFAM","day",57,NA,"","Pool","","Center","Rock",NA,"Mostly shaded",-72.459611,42.3811045,"","iPad",0.49,"2024-06-18 16:48:45",87,"Clear","No rain","11:18","17:00","AMTH202406181622EST",NA,"16:22",NA,NA,NA,NA
"2024-06-18","2024-06-18 15:55:00","BUFFAM","day",62,NA,"","Run","","Right","Rock",NA,"Lightly shaded",-72.4595625,42.381055,"","iPad",0.49,"2024-06-18 16:48:45",87,"Clear","No rain","11:18","17:00","AMTH202406181622EST",NA,"16:22",NA,NA,NA,NA
"2024-06-18","2024-06-18 16:01:00","BUFFAM","day",13,NA,"","Pool","Undercut_bank","Left","Boulder",NA,"Fully shaded",-72.46019567,42.381406,"","iPad",0.49,"2024-06-18 16:48:45",87,"Clear","No rain","11:18","17:00","AMTH202406181622EST",NA,"16:22",NA,NA,NA,NA
"2024-06-18","2024-06-18 16:35:00","AMETHYST","day",61,NA,"","Pool","","Right","Pebble",NA,"Fully shaded",-72.463285,42.379503,"","iPad",1.69,"2024-06-18",87,"Clear","No rain","11:18","17:00","AMTH202406181622EST",NA,"16:22",NA,NA,NA,NA
"2024-06-18","2024-06-18 16:45:00","HARRIS","day",20,NA,"","Pool","","Center","Boulder",NA,"Mostly shaded",-72.46036533,42.38125067,"","iPad",1.2,"2024-06-18 14:57:52",87,"Clear","No rain","11:18","17:00","AMTH202406181622EST",NA,"16:22",NA,NA,NA,NA
"2024-06-18","2024-06-18 23:41:00","AMETHYST","night",19,NA,"","Riffle","","Left","Rock",NA,"Night",-72.460348,42.38160433,"","iPad",2.05,"2024-06-19",70,"Clear","No rain","23:40","04:33","AMTH202406182348EST",NA,"23:48",NA,NA,NA,NA
"2024-06-19","2024-06-19 00:15:00","AMETHYST","night",59,189,"","Riffle","","Center","Rock",NA,"Night",-72.4603245,42.381543,"Moving thought I saw a higher signal 194","iPad",2.05,"2024-06-19",NA,NA,NA,NA,NA,NA,NA,NA,NA,NA,NA,NA
"2024-06-19","2024-06-19 00:20:00","BUFFAM","night",13,NA,"","Run","","Left","Rock",NA,"Night",-72.46009567,42.38129533,"","iPad",0.6,"2024-06-19 02:07:27",NA,NA,NA,NA,NA,NA,NA,NA,NA,NA,NA,NA
"2024-06-19","2024-06-19 00:30:00","BUFFAM","night",14,NA,"","Run","","Center","Rock",NA,"Night",-72.45987783,42.38112333,"","iPad",0.6,"2024-06-19 02:07:27",NA,NA,NA,NA,NA,NA,NA,NA,NA,NA,NA,NA
"2024-06-19","2024-06-19 00:38:00","BUFFAM","night",18,NA,"","Riffle","","Center","Rock",NA,"",-72.45978317,42.38115033,"","iPad",0.6,"2024-06-19 02:07:27",NA,NA,NA,NA,NA,NA,NA,NA,NA,NA,NA,NA
"2024-06-19","2024-06-19 00:42:00","BUFFAM","night",57,NA,"","Pool","","Center","Sand",NA,"Night",-72.459834,42.3811825,"","iPad",0.6,"2024-06-19 02:07:27",NA,NA,NA,NA,NA,NA,NA,NA,NA,NA,NA,NA
"2024-06-19","2024-06-19 00:45:00","BUFFAM","night",11,NA,"","Pool","","Center","Sand",NA,"Night",-72.46000067,42.3811105,"","iPad",0.6,"2024-06-19 02:07:27",NA,NA,NA,NA,NA,NA,NA,NA,NA,NA,NA,NA
"2024-06-19","2024-06-19 00:47:00","BUFFAM","night",62,NA,"","Pool","","Center","Rock",NA,"Night",-72.45965467,42.381149,"","iPad",0.6,"2024-06-19 02:07:27",NA,NA,NA,NA,NA,NA,NA,NA,NA,NA,NA,NA
"2024-06-19","2024-06-19 01:04:00","BUFFAM","night",60,NA,"","Run","","Center","Rock",NA,"Night",-72.45896133,42.38156433,"","iPad",0.6,"2024-06-19 02:07:27",NA,NA,NA,NA,NA,NA,NA,NA,NA,NA,NA,NA
"2024-06-19","2024-06-19 01:23:00","HARRIS","night",20,NA,"","Run","","Center","Rock",NA,"Night",-72.46028633,42.3811335,"","iPad",1.45,"2024-06-19 01:13:24",NA,NA,NA,NA,NA,NA,NA,NA,NA,NA,NA,NA
"2024-06-19","2024-06-19 01:37:00","AMETHYST","night",56,NA,"","Pool","","Center","Sand",NA,"Night",-72.4609045,42.3814945,"","iPad",2.05,"2024-06-19",NA,NA,NA,NA,NA,NA,NA,NA,NA,NA,NA,NA
"2024-06-19","2024-06-19 01:53:00","AMETHYST","night",61,NA,"","Pool","","Center","Sand",NA,"Night",-72.46330267,42.3795555,"","iPad",2.05,"2024-06-19",NA,NA,NA,NA,NA,NA,NA,NA,NA,NA,NA,NA
"2024-06-19","2024-06-19 02:01:00","AMETHYST","night",56,NA,"","Pool","","Left","Sand",NA,"Night",-72.460885,42.3815375,"","iPad",2.05,"2024-06-19",NA,NA,NA,NA,NA,NA,NA,NA,NA,NA,NA,NA
"2024-06-19","2024-06-19 02:07:00","AMETHYST","night",19,NA,"","Riffle","","Center","Rock",NA,"Night",-72.46058383,42.381639,"","iPad",2.05,"2024-06-19",NA,NA,NA,NA,NA,NA,NA,NA,NA,NA,NA,NA
"2024-06-19","2024-06-19 02:44:00","AMETHYST","night",59,NA,"","Riffle","","Center","Rock",NA,"Night",-72.46023117,42.38128333,"","iPad",2.05,"2024-06-19",NA,NA,NA,NA,NA,NA,NA,NA,NA,NA,NA,NA
"2024-06-19","2024-06-19 02:51:00","BUFFAM","night",14,NA,"","Riffle","","Left","Rock",NA,"Night",-72.460234,42.38122667,"","iPad",0.6,"2024-06-19 02:07:27",NA,NA,NA,NA,NA,NA,NA,NA,NA,NA,NA,NA
"2024-06-19","2024-06-19 03:11:00","BUFFAM","night",14,NA,"","Riffle","","Center","Rock",NA,"Night",-72.45993567,42.381317,"","iPad",0.6,"2024-06-19 02:07:27",NA,NA,NA,NA,NA,NA,NA,NA,NA,NA,NA,NA
"2024-06-19","2024-06-19 03:20:00","BUFFAM","night",18,NA,"","Pool","","Center","Sand",NA,"Night",-72.459648,42.38116383,"","iPad",0.6,"2024-06-19 02:07:27",NA,NA,NA,NA,NA,NA,NA,NA,NA,NA,NA,NA
"2024-06-19","2024-06-19 03:21:00","BUFFAM","night",62,NA,"","Pool","","Center","Sand",NA,"Night",-72.45987517,42.3810815,"","iPad",0.6,"2024-06-19 02:07:27",NA,NA,NA,NA,NA,NA,NA,NA,NA,NA,NA,NA
"2024-06-19","2024-06-19 03:23:00","BUFFAM","night",11,NA,"","Pool","","Center","Sand",NA,"Night",-72.45967167,42.38095517,"","iPad",0.6,"2024-06-19 02:07:27",NA,NA,NA,NA,NA,NA,NA,NA,NA,NA,NA,NA
"2024-06-19","2024-06-19 03:31:00","BUFFAM","night",57,NA,"","Pool","","Center","Sand",NA,"Night",-72.45983567,42.38112283,"","iPad",0.6,"2024-06-19 02:07:27",NA,NA,NA,NA,NA,NA,NA,NA,NA,NA,NA,NA
"2024-06-19","2024-06-19 03:40:00","BUFFAM","night",60,NA,"","Riffle","","Left","Rock",NA,"Night",-72.45896533,42.3817065,"","iPad",0.6,"2024-06-19 02:07:27",NA,NA,NA,NA,NA,NA,NA,NA,NA,NA,NA,NA
"2024-06-19","2024-06-19 04:01:00","HARRIS","night",20,NA,"","Riffle","","Center","Rock",NA,"Night",-72.46035167,42.38131517,"","iPad",1.45,"2024-06-19 01:13:24",NA,NA,NA,NA,NA,NA,NA,NA,NA,NA,NA,NA
"2024-06-19","2024-06-19 04:15:00","AMETHYST","night",61,NA,"","Pool","","Center","Pebble",NA,"Night",-72.46329333,42.37974533,"","iPad",2.05,"2024-06-19",NA,NA,NA,NA,NA,NA,NA,NA,NA,NA,NA,NA
"2024-06-19","2024-06-19 11:16:00","DRY UPPER","day",16,NA,"","Pool","Woody_debris","Center","Mud",NA,"Mostly shaded",-72.50441133,42.66759183,"","iPad",0.6,"2024-06-19 12:36:08",90,"Clear","No rain","11:06","16:00","DRYU202406191125EST",NA,"11:25",NA,NA,NA,NA
"2024-06-19","2024-06-19 11:22:00","DRY UPPER","day",55,NA,"","Pool","Woody_debris","Center","Mud",NA,"Mostly shaded",-72.50440783,42.66764467,"","iPad",0.6,"2024-06-19 12:36:08",90,"Clear","No rain","11:06","16:00","DRYU202406191125EST",NA,"11:25",NA,NA,NA,NA
"2024-06-19","2024-06-19 11:24:00","DRY UPPER","day",53,NA,"","Pool","Woody_debris","Right","Mud",NA,"Mostly shaded",-72.50450533,42.667747,"","iPad",0.6,"2024-06-19 12:36:08",90,"Clear","No rain","11:06","16:00","DRYU202406191125EST",NA,"11:25",NA,NA,NA,NA
"2024-06-19","2024-06-19 11:30:00","DRY UPPER","day",54,NA,"","Pool","Woody_debris","Left","Mud",NA,"Fully shaded",-72.504899,42.66694817,"","iPad",0.6,"2024-06-19 12:36:08",90,"Clear","No rain","11:06","16:00","DRYU202406191125EST",NA,"11:25",NA,NA,NA,NA
"2024-06-19","2024-06-19 11:36:00","DRY UPPER","day",48,NA,"","Pool","Woody_debris","Center","Mud",NA,"Fully shaded",-72.50494483,42.66681917,"","iPad",0.6,"2024-06-19 12:36:08",90,"Clear","No rain","11:06","16:00","DRYU202406191125EST",NA,"11:25",NA,NA,NA,NA
"2024-06-19","2024-06-19 11:49:00","DRY UPPER","day",49,NA,"","Pool","Woody_debris","Right","Mud",NA,"",-72.50410233,42.66604483,"","iPad",0.6,"2024-06-19 12:36:08",90,"Clear","No rain","11:06","16:00","DRYU202406191125EST",NA,"11:25",NA,NA,NA,NA
"2024-06-19","2024-06-19 11:50:00","DRY UPPER","day",42,NA,"","Pool","Woody_debris","Right","Mud",NA,"Fully shaded",-72.5041245,42.66610317,"","iPad",0.6,"2024-06-19 12:36:08",90,"Clear","No rain","11:06","16:00","DRYU202406191125EST",NA,"11:25",NA,NA,NA,NA
"2024-06-19","2024-06-19 12:42:00","DRY UPPER","day",23,NA,"","Pool","","Left","Rock",NA,"Fully sunny",-72.50445467,42.66666883,"Under cobble/boulder","iPad",0.6,"2024-06-19 12:36:08",90,"Clear","No rain","11:06","16:00","DRYU202406191125EST",NA,"11:25",NA,NA,NA,NA
"2024-06-19","2024-06-19 12:53:00","DRY UPPER","day",22,NA,"","Pool","Woody_debris","Left","Mud",NA,"Fully sunny",-72.50447717,42.66781867,"","iPad",0.6,"2024-06-19 12:36:08",90,"Clear","No rain","11:06","16:00","DRYU202406191125EST",NA,"11:25",NA,NA,NA,NA
"2024-06-19","2024-06-19 13:36:00","DRY UPPER","day",22,NA,"","Pool","Woody_debris,Root_bundle","Right","Rock",NA,"Mostly shaded",-72.50442217,42.66763367,"","iPad",0.6,"2024-06-19 12:36:08",90,"Clear","No rain","11:06","16:00","DRYU202406191125EST",NA,"11:25",NA,NA,NA,NA
"2024-06-19","2024-06-19 13:57:00","DRY UPPER","day",53,NA,"","Pool","Woody_debris,Root_bundle","Right","Mud",NA,"Mostly shaded",-72.50447383,42.6676295,"","iPad",0.6,"2024-06-19 12:36:08",90,"Clear","No rain","11:06","16:00","DRYU202406191125EST",NA,"11:25",NA,NA,NA,NA
"2024-06-19","2024-06-19 13:59:00","DRY UPPER","day",55,NA,"","Pool","Woody_debris","Center","Mud",NA,"Fully shaded",-72.504498,42.6676475,"","iPad",0.6,"2024-06-19 12:36:08",90,"Clear","No rain","11:06","16:00","DRYU202406191125EST",NA,"11:25",NA,NA,NA,NA
"2024-06-19","2024-06-19 14:03:00","DRY UPPER","day",16,NA,"","Pool","Woody_debris","Right","Mud",NA,"Fully shaded",-72.504619,42.6676525,"","iPad",0.6,"2024-06-19 12:36:08",90,"Clear","No rain","11:06","16:00","DRYU202406191125EST",NA,"11:25",NA,NA,NA,NA
"2024-06-19","2024-06-19 14:10:00","DRY UPPER","day",25,NA,"","Pool","Undercut_bank,Woody_debris","Right","Rock",NA,"Fully shaded",-72.50496633,42.667034,"","iPad",0.6,"2024-06-19 12:36:08",90,"Clear","No rain","11:06","16:00","DRYU202406191125EST",NA,"11:25",NA,NA,NA,NA
"2024-06-19","2024-06-19 14:10:00","DRY UPPER","day",24,NA,"","Pool","Woody_debris,Undercut_bank","Right","Rock",NA,"Fully shaded",-72.504902,42.667064,"","iPad",0.6,"2024-06-19 12:36:08",90,"Clear","No rain","11:06","16:00","DRYU202406191125EST",NA,"11:25",NA,NA,NA,NA
"2024-06-19","2024-06-19 14:10:00","DRY UPPER","day",21,NA,"","Pool","Woody_debris,Undercut_bank","Right","Rock",NA,"Fully shaded",-72.50491733,42.66704733,"","iPad",0.6,"2024-06-19 12:36:08",90,"Clear","No rain","11:06","16:00","DRYU202406191125EST",NA,"11:25",NA,NA,NA,NA
"2024-06-19","2024-06-19 14:18:00","DRY UPPER","day",48,NA,"","Pool","Woody_debris,Root_bundle","Left","Rock",NA,"Mostly shaded",-72.50484017,42.66681367,"","iPad",0.6,"2024-06-19 12:36:08",90,"Clear","No rain","11:06","16:00","DRYU202406191125EST",NA,"11:25",NA,NA,NA,NA
"2024-06-19","2024-06-19 14:19:00","DRY UPPER","day",54,NA,"","Pool","Woody_debris","Left","Mud",NA,"Fully shaded",-72.504893,42.66686917,"","iPad",0.6,"2024-06-19 12:36:08",90,"Clear","No rain","11:06","16:00","DRYU202406191125EST",NA,"11:25",NA,NA,NA,NA
"2024-06-19","2024-06-19 14:23:00","DRY UPPER","day",23,NA,"","Pool","Root_bundle","Left","Rock",NA,"Fully sunny",-72.50441883,42.6665735,"","iPad",0.6,"2024-06-19 12:36:08",90,"Clear","No rain","11:06","16:00","DRYU202406191125EST",NA,"11:25",NA,NA,NA,NA
"2024-06-19","2024-06-19 14:29:00","DRY UPPER","day",42,NA,"","Pool","Woody_debris,Root_bundle","Right","Rock",NA,"Mostly shaded",-72.50399833,42.66599733,"","iPad",0.6,"2024-06-19 12:36:08",90,"Clear","No rain","11:06","16:00","DRYU202406191125EST",NA,"11:25",NA,NA,NA,NA
"2024-06-19","2024-06-19 14:34:00","DRY UPPER","day",49,NA,"","Pool","Woody_debris","Left","Rock",NA,"Fully shaded",-72.50408717,42.666066,"","iPad",0.6,"2024-06-19 12:36:08",90,"Clear","No rain","11:06","16:00","DRYU202406191125EST",NA,"11:25",NA,NA,NA,NA
"2024-06-20","2024-06-20 00:15:00","DRY UPPER","night",22,NA,"","Pool","Woody_debris","Right","Mud",NA,"Night",-72.50478767,42.66768617,"","iPad",0.3,"2024-06-20 00:32:19",NA,NA,NA,NA,NA,NA,NA,NA,NA,NA,NA,NA
"2024-06-20","2024-06-20 00:19:00","DRY UPPER","night",16,NA,"","Pool","Woody_debris","Right","Mud",NA,"Night",-72.5047105,42.66768267,"","iPad",0.3,"2024-06-20 00:32:19",NA,NA,NA,NA,NA,NA,NA,NA,NA,NA,NA,NA
"2024-06-20","2024-06-20 00:19:00","DRY UPPER","night",53,NA,"","Pool","Woody_debris","Center","Mud",NA,"Night",-72.50481317,42.66770033,"","iPad",0.3,"2024-06-20 00:32:19",NA,NA,NA,NA,NA,NA,NA,NA,NA,NA,NA,NA
"2024-06-20","2024-06-20 00:21:00","DRY UPPER","night",55,NA,"","Glide","Woody_debris","Center","Mud",NA,"Night",-72.50462867,42.66755717,"","iPad",0.3,"2024-06-20 00:32:19",NA,NA,NA,NA,NA,NA,NA,NA,NA,NA,NA,NA
"2024-06-20","2024-06-20 00:30:00","DRY UPPER","night",21,NA,"","Run","","Center","Rock",NA,"Night",-72.50516767,42.66701717,"","iPad",0.3,"2024-06-20 00:32:19",NA,NA,NA,NA,NA,NA,NA,NA,NA,NA,NA,NA
"2024-06-20","2024-06-20 00:31:00","DRY UPPER","night",25,NA,"","Pool","","Center","Sand",NA,"Night",-72.50523583,42.66709283,"","iPad",0.3,"2024-06-20 00:32:19",NA,NA,NA,NA,NA,NA,NA,NA,NA,NA,NA,NA
"2024-06-20","2024-06-20 00:34:00","DRY UPPER","night",24,NA,"","Pool","","Center","Sand",NA,"Night",-72.505028,42.667268,"","iPad",0.3,"2024-06-20 00:32:19",NA,NA,NA,NA,NA,NA,NA,NA,NA,NA,NA,NA
"2024-06-20","2024-06-20 00:53:00","DRY UPPER","night",48,182,"","Pool","Woody_debris","Center","Rock",NA,"Night",-72.50489917,42.666828,"","iPad",0.3,"2024-06-20 00:32:19",NA,NA,NA,NA,NA,NA,NA,NA,NA,NA,NA,NA
"2024-06-20","2024-06-20 01:09:00","DRY UPPER","night",23,NA,"","Run","","Left","Rock",NA,"Night",-72.50405567,42.66603933,"","iPad",0.3,"2024-06-20 00:32:19",NA,NA,NA,NA,NA,NA,NA,NA,NA,NA,NA,NA
"2024-06-20","2024-06-20 01:10:00","DRY UPPER","night",42,NA,"","Run","","Center","Rock",NA,"Night",-72.50414517,42.666041,"","iPad",0.3,"2024-06-20 00:32:19",NA,NA,NA,NA,NA,NA,NA,NA,NA,NA,NA,NA
"2024-06-20","2024-06-20 01:11:00","DRY UPPER","night",49,NA,"","Run","","Center","Rock",NA,"Night",-72.50410667,42.6660445,"","iPad",0.3,"2024-06-20 00:32:19",NA,NA,NA,NA,NA,NA,NA,NA,NA,NA,NA,NA
"2024-06-20","2024-06-20 01:50:00","DRY UPPER","night",49,NA,"","Run","","Right","Rock",NA,"Night",-72.50422633,42.666016,"","iPad",0.3,"2024-06-20 00:32:19",NA,NA,NA,NA,NA,NA,NA,NA,NA,NA,NA,NA
"2024-06-20","2024-06-20 01:54:00","DRY UPPER","night",42,NA,"","Run","Woody_debris,Root_bundle","Center","Rock",NA,"Night",-72.50420917,42.66607167,"","iPad",0.3,"2024-06-20 00:32:19",NA,NA,NA,NA,NA,NA,NA,NA,NA,NA,NA,NA
"2024-06-20","2024-06-20 01:57:00","DRY UPPER","night",23,NA,"","Run","","Right","Rock",NA,"Night",-72.50415667,42.66607433,"","iPad",0.3,"2024-06-20 00:32:19",NA,NA,NA,NA,NA,NA,NA,NA,NA,NA,NA,NA
"2024-06-20","2024-06-20 02:17:00","DRY UPPER","night",48,NA,"","Riffle","Woody_debris,Root_bundle","Center","Pebble",NA,"Night",-72.504807,42.66683667,"","iPad",0.3,"2024-06-20 00:32:19",NA,NA,NA,NA,NA,NA,NA,NA,NA,NA,NA,NA
"2024-06-20","2024-06-20 02:28:00","DRY UPPER","night",54,NA,"","Pool","","Left","Rock",NA,"Night",-72.504815,42.66686217,"","iPad",0.3,"2024-06-20 00:32:19",NA,NA,NA,NA,NA,NA,NA,NA,NA,NA,NA,NA
"2024-06-20","2024-06-20 02:32:00","DRY UPPER","night",21,NA,"","Run","","Right","Rock",NA,"Night",-72.505143,42.666996,"","iPad",0.3,"2024-06-20 00:32:19",NA,NA,NA,NA,NA,NA,NA,NA,NA,NA,NA,NA
"2024-06-20","2024-06-20 02:34:00","DRY UPPER","night",25,NA,"","Run","","Center","Rock",NA,"Night",-72.50501367,42.66706717,"","iPad",0.3,"2024-06-20 00:32:19",NA,NA,NA,NA,NA,NA,NA,NA,NA,NA,NA,NA
"2024-06-20","2024-06-20 02:40:00","DRY UPPER","night",24,NA,"","Run","","Right","Rock",NA,"Night",-72.50503867,42.66705167,"","iPad",0.3,"2024-06-20 00:32:19",NA,NA,NA,NA,NA,NA,NA,NA,NA,NA,NA,NA
"2024-06-20","2024-06-20 02:54:00","DRY UPPER","night",53,NA,"","Pool","Root_bundle,Woody_debris","Center","Sand",NA,"Night",-72.5044705,42.66759683,"","iPad",0.3,"2024-06-20 00:32:19",NA,NA,NA,NA,NA,NA,NA,NA,NA,NA,NA,NA
"2024-06-20","2024-06-20 02:55:00","DRY UPPER","night",16,NA,"","Pool","Root_bundle,Woody_debris","Center","Sand",NA,"Night",-72.50456583,42.6677365,"","iPad",0.3,"2024-06-20 00:32:19",NA,NA,NA,NA,NA,NA,NA,NA,NA,NA,NA,NA
"2024-06-20","2024-06-20 03:03:00","DRY UPPER","night",55,NA,"","Pool","Root_bundle,Woody_debris","Center","Sand",NA,"Night",-72.50465333,42.66764667,"","iPad",0.3,"2024-06-20 00:32:19",NA,NA,NA,NA,NA,NA,NA,NA,NA,NA,NA,NA
"2024-06-20","2024-06-20 03:09:00","DRY UPPER","night",22,NA,"","Pool","","Center","Mud",NA,"Night",-72.50440033,42.66768833,"","iPad",0.3,"2024-06-20 00:32:19",NA,NA,NA,NA,NA,NA,NA,NA,NA,NA,NA,NA
"2024-06-20","2024-06-20 03:56:00","DRY UPPER","night",22,NA,"","Pool","","Center","Mud",NA,"Night",-72.5045475,42.667682,"","iPad",0.3,"2024-06-20 00:32:19",NA,NA,NA,NA,NA,NA,NA,NA,NA,NA,NA,NA
"2024-06-20","2024-06-20 03:57:00","DRY UPPER","night",53,NA,"","Pool","","Center","Mud",NA,"Night",-72.504527,42.667573,"","iPad",0.3,"2024-06-20 00:32:19",NA,NA,NA,NA,NA,NA,NA,NA,NA,NA,NA,NA
"2024-06-20","2024-06-20 03:58:00","DRY UPPER","night",55,NA,"","Pool","Woody_debris","Center","Mud",NA,"Night",-72.50460367,42.66762,"","iPad",0.3,"2024-06-20 00:32:19",NA,NA,NA,NA,NA,NA,NA,NA,NA,NA,NA,NA
"2024-06-20","2024-06-20 04:07:00","DRY UPPER","night",16,188,"","Pool","Woody_debris","Center","Mud",NA,"Night",-72.5045655,42.667624,"","iPad",0.3,"2024-06-20 00:32:19",NA,NA,NA,NA,NA,NA,NA,NA,NA,NA,NA,NA
"2024-06-20","2024-06-20 04:11:00","DRY UPPER","night",21,NA,"","Run","Undercut_bank","Right","Rock",NA,"Night",-72.505069,42.66707717,"","iPad",0.3,"2024-06-20 00:32:19",NA,NA,NA,NA,NA,NA,NA,NA,NA,NA,NA,NA
"2024-06-20","2024-06-20 04:14:00","DRY UPPER","night",25,NA,"","Pool","","Right","Rock",NA,"Night",-72.50509783,42.66700067,"","iPad",0.3,"2024-06-20 00:32:19",NA,NA,NA,NA,NA,NA,NA,NA,NA,NA,NA,NA
"2024-06-20","2024-06-20 04:24:00","DRY UPPER","night",24,NA,"","Pool","","Center","Rock",NA,"Night",-72.5050755,42.6670995,"","iPad",0.3,"2024-06-20 00:32:19",NA,NA,NA,NA,NA,NA,NA,NA,NA,NA,NA,NA
"2024-06-20","2024-06-20 04:28:00","DRY UPPER","night",54,NA,"","Pool","","Center","Pebble",NA,"Night",-72.50475217,42.6668755,"","iPad",0.3,"2024-06-20 00:32:19",NA,NA,NA,NA,NA,NA,NA,NA,NA,NA,NA,NA
"2024-06-20","2024-06-20 04:29:00","DRY UPPER","night",48,NA,"","Pool","Woody_debris","Right","Rock",NA,"Night",-72.504778,42.6667675,"","iPad",0.3,"2024-06-20 00:32:19",NA,NA,NA,NA,NA,NA,NA,NA,NA,NA,NA,NA
"2024-06-20","2024-06-20 04:38:00","DRY UPPER","night",23,NA,"","Riffle","Woody_debris","Right","Pebble",NA,"Night",-72.50417367,42.665972,"","iPad",0.3,"2024-06-20 00:32:19",NA,NA,NA,NA,NA,NA,NA,NA,NA,NA,NA,NA
"2024-06-20","2024-06-20 04:51:00","DRY UPPER","night",42,189,"","Pool","","Center","Pebble",NA,"Night",-72.50414983,42.66595933,"","iPad",0.3,"2024-06-20 00:32:19",NA,NA,NA,NA,NA,NA,NA,NA,NA,NA,NA,NA
"2024-06-20","2024-06-20 04:52:00","DRY UPPER","night",49,188,"","Pool","","Right","Pebble",NA,"Night",-72.50424233,42.66589133,"","iPad",0.3,"2024-06-20 00:32:19",NA,NA,NA,NA,NA,NA,NA,NA,NA,NA,NA,NA
"2024-06-20","2024-06-20 11:27:00","UNDERHILL","day",41,NA,"","Pool","","Left","Rock",NA,"Mostly shaded",-72.32489817,42.44509867,"","iPad",0.57,"2024-06-20 14:32:38",84,"Clear","No rain","11:06","17:00","UNDH202406201126EST",NA,"11:26",NA,NA,NA,NA
"2024-06-20","2024-06-20 11:34:00","UNDERHILL","day",43,NA,"","Run","","Right","Rock",NA,"Fully shaded",-72.32542383,42.44518583,"","iPad",0.57,"2024-06-20 14:32:38",84,"Clear","No rain","11:06","17:00","UNDH202406201126EST",NA,"11:26",NA,NA,NA,NA
"2024-06-20","2024-06-20 11:38:00","UNDERHILL","day",40,NA,"","Riffle","","Center","Rock",NA,"Fully shaded",-72.32570783,42.445207,"","iPad",0.57,"2024-06-20 14:32:38",84,"Clear","No rain","11:06","17:00","UNDH202406201126EST",NA,"11:26",NA,NA,NA,NA
"2024-06-20","2024-06-20 11:47:00","UNDERHILL","day",33,NA,"","Riffle","","Right","Rock",NA,"Fully shaded",-72.32672633,42.44557317,"","iPad",0.57,"2024-06-20 14:32:38",84,"Clear","No rain","11:06","17:00","UNDH202406201126EST",NA,"11:26",NA,NA,NA,NA
"2024-06-20","2024-06-20 11:49:00","UNDERHILL","day",34,NA,"","Pool","","Right","Boulder",NA,"Fully sunny",-72.32678333,42.445612,"","iPad",0.57,"2024-06-20 14:32:38",84,"Clear","No rain","11:06","17:00","UNDH202406201126EST",NA,"11:26",NA,NA,NA,NA
"2024-06-20","2024-06-20 12:06:00","UNDERHILL","day",36,NA,"","Run","","Right","Rock",NA,"Fully shaded",-72.32765517,42.44528483,"","iPad",0.57,"2024-06-20 14:32:38",84,"Clear","No rain","11:06","17:00","UNDH202406201126EST",NA,"11:26",NA,NA,NA,NA
"2024-06-20","2024-06-20 12:08:00","UNDERHILL","day",27,NA,"","Pool","Undercut_bank","Right","Rock",NA,"Mostly shaded",-72.32774267,42.44494967,"","iPad",0.57,"2024-06-20 14:32:38",84,"Clear","No rain","11:06","17:00","UNDH202406201126EST",NA,"11:26",NA,NA,NA,NA
"2024-06-20","2024-06-20 12:18:00","UNDERHILL","day",44,NA,"","Pool","","Center","Rock",NA,"Fully shaded",-72.32846867,42.44482733,"","iPad",0.57,"2024-06-20 14:32:38",84,"Clear","No rain","11:06","17:00","UNDH202406201126EST",NA,"11:26",NA,NA,NA,NA
"2024-06-20","2024-06-20 13:01:00","UNDERHILL","day",44,NA,"","Pool","","Center","Boulder",NA,"Mostly shaded",-72.32837983,42.44476983,"","iPad",0.57,"2024-06-20 14:32:38",84,"Clear","No rain","11:06","17:00","UNDH202406201126EST",NA,"11:26",NA,NA,NA,NA
"2024-06-20","2024-06-20 13:10:00","UNDERHILL","day",27,NA,"","Run","","Center","Rock",NA,"Fully shaded",-72.32776683,42.444922,"","iPad",0.57,"2024-06-20 14:32:38",84,"Clear","No rain","11:06","17:00","UNDH202406201126EST",NA,"11:26",NA,NA,NA,NA
"2024-06-20","2024-06-20 13:12:00","UNDERHILL","day",45,NA,"","Run","","Center","Rock",NA,"Fully shaded",-72.32776533,42.4451355,"","iPad",0.57,"2024-06-20 14:32:38",84,"Clear","No rain","11:06","17:00","UNDH202406201126EST",NA,"11:26",NA,NA,NA,NA
"2024-06-20","2024-06-20 13:14:00","UNDERHILL","day",36,NA,"","Glide","","Center","Rock",NA,"Fully shaded",-72.3276035,42.44536633,"","iPad",0.57,"2024-06-20 14:32:38",84,"Clear","No rain","11:06","17:00","UNDH202406201126EST",NA,"11:26",NA,NA,NA,NA
"2024-06-20","2024-06-20 13:23:00","UNDERHILL","day",34,NA,"","Pool","","Right","Rock",NA,"Fully shaded",-72.32671667,42.44540467,"","iPad",0.57,"2024-06-20 14:32:38",84,"Clear","No rain","11:06","17:00","UNDH202406201126EST",NA,"11:26",NA,NA,NA,NA
"2024-06-20","2024-06-20 13:25:00","UNDERHILL","day",33,NA,"","Riffle","","Left","Rock",NA,"Fully shaded",-72.32659283,42.4455925,"","iPad",0.57,"2024-06-20 14:32:38",84,"Clear","No rain","11:06","17:00","UNDH202406201126EST",NA,"11:26",NA,NA,NA,NA
"2024-06-20","2024-06-20 13:32:00","UNDERHILL","day",40,NA,"","Run","","Center","Rock",NA,"Fully shaded",-72.325667,42.445198,"","iPad",0.57,"2024-06-20 14:32:38",84,"Clear","No rain","11:06","17:00","UNDH202406201126EST",NA,"11:26",NA,NA,NA,NA
"2024-06-20","2024-06-20 13:36:00","UNDERHILL","day",43,NA,"","Riffle","","Right","Rock",NA,"Fully shaded",-72.3252275,42.44506483,"","iPad",0.57,"2024-06-20 14:32:38",84,"Clear","No rain","11:06","17:00","UNDH202406201126EST",NA,"11:26",NA,NA,NA,NA
"2024-06-20","2024-06-20 13:40:00","UNDERHILL","day",41,NA,"","Pool","","Center","Rock",NA,"Fully shaded",-72.32478333,42.44502983,"","iPad",0.57,"2024-06-20 14:32:38",84,"Clear","No rain","11:06","17:00","UNDH202406201126EST",NA,"11:26",NA,NA,NA,NA
"2024-06-20","2024-06-20 15:27:00","UNDERHILL","day",35,NA,"","Run","","Center","Boulder",NA,"Mostly shaded",-72.32954167,42.44356983,"","iPad",0.57,"2024-06-20 14:32:38",84,"Clear","No rain","11:06","17:00","UNDH202406201126EST",NA,"11:26",NA,NA,NA,NA
"2024-06-20","2024-06-20 15:38:00","UNDERHILL","day",44,NA,"","Pool","","Center","Rock",NA,"Fully shaded",-72.32831833,42.44481883,"","iPad",0.57,"2024-06-20 14:32:38",84,"Clear","No rain","11:06","17:00","UNDH202406201126EST",NA,"11:26",NA,NA,NA,NA
"2024-06-20","2024-06-20 16:04:00","UNDERHILL","day",27,NA,"","Run","","Center","Rock",NA,"Fully shaded",-72.3278,42.44513833,"","iPad",0.57,"2024-06-20 14:32:38",84,"Clear","No rain","11:06","17:00","UNDH202406201126EST",NA,"11:26",NA,NA,NA,NA
"2024-06-20","2024-06-20 16:04:00","UNDERHILL","day",45,NA,"","Run","","Center","Rock",NA,"Fully shaded",-72.32781067,42.44531633,"","iPad",0.57,"2024-06-20 14:32:38",84,"Clear","No rain","11:06","17:00","UNDH202406201126EST",NA,"11:26",NA,NA,NA,NA
"2024-06-20","2024-06-20 16:07:00","UNDERHILL","day",36,NA,"","Run","","Center","Rock",NA,"Fully shaded",-72.327627,42.4455275,"","iPad",0.57,"2024-06-20 14:32:38",84,"Clear","No rain","11:06","17:00","UNDH202406201126EST",NA,"11:26",NA,NA,NA,NA
"2024-06-20","2024-06-20 16:14:00","UNDERHILL","day",34,NA,"","Riffle","","Right","Rock",NA,"Lightly shaded",-72.32651433,42.44539167,"","iPad",0.57,"2024-06-20 14:32:38",84,"Clear","No rain","11:06","17:00","UNDH202406201126EST",NA,"11:26",NA,NA,NA,NA
"2024-06-20","2024-06-20 16:18:00","UNDERHILL","day",33,NA,"","Riffle","","Left","Rock",NA,"Fully shaded",-72.3264415,42.4455025,"","iPad",0.57,"2024-06-20 14:32:38",84,"Clear","No rain","11:06","17:00","UNDH202406201126EST",NA,"11:26",NA,NA,NA,NA
"2024-06-20","2024-06-20 16:22:00","UNDERHILL","day",40,NA,"","Riffle","","Center","Rock",NA,"Lightly shaded",-72.32568883,42.44523067,"","iPad",0.57,"2024-06-20 14:32:38",84,"Clear","No rain","11:06","17:00","UNDH202406201126EST",NA,"11:26",NA,NA,NA,NA
"2024-06-20","2024-06-20 16:24:00","UNDERHILL","day",43,NA,"","Pool","","Right","Rock",NA,"Fully shaded",-72.32532433,42.44510417,"","iPad",0.57,"2024-06-20 14:32:38",84,"Clear","No rain","11:06","17:00","UNDH202406201126EST",NA,"11:26",NA,NA,NA,NA
"2024-06-20","2024-06-20 16:28:00","UNDERHILL","day",41,185,"","Pool","","Center","Rock",NA,"Fully shaded",-72.32478017,42.444942,"Centralized in unreachable zone","iPad",0.57,"2024-06-20 14:32:38",84,"Clear","No rain","11:06","17:00","UNDH202406201126EST",NA,"11:26",NA,NA,NA,NA
"2024-06-20","2024-06-20 23:33:00","UNDERHILL","night",41,NA,"","Pool","","Center","Rock",NA,"Night",-72.32478617,42.44497233,"","iPad",1.59,"2024-06-21 00:36:10",74,"Cloudy","No rain","23:26","04:16","UNDH202406202332EST",NA,"23:32",NA,NA,NA,NA
"2024-06-20","2024-06-20 23:42:00","UNDERHILL","night",40,NA,"","Riffle","","Center","Rock",NA,"Night",-72.3256395,42.44519867,"","iPad",1.59,"2024-06-21 00:36:10",74,"Cloudy","No rain","23:26","04:16","UNDH202406202332EST",NA,"23:32",NA,NA,NA,NA
"2024-06-20","2024-06-20 23:54:00","UNDERHILL","night",34,NA,"","Riffle","","Center","Rock",NA,"Night",-72.32663383,42.44535783,"","iPad",1.59,"2024-06-21 00:36:10",74,"Cloudy","No rain","23:26","04:16","UNDH202406202332EST",NA,"23:32",NA,NA,NA,NA
