"habitat","position","substrate","shade","fishNotes","habitatExtra","substrateExtra","signal","lon","lat","trackedTime","shift","river","tagID","source","airTemp","cloud","precip","startTime","endTime","iso","streamNotes","isoTime","downstreamGPS","downstreamGain","upstreamGPS","upstreamGain","totalDischarge","meanTemp","flowTime"
"Pool","Center","Rock","Mostly shaded","","","",NA,-72.3708445,42.443939,"2024-06-17 11:33:00","day","DICKEY",31,"iPad",79,"Partly cloudy/partly sunny","No rain","11:26","17:00","DCKY202406171330EST",NA,"13:30",NA,NA,NA,NA,0.03,19.71,"2024-06-17 12:35:22"
"Run","Right","Pebble","Lightly shaded","","","",NA,-72.3717323333333,42.444212,"2024-06-17 11:57:00","day","DICKEY",46,"iPad",79,"Partly cloudy/partly sunny","No rain","11:26","17:00","DCKY202406171330EST",NA,"13:30",NA,NA,NA,NA,0.03,19.71,"2024-06-17 12:35:22"
"Riffle","Left","Rock","Fully shaded","","Woody_debris","",NA,-72.3719351666667,42.4443011666667,"2024-06-17 11:59:00","day","DICKEY",29,"iPad",79,"Partly cloudy/partly sunny","No rain","11:26","17:00","DCKY202406171330EST",NA,"13:30",NA,NA,NA,NA,0.03,19.71,"2024-06-17 12:35:22"
"Run","Right","Rock","Lightly shaded","","Undercut_bank","",NA,-72.3734418333333,42.4442065,"2024-06-17 12:10:00","day","DICKEY",26,"iPad",79,"Partly cloudy/partly sunny","No rain","11:26","17:00","DCKY202406171330EST",NA,"13:30",NA,NA,NA,NA,0.03,19.71,"2024-06-17 12:35:22"
"Pool","Left","Boulder","Mostly shaded","","","",NA,-72.3703993333334,42.4436865,"2024-06-17 12:47:00","day","DICKEY",28,"iPad",79,"Partly cloudy/partly sunny","No rain","11:26","17:00","DCKY202406171330EST",NA,"13:30",NA,NA,NA,NA,0.03,19.71,"2024-06-17 12:35:22"
"Pool","Right","Rock","Mostly shaded","","","",NA,-72.3703756666667,42.443771,"2024-06-17 12:49:00","day","DICKEY",37,"iPad",79,"Partly cloudy/partly sunny","No rain","11:26","17:00","DCKY202406171330EST",NA,"13:30",NA,NA,NA,NA,0.03,19.71,"2024-06-17 12:35:22"
"Pool","Left","Mud","Mostly shaded","","Root_bundle","",NA,-72.3699636666667,42.4430736666667,"2024-06-17 12:59:00","day","DICKEY",38,"iPad",79,"Partly cloudy/partly sunny","No rain","11:26","17:00","DCKY202406171330EST",NA,"13:30",NA,NA,NA,NA,0.03,19.71,"2024-06-17 12:35:22"
"Run","Right","Rock","Mostly shaded","At the end of the culvert.","","",NA,-72.371888,42.4442433333333,"2024-06-17 13:25:00","day","DICKEY",46,"iPad",79,"Partly cloudy/partly sunny","No rain","11:26","17:00","DCKY202406171330EST",NA,"13:30",NA,NA,NA,NA,0.03,19.71,"2024-06-17 12:35:22"
"Riffle","Left","Rock","Mostly shaded","","","",NA,-72.371972,42.444349,"2024-06-17 13:28:00","day","DICKEY",29,"iPad",79,"Partly cloudy/partly sunny","No rain","11:26","17:00","DCKY202406171330EST",NA,"13:30",NA,NA,NA,NA,0.03,19.71,"2024-06-17 12:35:22"
"Pool","Center","Pebble","Mostly shaded","","","",NA,-72.3707853333333,42.4440175,"2024-06-17 13:47:00","day","DICKEY",31,"iPad",79,"Partly cloudy/partly sunny","No rain","11:26","17:00","DCKY202406171330EST",NA,"13:30",NA,NA,NA,NA,0.03,19.71,"2024-06-17 12:35:22"
"Pool","Center","Rock","Mostly shaded","","","",NA,-72.3703778333334,42.4434695,"2024-06-17 13:51:00","day","DICKEY",28,"iPad",79,"Partly cloudy/partly sunny","No rain","11:26","17:00","DCKY202406171330EST",NA,"13:30",NA,NA,NA,NA,0.03,19.71,"2024-06-17 12:35:22"
"Run","Right","Rock","Mostly shaded","","","",NA,-72.3702701666667,42.4434973333333,"2024-06-17 13:53:00","day","DICKEY",37,"iPad",79,"Partly cloudy/partly sunny","No rain","11:26","17:00","DCKY202406171330EST",NA,"13:30",NA,NA,NA,NA,0.03,19.71,"2024-06-17 12:35:22"
"Pool","Center","Boulder","Mostly shaded","","","",NA,-72.3700488333333,42.4429066666667,"2024-06-17 14:03:00","day","DICKEY",38,"iPad",79,"Partly cloudy/partly sunny","No rain","11:26","17:00","DCKY202406171330EST",NA,"13:30",NA,NA,NA,NA,0.03,19.71,"2024-06-17 12:35:22"
"Pool","Center","Rock","Mostly shaded","Pool below upper culvert.","","",180,-72.3677101666667,42.4409496666667,"2024-06-17 14:25:00","day","DICKEY",32,"iPad",79,"Partly cloudy/partly sunny","No rain","11:26","17:00","DCKY202406171330EST",NA,"13:30",NA,NA,NA,NA,0.03,19.71,"2024-06-17 12:35:22"
"Pool","Center","Sand","Lightly shaded","","Woody_debris","",NA,-72.3716463333333,42.4442465,"2024-06-17 14:50:00","day","DICKEY",46,"iPad",79,"Partly cloudy/partly sunny","No rain","11:26","17:00","DCKY202406171330EST",NA,"13:30",NA,NA,NA,NA,0.03,19.71,"2024-06-17 12:35:22"
"Pool","Left","Mud","Fully shaded","","Undercut_bank","",NA,-72.3720448333333,42.4442255,"2024-06-17 14:57:00","day","DICKEY",29,"iPad",79,"Partly cloudy/partly sunny","No rain","11:26","17:00","DCKY202406171330EST",NA,"13:30",NA,NA,NA,NA,0.03,19.71,"2024-06-17 12:35:22"
"Run","Right","Rock","Mostly shaded","","","",NA,-72.373516,42.4442035,"2024-06-17 15:08:00","day","DICKEY",26,"iPad",79,"Partly cloudy/partly sunny","No rain","11:26","17:00","DCKY202406171330EST",NA,"13:30",NA,NA,NA,NA,0.03,19.71,"2024-06-17 12:35:22"
"Pool","Center","Rock","Mostly shaded","","","",NA,-72.3708586666667,42.4439825,"2024-06-17 15:18:00","day","DICKEY",31,"iPad",79,"Partly cloudy/partly sunny","No rain","11:26","17:00","DCKY202406171330EST",NA,"13:30",NA,NA,NA,NA,0.03,19.71,"2024-06-17 12:35:22"
"Pool","Center","Boulder","Mostly shaded","","","",NA,-72.3704073333333,42.4435566666667,"2024-06-17 15:21:00","day","DICKEY",37,"iPad",79,"Partly cloudy/partly sunny","No rain","11:26","17:00","DCKY202406171330EST",NA,"13:30",NA,NA,NA,NA,0.03,19.71,"2024-06-17 12:35:22"
"Run","Center","Boulder","Mostly shaded","","","",NA,-72.3704328333334,42.4435676666667,"2024-06-17 15:22:00","day","DICKEY",28,"iPad",79,"Partly cloudy/partly sunny","No rain","11:26","17:00","DCKY202406171330EST",NA,"13:30",NA,NA,NA,NA,0.03,19.71,"2024-06-17 12:35:22"
"Pool","Left","Sand","Mostly shaded","","Undercut_bank,Root_bundle","",NA,-72.370055,42.4429073333333,"2024-06-17 15:25:00","day","DICKEY",38,"iPad",79,"Partly cloudy/partly sunny","No rain","11:26","17:00","DCKY202406171330EST",NA,"13:30",NA,NA,NA,NA,0.03,19.71,"2024-06-17 12:35:22"
"Pool","Left","Boulder","Mostly shaded","","","",NA,-72.3677521666667,42.4409471666667,"2024-06-17 15:37:00","day","DICKEY",32,"iPad",79,"Partly cloudy/partly sunny","No rain","11:26","17:00","DCKY202406171330EST",NA,"13:30",NA,NA,NA,NA,0.03,19.71,"2024-06-17 12:35:22"
"Pool","Center","Sand","Lightly shaded","","Woody_debris","",NA,-72.3716961666667,42.444275,"2024-06-17 15:49:00","day","DICKEY",46,"iPad",79,"Partly cloudy/partly sunny","No rain","11:26","17:00","DCKY202406171330EST",NA,"13:30",NA,NA,NA,NA,0.03,19.71,"2024-06-17 12:35:22"
"Pool","Left","Rock","Fully shaded","","Undercut_bank","",NA,-72.3720278333333,42.4443445,"2024-06-17 15:51:00","day","DICKEY",29,"iPad",79,"Partly cloudy/partly sunny","No rain","11:26","17:00","DCKY202406171330EST",NA,"13:30",NA,NA,NA,NA,0.03,19.71,"2024-06-17 12:35:22"
"Pool","Center","Rock","Mostly shaded","","","",NA,-72.3677579999976,42.4409456666652,"2024-06-17 16:58:00","day","DICKEY",32,"iPad",79,"Partly cloudy/partly sunny","No rain","11:26","17:00","DCKY202406171330EST",NA,"13:30",NA,NA,NA,NA,0.03,19.71,"2024-06-17 12:35:22"
"Run","Center","Pebble","Night","","","",NA,-72.3717196666667,42.4442413333333,"2024-06-17 23:47:00","night","DICKEY",46,"iPad",65,"Clear","No rain","23:45","04:55","DCKY202406180137EST",NA,"01:37",NA,NA,NA,NA,1.49,19.17,"2024-06-18 02:35:29"
"Pool","Left","Sand","Night","Dead","Woody_debris","",NA,-72.3721156666667,42.4443556666667,"2024-06-18 00:01:00","night","DICKEY",29,"iPad",65,"Clear","No rain","23:45","04:55","DCKY202406180137EST",NA,"01:37",NA,NA,NA,NA,1.49,19.17,"2024-06-18 02:35:29"
"Riffle","Left","Rock","Night","","","",NA,-72.3734451666667,42.4441811666667,"2024-06-18 01:02:00","night","DICKEY",26,"iPad",65,"Clear","No rain","23:45","04:55","DCKY202406180137EST",NA,"01:37",NA,NA,NA,NA,1.49,19.17,"2024-06-18 02:35:29"
"Run","Center","Rock","Night","","","",NA,-72.3707591666667,42.44386,"2024-06-18 01:35:00","night","DICKEY",31,"iPad",65,"Clear","No rain","23:45","04:55","DCKY202406180137EST",NA,"01:37",NA,NA,NA,NA,1.49,19.17,"2024-06-18 02:35:29"
"Run","Left","Rock","Night","","","",NA,-72.3702815,42.4436096666667,"2024-06-18 01:42:00","night","DICKEY",28,"iPad",65,"Clear","No rain","23:45","04:55","DCKY202406180137EST",NA,"01:37",NA,NA,NA,NA,1.49,19.17,"2024-06-18 02:35:29"
"Pool","Left","Mud","Night","","","",NA,-72.370606,42.443777,"2024-06-18 01:49:00","night","DICKEY",37,"iPad",65,"Clear","No rain","23:45","04:55","DCKY202406180137EST",NA,"01:37",NA,NA,NA,NA,1.49,19.17,"2024-06-18 02:35:29"
"Run","Center","Mud","","","","",NA,-72.3706915,42.4438616666667,"2024-06-18 02:08:00","night","DICKEY",37,"iPad",65,"Clear","No rain","23:45","04:55","DCKY202406180137EST",NA,"01:37",NA,NA,NA,NA,1.49,19.17,"2024-06-18 02:35:29"
"Riffle","Center","Rock","Night","","","",NA,-72.371054,42.4437823333333,"2024-06-18 02:16:00","night","DICKEY",31,"iPad",65,"Clear","No rain","23:45","04:55","DCKY202406180137EST",NA,"01:37",NA,NA,NA,NA,1.49,19.17,"2024-06-18 02:35:29"
"Riffle","Center","Rock","Night","","Root_bundle","",NA,-72.3702106666667,42.443014,"2024-06-18 02:29:00","night","DICKEY",38,"iPad",65,"Clear","No rain","23:45","04:55","DCKY202406180137EST",NA,"01:37",NA,NA,NA,NA,1.49,19.17,"2024-06-18 02:35:29"
"Run","Center","Rock","Night","","","",NA,-72.3702548333333,42.4430216666667,"2024-06-18 02:37:00","night","DICKEY",38,"iPad",65,"Clear","No rain","23:45","04:55","DCKY202406180137EST",NA,"01:37",NA,NA,NA,NA,1.49,19.17,"2024-06-18 02:35:29"
"Run","Right","Rock","Night","","","",NA,-72.3705373333333,42.443721,"2024-06-18 02:42:00","night","DICKEY",28,"iPad",65,"Clear","No rain","23:45","04:55","DCKY202406180137EST",NA,"01:37",NA,NA,NA,NA,1.49,19.17,"2024-06-18 02:35:29"
"Run","Center","Rock","Night","","","",NA,-72.3705648333333,42.4437811666667,"2024-06-18 02:46:00","night","DICKEY",37,"iPad",65,"Clear","No rain","23:45","04:55","DCKY202406180137EST",NA,"01:37",NA,NA,NA,NA,1.49,19.17,"2024-06-18 02:35:29"
"Run","Left","Pebble","Night","","","",NA,-72.3718211666667,42.4443708333333,"2024-06-18 02:59:00","night","DICKEY",46,"iPad",65,"Clear","No rain","23:45","04:55","DCKY202406180137EST",NA,"01:37",NA,NA,NA,NA,1.49,19.17,"2024-06-18 02:35:29"
"Pool","Left","Sand","Night","Dead","Woody_debris","",NA,-72.3720043333334,42.4443735,"2024-06-18 03:04:00","night","DICKEY",29,"iPad",65,"Clear","No rain","23:45","04:55","DCKY202406180137EST",NA,"01:37",NA,NA,NA,NA,1.49,19.17,"2024-06-18 02:35:29"
"Riffle","Center","Rock","Night","","","",NA,-72.3707546666667,42.4438445,"2024-06-18 03:37:00","night","DICKEY",31,"iPad",65,"Clear","No rain","23:45","04:55","DCKY202406180137EST",NA,"01:37",NA,NA,NA,NA,1.49,19.17,"2024-06-18 02:35:29"
"Riffle","Center","Rock","Night","","","",NA,-72.3703091666667,42.4435676666667,"2024-06-18 03:44:00","night","DICKEY",28,"iPad",65,"Clear","No rain","23:45","04:55","DCKY202406180137EST",NA,"01:37",NA,NA,NA,NA,1.49,19.17,"2024-06-18 02:35:29"
"Glide","Left","Rock","Night","","","",NA,-72.3703681666667,42.4435916666667,"2024-06-18 03:45:00","night","DICKEY",37,"iPad",65,"Clear","No rain","23:45","04:55","DCKY202406180137EST",NA,"01:37",NA,NA,NA,NA,1.49,19.17,"2024-06-18 02:35:29"
"Pool","Center","Rock","Night","","","",NA,-72.3699716666667,42.4430505,"2024-06-18 03:58:00","night","DICKEY",38,"iPad",65,"Clear","No rain","23:45","04:55","DCKY202406180137EST",NA,"01:37",NA,NA,NA,NA,1.49,19.17,"2024-06-18 02:35:29"
"Run","Center","Pebble","Lightly shaded","","","",NA,-72.3734891666667,42.444228,"2024-06-18 04:28:00","night","DICKEY",26,"iPad",65,"Clear","No rain","23:45","04:55","DCKY202406180137EST",NA,"01:37",NA,NA,NA,NA,1.49,19.17,"2024-06-18 02:35:29"
"Run","Center","Pebble","Lightly shaded","Murky bits","","",NA,-72.3718385,42.4442426666667,"2024-06-18 04:52:00","night","DICKEY",46,"iPad",65,"Clear","No rain","23:45","04:55","DCKY202406180137EST",NA,"01:37",NA,NA,NA,NA,1.49,19.17,"2024-06-18 02:35:29"
"Riffle","Center","Boulder","Lightly shaded","","","",NA,-72.460529,42.3813733333333,"2024-06-18 11:18:00","day","AMETHYST",59,"iPad",87,"Clear","No rain","11:18","17:00","AMTH202406181622EST",NA,"16:22",NA,NA,NA,NA,NA,NA,NA
"Run","Center","Boulder","Mostly shaded","","","",NA,-72.4604585,42.3813826666667,"2024-06-18 11:39:00","day","AMETHYST",19,"iPad",87,"Clear","No rain","11:18","17:00","AMTH202406181622EST",NA,"16:22",NA,NA,NA,NA,NA,NA,NA
"Pool","Center","Rock","Mostly shaded","Fish moving around the pool between mostly shaded part and non shaded part.","","",NA,-72.4607595,42.3813361666667,"2024-06-18 12:02:00","day","AMETHYST",56,"iPad",87,"Clear","No rain","11:18","17:00","AMTH202406181622EST",NA,"16:22",NA,NA,NA,NA,NA,NA,NA
"Pool","Right","Pebble","Mostly shaded","","","",NA,-72.4631841666667,42.3794068333333,"2024-06-18 12:40:00","day","AMETHYST",61,"iPad",87,"Clear","No rain","11:18","17:00","AMTH202406181622EST",NA,"16:22",NA,NA,NA,NA,NA,NA,NA
"Glide","Right","Rock","Mostly shaded","","","",NA,-72.460408,42.381272,"2024-06-18 12:54:00","day","AMETHYST",20,"iPad",87,"Clear","No rain","11:18","17:00","AMTH202406181622EST",NA,"16:22",NA,NA,NA,NA,NA,NA,NA
"Pool","Center","Rock","Mostly shaded","","","",NA,-72.4597116666666,42.3812563333333,"2024-06-18 13:18:00","day","AMETHYST",18,"iPad",87,"Clear","No rain","11:18","17:00","AMTH202406181622EST",NA,"16:22",NA,NA,NA,NA,NA,NA,NA
"Riffle","Right","Rock","Lightly shaded","","","",NA,-72.459594,42.3812513333333,"2024-06-18 13:19:00","day","AMETHYST",62,"iPad",87,"Clear","No rain","11:18","17:00","AMTH202406181622EST",NA,"16:22",NA,NA,NA,NA,NA,NA,NA
"Pool","Right","Rock","Lightly shaded","","","",NA,-72.4595971666667,42.381179,"2024-06-18 13:21:00","day","AMETHYST",57,"iPad",87,"Clear","No rain","11:18","17:00","AMTH202406181622EST",NA,"16:22",NA,NA,NA,NA,NA,NA,NA
"Pool","Center","Rock","Lightly shaded","","","",NA,-72.4596565,42.3812821666667,"2024-06-18 13:23:00","day","AMETHYST",11,"iPad",87,"Clear","No rain","11:18","17:00","AMTH202406181622EST",NA,"16:22",NA,NA,NA,NA,NA,NA,NA
"Riffle","Right","Rock","Fully shaded","","","",NA,-72.4599275,42.38138,"2024-06-18 13:28:00","day","AMETHYST",14,"iPad",87,"Clear","No rain","11:18","17:00","AMTH202406181622EST",NA,"16:22",NA,NA,NA,NA,NA,NA,NA
"Pool","Left","Mud","Fully shaded","","Undercut_bank","",NA,-72.4601593333333,42.381294,"2024-06-18 13:30:00","day","AMETHYST",13,"iPad",87,"Clear","No rain","11:18","17:00","AMTH202406181622EST",NA,"16:22",NA,NA,NA,NA,NA,NA,NA
"Pool","Right","Rock","Mostly shaded","","","",NA,-72.463157,42.379568,"2024-06-18 13:53:00","day","AMETHYST",61,"iPad",87,"Clear","No rain","11:18","17:00","AMTH202406181622EST",NA,"16:22",NA,NA,NA,NA,NA,NA,NA
"Pool","Center","Rock","Mostly shaded","","","",NA,-72.4608175,42.3816168333333,"2024-06-18 14:03:00","day","AMETHYST",56,"iPad",87,"Clear","No rain","11:18","17:00","AMTH202406181622EST",NA,"16:22",NA,NA,NA,NA,NA,NA,NA
"Run","Center","Rock","Mostly shaded","","","",NA,-72.4603475,42.3813996666667,"2024-06-18 14:06:00","day","AMETHYST",19,"iPad",87,"Clear","No rain","11:18","17:00","AMTH202406181622EST",NA,"16:22",NA,NA,NA,NA,NA,NA,NA
"Glide","Right","Rock","Lightly shaded","","","",NA,-72.460155,42.3813321666667,"2024-06-18 14:09:00","day","AMETHYST",59,"iPad",87,"Clear","No rain","11:18","17:00","AMTH202406181622EST",NA,"16:22",NA,NA,NA,NA,NA,NA,NA
"Pool","Right","Rock","Fully shaded","Has not moved at all.
","","",NA,-72.4603796666667,42.3811358333333,"2024-06-18 14:12:00","day","AMETHYST",20,"iPad",87,"Clear","No rain","11:18","17:00","AMTH202406181622EST",NA,"16:22",NA,NA,NA,NA,NA,NA,NA
"Pool","Right","Rock","Fully shaded","Climbed up waterfall in Buffom, went very high up and went under a rock.","","",NA,-72.4590393333334,42.381637,"2024-06-18 14:31:00","day","AMETHYST",60,"iPad",87,"Clear","No rain","11:18","17:00","AMTH202406181622EST",NA,"16:22",NA,NA,NA,NA,NA,NA,NA
"Pool","Center","Boulder","Lightly shaded","","","",NA,-72.4597521666667,42.3810858333333,"2024-06-18 14:41:00","day","AMETHYST",11,"iPad",87,"Clear","No rain","11:18","17:00","AMTH202406181622EST",NA,"16:22",NA,NA,NA,NA,NA,NA,NA
"Pool","Center","Boulder","Mostly shaded","","","",NA,-72.4597286666667,42.3810865,"2024-06-18 14:41:00","day","AMETHYST",57,"iPad",87,"Clear","No rain","11:18","17:00","AMTH202406181622EST",NA,"16:22",NA,NA,NA,NA,NA,NA,NA
"Pool","Center","Boulder","Mostly shaded","","","",NA,-72.4597608333333,42.381118,"2024-06-18 14:41:00","day","AMETHYST",18,"iPad",87,"Clear","No rain","11:18","17:00","AMTH202406181622EST",NA,"16:22",NA,NA,NA,NA,NA,NA,NA
"Run","Center","Rock","Lightly shaded","Right at the bottom of the waterfall.","","",NA,-72.459643,42.381093,"2024-06-18 14:43:00","day","AMETHYST",62,"iPad",87,"Clear","No rain","11:18","17:00","AMTH202406181622EST",NA,"16:22",NA,NA,NA,NA,NA,NA,NA
"Riffle","Right","Rock","Lightly shaded","","","",NA,-72.459967,42.381346,"2024-06-18 14:49:00","day","AMETHYST",14,"iPad",87,"Clear","No rain","11:18","17:00","AMTH202406181622EST",NA,"16:22",NA,NA,NA,NA,NA,NA,NA
"Glide","Left","Sand","Fully shaded","","","",NA,-72.4603415,42.3812715,"2024-06-18 14:52:00","day","AMETHYST",13,"iPad",87,"Clear","No rain","11:18","17:00","AMTH202406181622EST",NA,"16:22",NA,NA,NA,NA,NA,NA,NA
"Pool","Right","Pebble","Mostly shaded","","","",NA,-72.4634941666667,42.3796361666667,"2024-06-18 15:02:00","day","AMETHYST",61,"iPad",87,"Clear","No rain","11:18","17:00","AMTH202406181622EST",NA,"16:22",NA,NA,NA,NA,NA,NA,NA
"Pool","Right","Rock","Mostly shaded","","","",NA,-72.4602751666667,42.3810011666667,"2024-06-18 15:13:00","day","AMETHYST",56,"iPad",87,"Clear","No rain","11:18","17:00","AMTH202406181622EST",NA,"16:22",NA,NA,NA,NA,NA,NA,NA
"Pool","Left","Boulder","Mostly shaded","","","",NA,-72.4604543333333,42.3815058333333,"2024-06-18 15:20:00","day","AMETHYST",19,"iPad",87,"Clear","No rain","11:18","17:00","AMTH202406181622EST",NA,"16:22",NA,NA,NA,NA,NA,NA,NA
"Riffle","Right","Rock","Lightly shaded","","","",NA,-72.4604625,42.3814091666667,"2024-06-18 15:22:00","day","AMETHYST",59,"iPad",87,"Clear","No rain","11:18","17:00","AMTH202406181622EST",NA,"16:22",NA,NA,NA,NA,NA,NA,NA
"Pool","Right","Rock","Mostly shaded","","","",NA,-72.4603421666667,42.3812775,"2024-06-18 15:25:00","day","AMETHYST",20,"iPad",87,"Clear","No rain","11:18","17:00","AMTH202406181622EST",NA,"16:22",NA,NA,NA,NA,NA,NA,NA
"Pool","Right","Boulder","Mostly shaded","","","",NA,-72.4590531666667,42.381559,"2024-06-18 15:33:00","day","AMETHYST",60,"iPad",87,"Clear","No rain","11:18","17:00","AMTH202406181622EST",NA,"16:22",NA,NA,NA,NA,NA,NA,NA
"Pool","Center","Rock","Mostly shaded","","","",NA,-72.4596843333333,42.3811523333333,"2024-06-18 15:53:00","day","AMETHYST",18,"iPad",87,"Clear","No rain","11:18","17:00","AMTH202406181622EST",NA,"16:22",NA,NA,NA,NA,NA,NA,NA
"Pool","Center","Rock","Mostly shaded","","","",NA,-72.45965,42.3810983333333,"2024-06-18 15:53:00","day","AMETHYST",11,"iPad",87,"Clear","No rain","11:18","17:00","AMTH202406181622EST",NA,"16:22",NA,NA,NA,NA,NA,NA,NA
"Pool","Center","Rock","Mostly shaded","","","",NA,-72.459611,42.3811045,"2024-06-18 15:53:00","day","AMETHYST",57,"iPad",87,"Clear","No rain","11:18","17:00","AMTH202406181622EST",NA,"16:22",NA,NA,NA,NA,NA,NA,NA
"Run","Right","Rock","Lightly shaded","","","",NA,-72.4595625,42.381055,"2024-06-18 15:55:00","day","AMETHYST",62,"iPad",87,"Clear","No rain","11:18","17:00","AMTH202406181622EST",NA,"16:22",NA,NA,NA,NA,NA,NA,NA
"Pool","Left","Boulder","Fully shaded","","Undercut_bank","",NA,-72.4601956666667,42.381406,"2024-06-18 16:01:00","day","AMETHYST",13,"iPad",87,"Clear","No rain","11:18","17:00","AMTH202406181622EST",NA,"16:22",NA,NA,NA,NA,NA,NA,NA
"Pool","Right","Pebble","Fully shaded","","","",NA,-72.463285,42.379503,"2024-06-18 16:35:00","day","AMETHYST",61,"iPad",87,"Clear","No rain","11:18","17:00","AMTH202406181622EST",NA,"16:22",NA,NA,NA,NA,NA,NA,NA
"Pool","Center","Boulder","Mostly shaded","","","",NA,-72.4603653333333,42.3812506666667,"2024-06-18 16:45:00","day","AMETHYST",20,"iPad",87,"Clear","No rain","11:18","17:00","AMTH202406181622EST",NA,"16:22",NA,NA,NA,NA,NA,NA,NA
"Riffle","Left","Rock","Night","","","",NA,-72.460348,42.3816043333333,"2024-06-18 23:41:00","night","AMETHYST",19,"iPad",70,"Clear","No rain","23:40","04:33","AMTH202406182348EST",NA,"23:48",NA,NA,NA,NA,NA,NA,NA
"Riffle","Center","Rock","Night","Moving thought I saw a higher signal 194","","",189,-72.4603245,42.381543,"2024-06-19 00:15:00","night","AMETHYST",59,"iPad",70,"Clear","No rain","23:40","04:33","AMTH202406182348EST",NA,"23:48",NA,NA,NA,NA,NA,NA,NA
"Run","Left","Rock","Night","","","",NA,-72.4600956666667,42.3812953333333,"2024-06-19 00:20:00","night","AMETHYST",13,"iPad",70,"Clear","No rain","23:40","04:33","AMTH202406182348EST",NA,"23:48",NA,NA,NA,NA,NA,NA,NA
"Run","Center","Rock","Night","","","",NA,-72.4598778333333,42.3811233333333,"2024-06-19 00:30:00","night","AMETHYST",14,"iPad",70,"Clear","No rain","23:40","04:33","AMTH202406182348EST",NA,"23:48",NA,NA,NA,NA,NA,NA,NA
"Riffle","Center","Rock","","","","",NA,-72.4597831666667,42.3811503333333,"2024-06-19 00:38:00","night","AMETHYST",18,"iPad",70,"Clear","No rain","23:40","04:33","AMTH202406182348EST",NA,"23:48",NA,NA,NA,NA,NA,NA,NA
"Pool","Center","Sand","Night","","","",NA,-72.459834,42.3811825,"2024-06-19 00:42:00","night","AMETHYST",57,"iPad",70,"Clear","No rain","23:40","04:33","AMTH202406182348EST",NA,"23:48",NA,NA,NA,NA,NA,NA,NA
"Pool","Center","Sand","Night","","","",NA,-72.4600006666667,42.3811105,"2024-06-19 00:45:00","night","AMETHYST",11,"iPad",70,"Clear","No rain","23:40","04:33","AMTH202406182348EST",NA,"23:48",NA,NA,NA,NA,NA,NA,NA
"Pool","Center","Rock","Night","","","",NA,-72.4596546666667,42.381149,"2024-06-19 00:47:00","night","AMETHYST",62,"iPad",70,"Clear","No rain","23:40","04:33","AMTH202406182348EST",NA,"23:48",NA,NA,NA,NA,NA,NA,NA
"Run","Center","Rock","Night","","","",NA,-72.4589613333333,42.3815643333333,"2024-06-19 01:04:00","night","AMETHYST",60,"iPad",70,"Clear","No rain","23:40","04:33","AMTH202406182348EST",NA,"23:48",NA,NA,NA,NA,NA,NA,NA
"Run","Center","Rock","Night","","","",NA,-72.4602863333333,42.3811335,"2024-06-19 01:23:00","night","AMETHYST",20,"iPad",70,"Clear","No rain","23:40","04:33","AMTH202406182348EST",NA,"23:48",NA,NA,NA,NA,NA,NA,NA
"Pool","Center","Sand","Night","","","",NA,-72.4609045,42.3814945,"2024-06-19 01:37:00","night","AMETHYST",56,"iPad",70,"Clear","No rain","23:40","04:33","AMTH202406182348EST",NA,"23:48",NA,NA,NA,NA,NA,NA,NA
"Pool","Center","Sand","Night","","","",NA,-72.4633026666667,42.3795555,"2024-06-19 01:53:00","night","AMETHYST",61,"iPad",70,"Clear","No rain","23:40","04:33","AMTH202406182348EST",NA,"23:48",NA,NA,NA,NA,NA,NA,NA
"Pool","Left","Sand","Night","","","",NA,-72.460885,42.3815375,"2024-06-19 02:01:00","night","AMETHYST",56,"iPad",70,"Clear","No rain","23:40","04:33","AMTH202406182348EST",NA,"23:48",NA,NA,NA,NA,NA,NA,NA
"Riffle","Center","Rock","Night","","","",NA,-72.4605838333333,42.381639,"2024-06-19 02:07:00","night","AMETHYST",19,"iPad",70,"Clear","No rain","23:40","04:33","AMTH202406182348EST",NA,"23:48",NA,NA,NA,NA,NA,NA,NA
"Riffle","Center","Rock","Night","","","",NA,-72.4602311666667,42.3812833333333,"2024-06-19 02:44:00","night","AMETHYST",59,"iPad",70,"Clear","No rain","23:40","04:33","AMTH202406182348EST",NA,"23:48",NA,NA,NA,NA,NA,NA,NA
"Riffle","Left","Rock","Night","","","",NA,-72.460234,42.3812266666667,"2024-06-19 02:51:00","night","AMETHYST",14,"iPad",70,"Clear","No rain","23:40","04:33","AMTH202406182348EST",NA,"23:48",NA,NA,NA,NA,NA,NA,NA
"Riffle","Center","Rock","Night","","","",NA,-72.4599356666667,42.381317,"2024-06-19 03:11:00","night","AMETHYST",14,"iPad",70,"Clear","No rain","23:40","04:33","AMTH202406182348EST",NA,"23:48",NA,NA,NA,NA,NA,NA,NA
"Pool","Center","Sand","Night","","","",NA,-72.459648,42.3811638333333,"2024-06-19 03:20:00","night","AMETHYST",18,"iPad",70,"Clear","No rain","23:40","04:33","AMTH202406182348EST",NA,"23:48",NA,NA,NA,NA,NA,NA,NA
"Pool","Center","Sand","Night","","","",NA,-72.4598751666667,42.3810815,"2024-06-19 03:21:00","night","AMETHYST",62,"iPad",70,"Clear","No rain","23:40","04:33","AMTH202406182348EST",NA,"23:48",NA,NA,NA,NA,NA,NA,NA
"Pool","Center","Sand","Night","","","",NA,-72.4596716666667,42.3809551666667,"2024-06-19 03:23:00","night","AMETHYST",11,"iPad",70,"Clear","No rain","23:40","04:33","AMTH202406182348EST",NA,"23:48",NA,NA,NA,NA,NA,NA,NA
"Pool","Center","Sand","Night","","","",NA,-72.4598356666667,42.3811228333333,"2024-06-19 03:31:00","night","AMETHYST",57,"iPad",70,"Clear","No rain","23:40","04:33","AMTH202406182348EST",NA,"23:48",NA,NA,NA,NA,NA,NA,NA
"Riffle","Left","Rock","Night","","","",NA,-72.4589653333333,42.3817065,"2024-06-19 03:40:00","night","AMETHYST",60,"iPad",70,"Clear","No rain","23:40","04:33","AMTH202406182348EST",NA,"23:48",NA,NA,NA,NA,NA,NA,NA
"Riffle","Center","Rock","Night","","","",NA,-72.4603516666667,42.3813151666667,"2024-06-19 04:01:00","night","AMETHYST",20,"iPad",70,"Clear","No rain","23:40","04:33","AMTH202406182348EST",NA,"23:48",NA,NA,NA,NA,NA,NA,NA
"Pool","Center","Pebble","Night","","","",NA,-72.4632933333333,42.3797453333333,"2024-06-19 04:15:00","night","AMETHYST",61,"iPad",70,"Clear","No rain","23:40","04:33","AMTH202406182348EST",NA,"23:48",NA,NA,NA,NA,NA,NA,NA
"Pool","Center","Mud","Mostly shaded","","Woody_debris","",NA,-72.5044113333333,42.6675918333333,"2024-06-19 11:16:00","day","DRY UPPER",16,"iPad",90,"Clear","No rain","11:06","16:00","DRYU202406191125EST",NA,"11:25",NA,NA,NA,NA,0.02,17.41,"2024-06-19 12:36:08"
"Pool","Center","Mud","Mostly shaded","","Woody_debris","",NA,-72.5044078333333,42.6676446666667,"2024-06-19 11:22:00","day","DRY UPPER",55,"iPad",90,"Clear","No rain","11:06","16:00","DRYU202406191125EST",NA,"11:25",NA,NA,NA,NA,0.02,17.41,"2024-06-19 12:36:08"
"Pool","Right","Mud","Mostly shaded","","Woody_debris","",NA,-72.5045053333333,42.667747,"2024-06-19 11:24:00","day","DRY UPPER",53,"iPad",90,"Clear","No rain","11:06","16:00","DRYU202406191125EST",NA,"11:25",NA,NA,NA,NA,0.02,17.41,"2024-06-19 12:36:08"
"Pool","Left","Mud","Fully shaded","","Woody_debris","",NA,-72.504899,42.6669481666667,"2024-06-19 11:30:00","day","DRY UPPER",54,"iPad",90,"Clear","No rain","11:06","16:00","DRYU202406191125EST",NA,"11:25",NA,NA,NA,NA,0.02,17.41,"2024-06-19 12:36:08"
"Pool","Center","Mud","Fully shaded","","Woody_debris","",NA,-72.5049448333333,42.6668191666667,"2024-06-19 11:36:00","day","DRY UPPER",48,"iPad",90,"Clear","No rain","11:06","16:00","DRYU202406191125EST",NA,"11:25",NA,NA,NA,NA,0.02,17.41,"2024-06-19 12:36:08"
"Pool","Right","Mud","","","Woody_debris","",NA,-72.5041023333333,42.6660448333333,"2024-06-19 11:49:00","day","DRY UPPER",49,"iPad",90,"Clear","No rain","11:06","16:00","DRYU202406191125EST",NA,"11:25",NA,NA,NA,NA,0.02,17.41,"2024-06-19 12:36:08"
"Pool","Right","Mud","Fully shaded","","Woody_debris","",NA,-72.5041245,42.6661031666667,"2024-06-19 11:50:00","day","DRY UPPER",42,"iPad",90,"Clear","No rain","11:06","16:00","DRYU202406191125EST",NA,"11:25",NA,NA,NA,NA,0.02,17.41,"2024-06-19 12:36:08"
"Pool","Left","Rock","Fully sunny","Under cobble/boulder","","",NA,-72.5044546666667,42.6666688333333,"2024-06-19 12:42:00","day","DRY UPPER",23,"iPad",90,"Clear","No rain","11:06","16:00","DRYU202406191125EST",NA,"11:25",NA,NA,NA,NA,0.02,17.41,"2024-06-19 12:36:08"
"Pool","Left","Mud","Fully sunny","","Woody_debris","",NA,-72.5044771666666,42.6678186666667,"2024-06-19 12:53:00","day","DRY UPPER",22,"iPad",90,"Clear","No rain","11:06","16:00","DRYU202406191125EST",NA,"11:25",NA,NA,NA,NA,0.02,17.41,"2024-06-19 12:36:08"
"Pool","Right","Rock","Mostly shaded","","Woody_debris,Root_bundle","",NA,-72.5044221666667,42.6676336666667,"2024-06-19 13:36:00","day","DRY UPPER",22,"iPad",90,"Clear","No rain","11:06","16:00","DRYU202406191125EST",NA,"11:25",NA,NA,NA,NA,0.02,17.41,"2024-06-19 12:36:08"
"Pool","Right","Mud","Mostly shaded","","Woody_debris,Root_bundle","",NA,-72.5044738333333,42.6676295,"2024-06-19 13:57:00","day","DRY UPPER",53,"iPad",90,"Clear","No rain","11:06","16:00","DRYU202406191125EST",NA,"11:25",NA,NA,NA,NA,0.02,17.41,"2024-06-19 12:36:08"
"Pool","Center","Mud","Fully shaded","","Woody_debris","",NA,-72.504498,42.6676475,"2024-06-19 13:59:00","day","DRY UPPER",55,"iPad",90,"Clear","No rain","11:06","16:00","DRYU202406191125EST",NA,"11:25",NA,NA,NA,NA,0.02,17.41,"2024-06-19 12:36:08"
"Pool","Right","Mud","Fully shaded","","Woody_debris","",NA,-72.504619,42.6676525,"2024-06-19 14:03:00","day","DRY UPPER",16,"iPad",90,"Clear","No rain","11:06","16:00","DRYU202406191125EST",NA,"11:25",NA,NA,NA,NA,0.02,17.41,"2024-06-19 12:36:08"
"Pool","Right","Rock","Fully shaded","","Undercut_bank,Woody_debris","",NA,-72.5049663333333,42.667034,"2024-06-19 14:10:00","day","DRY UPPER",25,"iPad",90,"Clear","No rain","11:06","16:00","DRYU202406191125EST",NA,"11:25",NA,NA,NA,NA,0.02,17.41,"2024-06-19 12:36:08"
"Pool","Right","Rock","Fully shaded","","Woody_debris,Undercut_bank","",NA,-72.504902,42.667064,"2024-06-19 14:10:00","day","DRY UPPER",24,"iPad",90,"Clear","No rain","11:06","16:00","DRYU202406191125EST",NA,"11:25",NA,NA,NA,NA,0.02,17.41,"2024-06-19 12:36:08"
"Pool","Right","Rock","Fully shaded","","Woody_debris,Undercut_bank","",NA,-72.5049173333333,42.6670473333333,"2024-06-19 14:10:00","day","DRY UPPER",21,"iPad",90,"Clear","No rain","11:06","16:00","DRYU202406191125EST",NA,"11:25",NA,NA,NA,NA,0.02,17.41,"2024-06-19 12:36:08"
"Pool","Left","Rock","Mostly shaded","","Woody_debris,Root_bundle","",NA,-72.5048401666667,42.6668136666667,"2024-06-19 14:18:00","day","DRY UPPER",48,"iPad",90,"Clear","No rain","11:06","16:00","DRYU202406191125EST",NA,"11:25",NA,NA,NA,NA,0.02,17.41,"2024-06-19 12:36:08"
"Pool","Left","Mud","Fully shaded","","Woody_debris","",NA,-72.504893,42.6668691666667,"2024-06-19 14:19:00","day","DRY UPPER",54,"iPad",90,"Clear","No rain","11:06","16:00","DRYU202406191125EST",NA,"11:25",NA,NA,NA,NA,0.02,17.41,"2024-06-19 12:36:08"
"Pool","Left","Rock","Fully sunny","","Root_bundle","",NA,-72.5044188333333,42.6665735,"2024-06-19 14:23:00","day","DRY UPPER",23,"iPad",90,"Clear","No rain","11:06","16:00","DRYU202406191125EST",NA,"11:25",NA,NA,NA,NA,0.02,17.41,"2024-06-19 12:36:08"
"Pool","Right","Rock","Mostly shaded","","Woody_debris,Root_bundle","",NA,-72.5039983333333,42.6659973333333,"2024-06-19 14:29:00","day","DRY UPPER",42,"iPad",90,"Clear","No rain","11:06","16:00","DRYU202406191125EST",NA,"11:25",NA,NA,NA,NA,0.02,17.41,"2024-06-19 12:36:08"
"Pool","Left","Rock","Fully shaded","","Woody_debris","",NA,-72.5040871666667,42.666066,"2024-06-19 14:34:00","day","DRY UPPER",49,"iPad",90,"Clear","No rain","11:06","16:00","DRYU202406191125EST",NA,"11:25",NA,NA,NA,NA,0.02,17.41,"2024-06-19 12:36:08"
"Pool","Right","Mud","Night","","Woody_debris","",NA,-72.5047876666667,42.6676861666667,"2024-06-20 00:15:00","night","DRY UPPER",22,"iPad",78,"Clear","No rain","23:42","05:07","DRYU202406192346EST",NA,"23:46",NA,NA,NA,NA,0.3,12.98,"2024-06-20 00:32:19"
"Pool","Right","Mud","Night","","Woody_debris","",NA,-72.5047105,42.6676826666667,"2024-06-20 00:19:00","night","DRY UPPER",16,"iPad",78,"Clear","No rain","23:42","05:07","DRYU202406192346EST",NA,"23:46",NA,NA,NA,NA,0.3,12.98,"2024-06-20 00:32:19"
"Pool","Center","Mud","Night","","Woody_debris","",NA,-72.5048131666667,42.6677003333333,"2024-06-20 00:19:00","night","DRY UPPER",53,"iPad",78,"Clear","No rain","23:42","05:07","DRYU202406192346EST",NA,"23:46",NA,NA,NA,NA,0.3,12.98,"2024-06-20 00:32:19"
"Glide","Center","Mud","Night","","Woody_debris","",NA,-72.5046286666667,42.6675571666667,"2024-06-20 00:21:00","night","DRY UPPER",55,"iPad",78,"Clear","No rain","23:42","05:07","DRYU202406192346EST",NA,"23:46",NA,NA,NA,NA,0.3,12.98,"2024-06-20 00:32:19"
"Run","Center","Rock","Night","","","",NA,-72.5051676666667,42.6670171666667,"2024-06-20 00:30:00","night","DRY UPPER",21,"iPad",78,"Clear","No rain","23:42","05:07","DRYU202406192346EST",NA,"23:46",NA,NA,NA,NA,0.3,12.98,"2024-06-20 00:32:19"
"Pool","Center","Sand","Night","","","",NA,-72.5052358333333,42.6670928333333,"2024-06-20 00:31:00","night","DRY UPPER",25,"iPad",78,"Clear","No rain","23:42","05:07","DRYU202406192346EST",NA,"23:46",NA,NA,NA,NA,0.3,12.98,"2024-06-20 00:32:19"
"Pool","Center","Sand","Night","","","",NA,-72.505028,42.667268,"2024-06-20 00:34:00","night","DRY UPPER",24,"iPad",78,"Clear","No rain","23:42","05:07","DRYU202406192346EST",NA,"23:46",NA,NA,NA,NA,0.3,12.98,"2024-06-20 00:32:19"
"Pool","Center","Rock","Night","","Woody_debris","",182,-72.5048991666667,42.666828,"2024-06-20 00:53:00","night","DRY UPPER",48,"iPad",78,"Clear","No rain","23:42","05:07","DRYU202406192346EST",NA,"23:46",NA,NA,NA,NA,0.3,12.98,"2024-06-20 00:32:19"
"Run","Left","Rock","Night","","","",NA,-72.5040556666667,42.6660393333333,"2024-06-20 01:09:00","night","DRY UPPER",23,"iPad",78,"Clear","No rain","23:42","05:07","DRYU202406192346EST",NA,"23:46",NA,NA,NA,NA,0.3,12.98,"2024-06-20 00:32:19"
"Run","Center","Rock","Night","","","",NA,-72.5041451666667,42.666041,"2024-06-20 01:10:00","night","DRY UPPER",42,"iPad",78,"Clear","No rain","23:42","05:07","DRYU202406192346EST",NA,"23:46",NA,NA,NA,NA,0.3,12.98,"2024-06-20 00:32:19"
"Run","Center","Rock","Night","","","",NA,-72.5041066666667,42.6660445,"2024-06-20 01:11:00","night","DRY UPPER",49,"iPad",78,"Clear","No rain","23:42","05:07","DRYU202406192346EST",NA,"23:46",NA,NA,NA,NA,0.3,12.98,"2024-06-20 00:32:19"
"Run","Right","Rock","Night","","","",NA,-72.5042263333333,42.666016,"2024-06-20 01:50:00","night","DRY UPPER",49,"iPad",78,"Clear","No rain","23:42","05:07","DRYU202406192346EST",NA,"23:46",NA,NA,NA,NA,0.3,12.98,"2024-06-20 00:32:19"
"Run","Center","Rock","Night","","Woody_debris,Root_bundle","",NA,-72.5042091666667,42.6660716666667,"2024-06-20 01:54:00","night","DRY UPPER",42,"iPad",78,"Clear","No rain","23:42","05:07","DRYU202406192346EST",NA,"23:46",NA,NA,NA,NA,0.3,12.98,"2024-06-20 00:32:19"
"Run","Right","Rock","Night","","","",NA,-72.5041566666667,42.6660743333333,"2024-06-20 01:57:00","night","DRY UPPER",23,"iPad",78,"Clear","No rain","23:42","05:07","DRYU202406192346EST",NA,"23:46",NA,NA,NA,NA,0.3,12.98,"2024-06-20 00:32:19"
"Riffle","Center","Pebble","Night","","Woody_debris,Root_bundle","",NA,-72.504807,42.6668366666667,"2024-06-20 02:17:00","night","DRY UPPER",48,"iPad",78,"Clear","No rain","23:42","05:07","DRYU202406192346EST",NA,"23:46",NA,NA,NA,NA,0.3,12.98,"2024-06-20 00:32:19"
"Pool","Left","Rock","Night","","","",NA,-72.504815,42.6668621666667,"2024-06-20 02:28:00","night","DRY UPPER",54,"iPad",78,"Clear","No rain","23:42","05:07","DRYU202406192346EST",NA,"23:46",NA,NA,NA,NA,0.3,12.98,"2024-06-20 00:32:19"
"Run","Right","Rock","Night","","","",NA,-72.505143,42.666996,"2024-06-20 02:32:00","night","DRY UPPER",21,"iPad",78,"Clear","No rain","23:42","05:07","DRYU202406192346EST",NA,"23:46",NA,NA,NA,NA,0.3,12.98,"2024-06-20 00:32:19"
"Run","Center","Rock","Night","","","",NA,-72.5050136666667,42.6670671666667,"2024-06-20 02:34:00","night","DRY UPPER",25,"iPad",78,"Clear","No rain","23:42","05:07","DRYU202406192346EST",NA,"23:46",NA,NA,NA,NA,0.3,12.98,"2024-06-20 00:32:19"
"Run","Right","Rock","Night","","","",NA,-72.5050386666667,42.6670516666667,"2024-06-20 02:40:00","night","DRY UPPER",24,"iPad",78,"Clear","No rain","23:42","05:07","DRYU202406192346EST",NA,"23:46",NA,NA,NA,NA,0.3,12.98,"2024-06-20 00:32:19"
"Pool","Center","Sand","Night","","Root_bundle,Woody_debris","",NA,-72.5044705,42.6675968333333,"2024-06-20 02:54:00","night","DRY UPPER",53,"iPad",78,"Clear","No rain","23:42","05:07","DRYU202406192346EST",NA,"23:46",NA,NA,NA,NA,0.3,12.98,"2024-06-20 00:32:19"
"Pool","Center","Sand","Night","","Root_bundle,Woody_debris","",NA,-72.5045658333333,42.6677365,"2024-06-20 02:55:00","night","DRY UPPER",16,"iPad",78,"Clear","No rain","23:42","05:07","DRYU202406192346EST",NA,"23:46",NA,NA,NA,NA,0.3,12.98,"2024-06-20 00:32:19"
"Pool","Center","Sand","Night","","Root_bundle,Woody_debris","",NA,-72.5046533333333,42.6676466666667,"2024-06-20 03:03:00","night","DRY UPPER",55,"iPad",78,"Clear","No rain","23:42","05:07","DRYU202406192346EST",NA,"23:46",NA,NA,NA,NA,0.3,12.98,"2024-06-20 00:32:19"
"Pool","Center","Mud","Night","","","",NA,-72.5044003333333,42.6676883333333,"2024-06-20 03:09:00","night","DRY UPPER",22,"iPad",78,"Clear","No rain","23:42","05:07","DRYU202406192346EST",NA,"23:46",NA,NA,NA,NA,0.3,12.98,"2024-06-20 00:32:19"
"Pool","Center","Mud","Night","","","",NA,-72.5045475,42.667682,"2024-06-20 03:56:00","night","DRY UPPER",22,"iPad",78,"Clear","No rain","23:42","05:07","DRYU202406192346EST",NA,"23:46",NA,NA,NA,NA,0.3,12.98,"2024-06-20 00:32:19"
"Pool","Center","Mud","Night","","","",NA,-72.504527,42.667573,"2024-06-20 03:57:00","night","DRY UPPER",53,"iPad",78,"Clear","No rain","23:42","05:07","DRYU202406192346EST",NA,"23:46",NA,NA,NA,NA,0.3,12.98,"2024-06-20 00:32:19"
"Pool","Center","Mud","Night","","Woody_debris","",NA,-72.5046036666667,42.66762,"2024-06-20 03:58:00","night","DRY UPPER",55,"iPad",78,"Clear","No rain","23:42","05:07","DRYU202406192346EST",NA,"23:46",NA,NA,NA,NA,0.3,12.98,"2024-06-20 00:32:19"
"Pool","Center","Mud","Night","","Woody_debris","",188,-72.5045655,42.667624,"2024-06-20 04:07:00","night","DRY UPPER",16,"iPad",78,"Clear","No rain","23:42","05:07","DRYU202406192346EST",NA,"23:46",NA,NA,NA,NA,0.3,12.98,"2024-06-20 00:32:19"
"Run","Right","Rock","Night","","Undercut_bank","",NA,-72.505069,42.6670771666667,"2024-06-20 04:11:00","night","DRY UPPER",21,"iPad",78,"Clear","No rain","23:42","05:07","DRYU202406192346EST",NA,"23:46",NA,NA,NA,NA,0.3,12.98,"2024-06-20 00:32:19"
"Pool","Right","Rock","Night","","","",NA,-72.5050978333334,42.6670006666667,"2024-06-20 04:14:00","night","DRY UPPER",25,"iPad",78,"Clear","No rain","23:42","05:07","DRYU202406192346EST",NA,"23:46",NA,NA,NA,NA,0.3,12.98,"2024-06-20 00:32:19"
"Pool","Center","Rock","Night","","","",NA,-72.5050755,42.6670995,"2024-06-20 04:24:00","night","DRY UPPER",24,"iPad",78,"Clear","No rain","23:42","05:07","DRYU202406192346EST",NA,"23:46",NA,NA,NA,NA,0.3,12.98,"2024-06-20 00:32:19"
"Pool","Center","Pebble","Night","","","",NA,-72.5047521666667,42.6668755,"2024-06-20 04:28:00","night","DRY UPPER",54,"iPad",78,"Clear","No rain","23:42","05:07","DRYU202406192346EST",NA,"23:46",NA,NA,NA,NA,0.3,12.98,"2024-06-20 00:32:19"
"Pool","Right","Rock","Night","","Woody_debris","",NA,-72.504778,42.6667675,"2024-06-20 04:29:00","night","DRY UPPER",48,"iPad",78,"Clear","No rain","23:42","05:07","DRYU202406192346EST",NA,"23:46",NA,NA,NA,NA,0.3,12.98,"2024-06-20 00:32:19"
"Riffle","Right","Pebble","Night","","Woody_debris","",NA,-72.5041736666667,42.665972,"2024-06-20 04:38:00","night","DRY UPPER",23,"iPad",78,"Clear","No rain","23:42","05:07","DRYU202406192346EST",NA,"23:46",NA,NA,NA,NA,0.3,12.98,"2024-06-20 00:32:19"
"Pool","Center","Pebble","Night","","","",189,-72.5041498333333,42.6659593333333,"2024-06-20 04:51:00","night","DRY UPPER",42,"iPad",78,"Clear","No rain","23:42","05:07","DRYU202406192346EST",NA,"23:46",NA,NA,NA,NA,0.3,12.98,"2024-06-20 00:32:19"
"Pool","Right","Pebble","Night","","","",188,-72.5042423333333,42.6658913333333,"2024-06-20 04:52:00","night","DRY UPPER",49,"iPad",78,"Clear","No rain","23:42","05:07","DRYU202406192346EST",NA,"23:46",NA,NA,NA,NA,0.3,12.98,"2024-06-20 00:32:19"
"Pool","Left","Rock","Mostly shaded","","","",NA,-72.3248981666667,42.4450986666667,"2024-06-20 11:27:00","day","UNDERHILL",41,"iPad",84,"Clear","No rain","11:06","17:00","UNDH202406201126EST",NA,"11:26",NA,NA,NA,NA,0.02,20.79,"2024-06-20 14:32:38"
"Run","Right","Rock","Fully shaded","","","",NA,-72.3254238333333,42.4451858333333,"2024-06-20 11:34:00","day","UNDERHILL",43,"iPad",84,"Clear","No rain","11:06","17:00","UNDH202406201126EST",NA,"11:26",NA,NA,NA,NA,0.02,20.79,"2024-06-20 14:32:38"
"Riffle","Center","Rock","Fully shaded","","","",NA,-72.3257078333333,42.445207,"2024-06-20 11:38:00","day","UNDERHILL",40,"iPad",84,"Clear","No rain","11:06","17:00","UNDH202406201126EST",NA,"11:26",NA,NA,NA,NA,0.02,20.79,"2024-06-20 14:32:38"
"Riffle","Right","Rock","Fully shaded","","","",NA,-72.3267263333333,42.4455731666667,"2024-06-20 11:47:00","day","UNDERHILL",33,"iPad",84,"Clear","No rain","11:06","17:00","UNDH202406201126EST",NA,"11:26",NA,NA,NA,NA,0.02,20.79,"2024-06-20 14:32:38"
"Pool","Right","Boulder","Fully sunny","","","",NA,-72.3267833333333,42.445612,"2024-06-20 11:49:00","day","UNDERHILL",34,"iPad",84,"Clear","No rain","11:06","17:00","UNDH202406201126EST",NA,"11:26",NA,NA,NA,NA,0.02,20.79,"2024-06-20 14:32:38"
"Run","Right","Rock","Fully shaded","","","",NA,-72.3276551666667,42.4452848333333,"2024-06-20 12:06:00","day","UNDERHILL",36,"iPad",84,"Clear","No rain","11:06","17:00","UNDH202406201126EST",NA,"11:26",NA,NA,NA,NA,0.02,20.79,"2024-06-20 14:32:38"
"Pool","Right","Rock","Mostly shaded","","Undercut_bank","",NA,-72.3277426666667,42.4449496666667,"2024-06-20 12:08:00","day","UNDERHILL",27,"iPad",84,"Clear","No rain","11:06","17:00","UNDH202406201126EST",NA,"11:26",NA,NA,NA,NA,0.02,20.79,"2024-06-20 14:32:38"
"Pool","Center","Rock","Fully shaded","","","",NA,-72.3284686666667,42.4448273333333,"2024-06-20 12:18:00","day","UNDERHILL",44,"iPad",84,"Clear","No rain","11:06","17:00","UNDH202406201126EST",NA,"11:26",NA,NA,NA,NA,0.02,20.79,"2024-06-20 14:32:38"
"Pool","Center","Boulder","Mostly shaded","","","",NA,-72.3283798333333,42.4447698333333,"2024-06-20 13:01:00","day","UNDERHILL",44,"iPad",84,"Clear","No rain","11:06","17:00","UNDH202406201126EST",NA,"11:26",NA,NA,NA,NA,0.02,20.79,"2024-06-20 14:32:38"
"Run","Center","Rock","Fully shaded","","","",NA,-72.3277668333333,42.444922,"2024-06-20 13:10:00","day","UNDERHILL",27,"iPad",84,"Clear","No rain","11:06","17:00","UNDH202406201126EST",NA,"11:26",NA,NA,NA,NA,0.02,20.79,"2024-06-20 14:32:38"
"Run","Center","Rock","Fully shaded","","","",NA,-72.3277653333333,42.4451355,"2024-06-20 13:12:00","day","UNDERHILL",45,"iPad",84,"Clear","No rain","11:06","17:00","UNDH202406201126EST",NA,"11:26",NA,NA,NA,NA,0.02,20.79,"2024-06-20 14:32:38"
"Glide","Center","Rock","Fully shaded","","","",NA,-72.3276035,42.4453663333333,"2024-06-20 13:14:00","day","UNDERHILL",36,"iPad",84,"Clear","No rain","11:06","17:00","UNDH202406201126EST",NA,"11:26",NA,NA,NA,NA,0.02,20.79,"2024-06-20 14:32:38"
"Pool","Right","Rock","Fully shaded","","","",NA,-72.3267166666667,42.4454046666667,"2024-06-20 13:23:00","day","UNDERHILL",34,"iPad",84,"Clear","No rain","11:06","17:00","UNDH202406201126EST",NA,"11:26",NA,NA,NA,NA,0.02,20.79,"2024-06-20 14:32:38"
"Riffle","Left","Rock","Fully shaded","","","",NA,-72.3265928333333,42.4455925,"2024-06-20 13:25:00","day","UNDERHILL",33,"iPad",84,"Clear","No rain","11:06","17:00","UNDH202406201126EST",NA,"11:26",NA,NA,NA,NA,0.02,20.79,"2024-06-20 14:32:38"
"Run","Center","Rock","Fully shaded","","","",NA,-72.325667,42.445198,"2024-06-20 13:32:00","day","UNDERHILL",40,"iPad",84,"Clear","No rain","11:06","17:00","UNDH202406201126EST",NA,"11:26",NA,NA,NA,NA,0.02,20.79,"2024-06-20 14:32:38"
"Riffle","Right","Rock","Fully shaded","","","",NA,-72.3252275,42.4450648333333,"2024-06-20 13:36:00","day","UNDERHILL",43,"iPad",84,"Clear","No rain","11:06","17:00","UNDH202406201126EST",NA,"11:26",NA,NA,NA,NA,0.02,20.79,"2024-06-20 14:32:38"
"Pool","Center","Rock","Fully shaded","","","",NA,-72.3247833333333,42.4450298333333,"2024-06-20 13:40:00","day","UNDERHILL",41,"iPad",84,"Clear","No rain","11:06","17:00","UNDH202406201126EST",NA,"11:26",NA,NA,NA,NA,0.02,20.79,"2024-06-20 14:32:38"
"Run","Center","Boulder","Mostly shaded","","","",NA,-72.3295416666667,42.4435698333333,"2024-06-20 15:27:00","day","UNDERHILL",35,"iPad",84,"Clear","No rain","11:06","17:00","UNDH202406201126EST",NA,"11:26",NA,NA,NA,NA,0.02,20.79,"2024-06-20 14:32:38"
"Pool","Center","Rock","Fully shaded","","","",NA,-72.3283183333333,42.4448188333333,"2024-06-20 15:38:00","day","UNDERHILL",44,"iPad",84,"Clear","No rain","11:06","17:00","UNDH202406201126EST",NA,"11:26",NA,NA,NA,NA,0.02,20.79,"2024-06-20 14:32:38"
"Run","Center","Rock","Fully shaded","","","",NA,-72.3278,42.4451383333333,"2024-06-20 16:04:00","day","UNDERHILL",27,"iPad",84,"Clear","No rain","11:06","17:00","UNDH202406201126EST",NA,"11:26",NA,NA,NA,NA,0.02,20.79,"2024-06-20 14:32:38"
"Run","Center","Rock","Fully shaded","","","",NA,-72.3278106666667,42.4453163333333,"2024-06-20 16:04:00","day","UNDERHILL",45,"iPad",84,"Clear","No rain","11:06","17:00","UNDH202406201126EST",NA,"11:26",NA,NA,NA,NA,0.02,20.79,"2024-06-20 14:32:38"
"Run","Center","Rock","Fully shaded","","","",NA,-72.327627,42.4455275,"2024-06-20 16:07:00","day","UNDERHILL",36,"iPad",84,"Clear","No rain","11:06","17:00","UNDH202406201126EST",NA,"11:26",NA,NA,NA,NA,0.02,20.79,"2024-06-20 14:32:38"
"Riffle","Right","Rock","Lightly shaded","","","",NA,-72.3265143333333,42.4453916666667,"2024-06-20 16:14:00","day","UNDERHILL",34,"iPad",84,"Clear","No rain","11:06","17:00","UNDH202406201126EST",NA,"11:26",NA,NA,NA,NA,0.02,20.79,"2024-06-20 14:32:38"
"Riffle","Left","Rock","Fully shaded","","","",NA,-72.3264415,42.4455025,"2024-06-20 16:18:00","day","UNDERHILL",33,"iPad",84,"Clear","No rain","11:06","17:00","UNDH202406201126EST",NA,"11:26",NA,NA,NA,NA,0.02,20.79,"2024-06-20 14:32:38"
"Riffle","Center","Rock","Lightly shaded","","","",NA,-72.3256888333333,42.4452306666667,"2024-06-20 16:22:00","day","UNDERHILL",40,"iPad",84,"Clear","No rain","11:06","17:00","UNDH202406201126EST",NA,"11:26",NA,NA,NA,NA,0.02,20.79,"2024-06-20 14:32:38"
"Pool","Right","Rock","Fully shaded","","","",NA,-72.3253243333333,42.4451041666667,"2024-06-20 16:24:00","day","UNDERHILL",43,"iPad",84,"Clear","No rain","11:06","17:00","UNDH202406201126EST",NA,"11:26",NA,NA,NA,NA,0.02,20.79,"2024-06-20 14:32:38"
"Pool","Center","Rock","Fully shaded","Centralized in unreachable zone","","",185,-72.3247801666667,42.444942,"2024-06-20 16:28:00","day","UNDERHILL",41,"iPad",84,"Clear","No rain","11:06","17:00","UNDH202406201126EST",NA,"11:26",NA,NA,NA,NA,0.02,20.79,"2024-06-20 14:32:38"
"Pool","Center","Rock","Night","","","",NA,-72.3247861666667,42.4449723333333,"2024-06-20 23:33:00","night","UNDERHILL",41,"iPad",74,"Cloudy","No rain","23:26","04:16","UNDH202406202332EST",NA,"23:32",NA,NA,NA,NA,0.04,20.33,"2024-06-21 00:36:10"
"Riffle","Center","Rock","Night","","","",NA,-72.3256395,42.4451986666667,"2024-06-20 23:42:00","night","UNDERHILL",40,"iPad",74,"Cloudy","No rain","23:26","04:16","UNDH202406202332EST",NA,"23:32",NA,NA,NA,NA,0.04,20.33,"2024-06-21 00:36:10"
"Riffle","Center","Rock","Night","","","",NA,-72.3266338333333,42.4453578333333,"2024-06-20 23:54:00","night","UNDERHILL",34,"iPad",74,"Cloudy","No rain","23:26","04:16","UNDH202406202332EST",NA,"23:32",NA,NA,NA,NA,0.04,20.33,"2024-06-21 00:36:10"
"Pool","Right","","Mostly shaded","","","Rock",NA,-72.4599338333333,42.3812821666667,"2024-06-17 14:35:00","day","AMETHYST",19,"iPad",87,"Clear","No rain","11:18","17:00","AMTH202406181622EST",NA,"16:22",NA,NA,NA,NA,NA,NA,NA
