"habitat","position","substrate","shade","fishNotes","habitatExtra","substrateExtra","signal","lon","lat","trackedTime_EST","shift","river","tagID","source","airTemp","cloud","precip","startTime_EST","endTime_EST","isoID","streamNotes","isoTime_EST","downstreamGPS","downstreamGain","upstreamGPS","upstreamGain","totalDischarge","meanTemp","flowTime_EST"
"Pool","Right",NA,"Mostly shaded","","Woody_debris","Rock,Sand",NA,-72.5068741666667,42.6681163333333,"2024-07-23 07:28:00","day","DRY UPPER",39.1,"iPad",83,"Mostly cloudy","Moderate rain","07:27","13:24","DRYU202407230833EST","","08:33","42.6342708 N , 72.4923600 W",60,"42.6682103 N 72.5069701",75,0.13,12.91,"2024-07-23 08:27:20"
"","",NA,"","Dead","","",NA,-72.507004,42.668273,"2024-07-23 07:56:00","day","DRY UPPER",46.1,"iPad",83,"Mostly cloudy","Moderate rain","07:27","13:24","DRYU202407230833EST","","08:33","42.6342708 N , 72.4923600 W",60,"42.6682103 N 72.5069701",75,0.13,12.91,"2024-07-23 08:27:20"
"Riffle","Left",NA,"Mostly shaded","Very shallow water. Can’t see fish or tag.","","",NA,-72.5059828333333,42.6683675,"2024-07-23 08:07:00","day","DRY UPPER",29.1,"iPad",83,"Mostly cloudy","Moderate rain","07:27","13:24","DRYU202407230833EST","","08:33","42.6342708 N , 72.4923600 W",60,"42.6682103 N 72.5069701",75,0.13,12.91,"2024-07-23 08:27:20"
"Pool","Left",NA,"Mostly shaded","","Woody_debris","Mud",NA,-72.504952,42.6681673333333,"2024-07-23 08:44:00","day","DRY UPPER",30.1,"iPad",83,"Mostly cloudy","Moderate rain","07:27","13:24","DRYU202407230833EST","","08:33","42.6342708 N , 72.4923600 W",60,"42.6682103 N 72.5069701",75,0.13,12.91,"2024-07-23 08:27:20"
"Pool","Right",NA,"Fully shaded","Up under cutback.","Woody_debris,Undercut_bank","Mud,Sand",NA,-72.5046003333333,42.6677536666667,"2024-07-23 08:52:00","day","DRY UPPER",16,"iPad",83,"Mostly cloudy","Moderate rain","07:27","13:24","DRYU202407230833EST","","08:33","42.6342708 N , 72.4923600 W",60,"42.6682103 N 72.5069701",75,0.13,12.91,"2024-07-23 08:27:20"
"Pool","",NA,"Mostly shaded","Dead have tag","Woody_debris","Rock,Sand",NA,-72.5040813333333,42.666032,"2024-07-23 09:06:00","day","DRY UPPER",55,"iPad",83,"Mostly cloudy","Moderate rain","07:27","13:24","DRYU202407230833EST","","08:33","42.6342708 N , 72.4923600 W",60,"42.6682103 N 72.5069701",75,0.13,12.91,"2024-07-23 08:27:20"
"Pool","Right",NA,"Mostly shaded","","Woody_debris,Undercut_bank","Sand,Mud",NA,-72.5044763333333,42.6676223333333,"2024-07-23 10:03:00","day","DRY UPPER",16,"iPad",83,"Mostly cloudy","Moderate rain","07:27","13:24","DRYU202407230833EST","","08:33","42.6342708 N , 72.4923600 W",60,"42.6682103 N 72.5069701",75,0.13,12.91,"2024-07-23 08:27:20"
"Pool","",NA,"Mostly shaded","","Woody_debris","Mud,Sand",NA,-72.5049828333333,42.6681621666667,"2024-07-23 10:11:00","day","DRY UPPER",30.1,"iPad",83,"Mostly cloudy","Moderate rain","07:27","13:24","DRYU202407230833EST","","08:33","42.6342708 N , 72.4923600 W",60,"42.6682103 N 72.5069701",75,0.13,12.91,"2024-07-23 08:27:20"
"Pool","Left",NA,"Fully shaded","","Woody_debris","Pebble,Rock",NA,-72.505925,42.668464,"2024-07-23 10:20:00","day","DRY UPPER",29.1,"iPad",83,"Mostly cloudy","Moderate rain","07:27","13:24","DRYU202407230833EST","","08:33","42.6342708 N , 72.4923600 W",60,"42.6682103 N 72.5069701",75,0.13,12.91,"2024-07-23 08:27:20"
"Pool","Right",NA,"","","Undercut_bank","Rock",NA,-72.5068071666667,42.6680323333333,"2024-07-23 10:25:00","day","DRY UPPER",39.1,"iPad",83,"Mostly cloudy","Moderate rain","07:27","13:24","DRYU202407230833EST","","08:33","42.6342708 N , 72.4923600 W",60,"42.6682103 N 72.5069701",75,0.13,12.91,"2024-07-23 08:27:20"
"Pool","Right",NA,"Fully shaded","","Undercut_bank","Rock",NA,-72.5068748333333,42.6681108333333,"2024-07-23 11:43:00","day","DRY UPPER",39.1,"iPad",83,"Mostly cloudy","Moderate rain","07:27","13:24","DRYU202407230833EST","","08:33","42.6342708 N , 72.4923600 W",60,"42.6682103 N 72.5069701",75,0.13,12.91,"2024-07-23 08:27:20"
"Pool","Left",NA,"Mostly shaded","","Woody_debris","Sand,Pebble,Rock",NA,-72.5058535,42.6684323333333,"2024-07-23 12:03:00","day","DRY UPPER",29.1,"iPad",83,"Mostly cloudy","Moderate rain","07:27","13:24","DRYU202407230833EST","","08:33","42.6342708 N , 72.4923600 W",60,"42.6682103 N 72.5069701",75,0.13,12.91,"2024-07-23 08:27:20"
"Pool","Center",NA,"Lightly shaded","","Woody_debris","Mud,Sand",NA,-72.5050821666667,42.6682521666667,"2024-07-23 12:19:00","day","DRY UPPER",30.1,"iPad",83,"Mostly cloudy","Moderate rain","07:27","13:24","DRYU202407230833EST","","08:33","42.6342708 N , 72.4923600 W",60,"42.6682103 N 72.5069701",75,0.13,12.91,"2024-07-23 08:27:20"
"Pool","Center",NA,"Mostly shaded","","Woody_debris","Pebble,Granule,Sand",NA,-72.5047115,42.6675783333333,"2024-07-23 12:27:00","day","DRY UPPER",16,"iPad",83,"Mostly cloudy","Moderate rain","07:27","13:24","DRYU202407230833EST","","08:33","42.6342708 N , 72.4923600 W",60,"42.6682103 N 72.5069701",75,0.13,12.91,"2024-07-23 08:27:20"
"Pool","Right",NA,"Fully shaded","","Woody_debris","Mud,Sand",NA,-72.5045998333333,42.6676711666667,"2024-07-23 12:40:00","day","DRY UPPER",16,"iPad",83,"Mostly cloudy","Moderate rain","07:27","13:24","DRYU202407230833EST","","08:33","42.6342708 N , 72.4923600 W",60,"42.6682103 N 72.5069701",75,0.13,12.91,"2024-07-23 08:27:20"
"Pool","Left",NA,"Mostly shaded","","Woody_debris","Mud,Sand",NA,-72.5050413333333,42.6682811666667,"2024-07-23 12:45:00","day","DRY UPPER",30.1,"iPad",83,"Mostly cloudy","Moderate rain","07:27","13:24","DRYU202407230833EST","","08:33","42.6342708 N , 72.4923600 W",60,"42.6682103 N 72.5069701",75,0.13,12.91,"2024-07-23 08:27:20"
"Pool","",NA,"Mostly shaded","","Woody_debris","Rock,Sand",NA,-72.5058188333333,42.668405,"2024-07-23 12:49:00","day","DRY UPPER",29.1,"iPad",83,"Mostly cloudy","Moderate rain","07:27","13:24","DRYU202407230833EST","","08:33","42.6342708 N , 72.4923600 W",60,"42.6682103 N 72.5069701",75,0.13,12.91,"2024-07-23 08:27:20"
"Pool","Right",NA,"Mostly shaded","","Woody_debris","Rock",NA,-72.5068215,42.6681185,"2024-07-23 12:59:00","day","DRY UPPER",39.1,"iPad",83,"Mostly cloudy","Moderate rain","07:27","13:24","DRYU202407230833EST","","08:33","42.6342708 N , 72.4923600 W",60,"42.6682103 N 72.5069701",75,0.13,12.91,"2024-07-23 08:27:20"
"Pool","Right",NA,"Fully shaded","","Woody_debris","Mud",NA,-72.5046393333333,42.667525,"2024-07-23 17:34:00","night","DRY UPPER",16,"iPad",71,"Cloudy","No rain","17:13","22:43","DRYU202407231815EST","There were a ton of 999/ error codes.","18:15","Lat:42.6587346 N Long: 72.50041230 W",75,"Lat: 42.6688091 N Long: 72.5076269 W",80,0.16,14.02,"2024-07-23 18:09:40"
"Pool","Center",NA,"Fully shaded","","Woody_debris","Mud,Rock",NA,-72.504988,42.6682316666667,"2024-07-23 17:43:00","night","DRY UPPER",30.1,"iPad",71,"Cloudy","No rain","17:13","22:43","DRYU202407231815EST","There were a ton of 999/ error codes.","18:15","Lat:42.6587346 N Long: 72.50041230 W",75,"Lat: 42.6688091 N Long: 72.5076269 W",80,0.16,14.02,"2024-07-23 18:09:40"
"Pool","Center",NA,"Fully shaded","","Woody_debris","Mud,Rock",NA,-72.5058601666667,42.6683203333333,"2024-07-23 17:48:00","night","DRY UPPER",29.1,"iPad",71,"Cloudy","No rain","17:13","22:43","DRYU202407231815EST","There were a ton of 999/ error codes.","18:15","Lat:42.6587346 N Long: 72.50041230 W",75,"Lat: 42.6688091 N Long: 72.5076269 W",80,0.16,14.02,"2024-07-23 18:09:40"
"Pool","Right",NA,"Fully shaded","","Woody_debris,Undercut_bank","Rock,Mud",NA,-72.5069206666667,42.6680536666667,"2024-07-23 17:52:00","night","DRY UPPER",39.1,"iPad",71,"Cloudy","No rain","17:13","22:43","DRYU202407231815EST","There were a ton of 999/ error codes.","18:15","Lat:42.6587346 N Long: 72.50041230 W",75,"Lat: 42.6688091 N Long: 72.5076269 W",80,0.16,14.02,"2024-07-23 18:09:40"
"Pool","Right",NA,"Fully shaded","","Woody_debris","Mud,Rock",NA,-72.5046738333333,42.6676178333333,"2024-07-23 18:08:00","night","DRY UPPER",16,"iPad",71,"Cloudy","No rain","17:13","22:43","DRYU202407231815EST","There were a ton of 999/ error codes.","18:15","Lat:42.6587346 N Long: 72.50041230 W",75,"Lat: 42.6688091 N Long: 72.5076269 W",80,0.16,14.02,"2024-07-23 18:09:40"
"Pool","Center",NA,"Fully shaded","","Woody_debris","Mud,Pebble,Rock",NA,-72.5050696666667,42.6682508333333,"2024-07-23 18:11:00","night","DRY UPPER",30.1,"iPad",71,"Cloudy","No rain","17:13","22:43","DRYU202407231815EST","There were a ton of 999/ error codes.","18:15","Lat:42.6587346 N Long: 72.50041230 W",75,"Lat: 42.6688091 N Long: 72.5076269 W",80,0.16,14.02,"2024-07-23 18:09:40"
"Pool","Center",NA,"Fully shaded","","Woody_debris","Mud",NA,-72.506004,42.6684196666667,"2024-07-23 18:16:00","night","DRY UPPER",29.1,"iPad",71,"Cloudy","No rain","17:13","22:43","DRYU202407231815EST","There were a ton of 999/ error codes.","18:15","Lat:42.6587346 N Long: 72.50041230 W",75,"Lat: 42.6688091 N Long: 72.5076269 W",80,0.16,14.02,"2024-07-23 18:09:40"
"Pool","Center",NA,"Fully shaded","","Woody_debris","Rock",NA,-72.506961,42.6680998333333,"2024-07-23 18:20:00","night","DRY UPPER",39.1,"iPad",71,"Cloudy","No rain","17:13","22:43","DRYU202407231815EST","There were a ton of 999/ error codes.","18:15","Lat:42.6587346 N Long: 72.50041230 W",75,"Lat: 42.6688091 N Long: 72.5076269 W",80,0.16,14.02,"2024-07-23 18:09:40"
"Pool","Center",NA,"Night","","","Mud,Rock",NA,-72.504319,42.6619296666667,"2024-07-23 20:22:00","night","DRY UPPER",21,"iPad",71,"Cloudy","No rain","17:13","22:43","DRYU202407231815EST","There were a ton of 999/ error codes.","18:15","Lat:42.6587346 N Long: 72.50041230 W",75,"Lat: 42.6688091 N Long: 72.5076269 W",80,0.16,14.02,"2024-07-23 18:09:40"
"Pool","Right",NA,"Night","","Woody_debris,Undercut_bank","Mud",NA,-72.5067213333333,42.6680295,"2024-07-23 21:51:00","night","DRY UPPER",39.1,"iPad",71,"Cloudy","No rain","17:13","22:43","DRYU202407231815EST","There were a ton of 999/ error codes.","18:15","Lat:42.6587346 N Long: 72.50041230 W",75,"Lat: 42.6688091 N Long: 72.5076269 W",80,0.16,14.02,"2024-07-23 18:09:40"
"Run","Center",NA,"Night","","Woody_debris","Sand,Rock",NA,-72.5059175,42.6684763333333,"2024-07-23 21:56:00","night","DRY UPPER",29.1,"iPad",71,"Cloudy","No rain","17:13","22:43","DRYU202407231815EST","There were a ton of 999/ error codes.","18:15","Lat:42.6587346 N Long: 72.50041230 W",75,"Lat: 42.6688091 N Long: 72.5076269 W",80,0.16,14.02,"2024-07-23 18:09:40"
"Pool","Center",NA,"Night","","Woody_debris","Mud",NA,-72.50499,42.6682333333333,"2024-07-23 22:01:00","night","DRY UPPER",30.1,"iPad",71,"Cloudy","No rain","17:13","22:43","DRYU202407231815EST","There were a ton of 999/ error codes.","18:15","Lat:42.6587346 N Long: 72.50041230 W",75,"Lat: 42.6688091 N Long: 72.5076269 W",80,0.16,14.02,"2024-07-23 18:09:40"
"Pool","Right",NA,"Night","","Woody_debris,Undercut_bank","Mud",NA,-72.5045785,42.6676205,"2024-07-23 22:16:00","night","DRY UPPER",16,"iPad",71,"Cloudy","No rain","17:13","22:43","DRYU202407231815EST","There were a ton of 999/ error codes.","18:15","Lat:42.6587346 N Long: 72.50041230 W",75,"Lat: 42.6688091 N Long: 72.5076269 W",80,0.16,14.02,"2024-07-23 18:09:40"
"Pool","Left",NA,"Night","","Root_bundle","Rock,Mud",NA,-72.5050346666667,42.6683001666667,"2024-07-23 22:23:00","night","DRY UPPER",30.1,"iPad",71,"Cloudy","No rain","17:13","22:43","DRYU202407231815EST","There were a ton of 999/ error codes.","18:15","Lat:42.6587346 N Long: 72.50041230 W",75,"Lat: 42.6688091 N Long: 72.5076269 W",80,0.16,14.02,"2024-07-23 18:09:40"
"Run","Center",NA,"Night","","Woody_debris","Rock,Sand",NA,-72.5060508333333,42.6683426666667,"2024-07-23 22:27:00","night","DRY UPPER",29.1,"iPad",71,"Cloudy","No rain","17:13","22:43","DRYU202407231815EST","There were a ton of 999/ error codes.","18:15","Lat:42.6587346 N Long: 72.50041230 W",75,"Lat: 42.6688091 N Long: 72.5076269 W",80,0.16,14.02,"2024-07-23 18:09:40"
"Run","Right",NA,"Night","","Root_bundle,Undercut_bank","Rock,Mud",NA,-72.5068475,42.6681903333333,"2024-07-23 22:32:00","night","DRY UPPER",39.1,"iPad",71,"Cloudy","No rain","17:13","22:43","DRYU202407231815EST","There were a ton of 999/ error codes.","18:15","Lat:42.6587346 N Long: 72.50041230 W",75,"Lat: 42.6688091 N Long: 72.5076269 W",80,0.16,14.02,"2024-07-23 18:09:40"
"Riffle","Right",NA,"Fully shaded","","","Rock",NA,-72.3710711666667,42.4438855,"2024-07-24 07:24:00","day","DICKEY",31,"iPad",78,"Cloudy","Weak rain","07:22","12:44","DCKY202407241048EST","","10:48","42.4422556 N 72.3734784 W",75,"42.4373149 N 72.3546576 W ",75,1.79,21.5,"2024-07-24 10:50:19"
"Glide","Center",NA,"Fully shaded","Dead. Tag recovered in the pool.","","Rock",NA,-72.3707015,42.4437803333333,"2024-07-24 07:28:00","day","DICKEY",28,"iPad",78,"Cloudy","Weak rain","07:22","12:44","DCKY202407241048EST","","10:48","42.4422556 N 72.3734784 W",75,"42.4373149 N 72.3546576 W ",75,1.79,21.5,"2024-07-24 10:50:19"
"Pool","Right",NA,"Fully shaded","","","Rock",NA,-72.3702563333333,42.4436256666667,"2024-07-24 07:35:00","day","DICKEY",26,"iPad",78,"Cloudy","Weak rain","07:22","12:44","DCKY202407241048EST","","10:48","42.4422556 N 72.3734784 W",75,"42.4373149 N 72.3546576 W ",75,1.79,21.5,"2024-07-24 10:50:19"
"Pool","Right",NA,"Fully shaded","","","Rock",NA,-72.3702991666667,42.4435141666667,"2024-07-24 07:36:00","day","DICKEY",37,"iPad",78,"Cloudy","Weak rain","07:22","12:44","DCKY202407241048EST","","10:48","42.4422556 N 72.3734784 W",75,"42.4373149 N 72.3546576 W ",75,1.79,21.5,"2024-07-24 10:50:19"
"Glide","Right",NA,"Fully shaded","Moving ","","Rock",186,-72.3734105,42.4444095,"2024-07-24 08:06:00","day","DICKEY",38,"iPad",78,"Cloudy","Weak rain","07:22","12:44","DCKY202407241048EST","","10:48","42.4422556 N 72.3734784 W",75,"42.4373149 N 72.3546576 W ",75,1.79,21.5,"2024-07-24 10:50:19"
"Pool","Center",NA,"Fully shaded","","","Rock",NA,-72.3734286666667,42.4439401666667,"2024-07-24 08:12:00","day","DICKEY",32,"iPad",78,"Cloudy","Weak rain","07:22","12:44","DCKY202407241048EST","","10:48","42.4422556 N 72.3734784 W",75,"42.4373149 N 72.3546576 W ",75,1.79,21.5,"2024-07-24 10:50:19"
"Pool","Right",NA,"Fully shaded","","","Rock",NA,-72.3734303333333,42.4439426666667,"2024-07-24 08:36:00","day","DICKEY",32,"iPad",78,"Cloudy","Weak rain","07:22","12:44","DCKY202407241048EST","","10:48","42.4422556 N 72.3734784 W",75,"42.4373149 N 72.3546576 W ",75,1.79,21.5,"2024-07-24 10:50:19"
"Glide","Right",NA,"Fully shaded","Moving ","","Rock",189,-72.3733908333333,42.4444208333333,"2024-07-24 08:47:00","day","DICKEY",38,"iPad",78,"Cloudy","Weak rain","07:22","12:44","DCKY202407241048EST","","10:48","42.4422556 N 72.3734784 W",75,"42.4373149 N 72.3546576 W ",75,1.79,21.5,"2024-07-24 10:50:19"
"Riffle","Right",NA,"Fully shaded","","","Rock",NA,-72.3710395,42.4438245,"2024-07-24 08:58:00","day","DICKEY",31,"iPad",78,"Cloudy","Weak rain","07:22","12:44","DCKY202407241048EST","","10:48","42.4422556 N 72.3734784 W",75,"42.4373149 N 72.3546576 W ",75,1.79,21.5,"2024-07-24 10:50:19"
"Glide","Center",NA,"Fully shaded","","","Rock",NA,-72.3706678333333,42.4437793333333,"2024-07-24 09:00:00","day","DICKEY",28,"iPad",78,"Cloudy","Weak rain","07:22","12:44","DCKY202407241048EST","","10:48","42.4422556 N 72.3734784 W",75,"42.4373149 N 72.3546576 W ",75,1.79,21.5,"2024-07-24 10:50:19"
"Pool","Right",NA,"Fully shaded","","","Rock",NA,-72.3702623333333,42.4436138333333,"2024-07-24 09:02:00","day","DICKEY",26,"iPad",78,"Cloudy","Weak rain","07:22","12:44","DCKY202407241048EST","","10:48","42.4422556 N 72.3734784 W",75,"42.4373149 N 72.3546576 W ",75,1.79,21.5,"2024-07-24 10:50:19"
"Pool","Right",NA,"Fully shaded","","","Rock",NA,-72.3702738333333,42.4435033333333,"2024-07-24 09:02:00","day","DICKEY",37,"iPad",78,"Cloudy","Weak rain","07:22","12:44","DCKY202407241048EST","","10:48","42.4422556 N 72.3734784 W",75,"42.4373149 N 72.3546576 W ",75,1.79,21.5,"2024-07-24 10:50:19"
"Riffle","Right",NA,"Fully shaded","","","Rock",NA,-72.3709801666667,42.4437336666667,"2024-07-24 10:20:00","day","DICKEY",31,"iPad",78,"Cloudy","Weak rain","07:22","12:44","DCKY202407241048EST","","10:48","42.4422556 N 72.3734784 W",75,"42.4373149 N 72.3546576 W ",75,1.79,21.5,"2024-07-24 10:50:19"
"Glide","Center",NA,"Fully shaded","","","Rock",NA,-72.3706413333333,42.4437668333333,"2024-07-24 10:24:00","day","DICKEY",28,"iPad",78,"Cloudy","Weak rain","07:22","12:44","DCKY202407241048EST","","10:48","42.4422556 N 72.3734784 W",75,"42.4373149 N 72.3546576 W ",75,1.79,21.5,"2024-07-24 10:50:19"
"Pool","Right",NA,"Fully shaded","","","Rock",NA,-72.370265,42.443486,"2024-07-24 10:40:00","day","DICKEY",37,"iPad",78,"Cloudy","Weak rain","07:22","12:44","DCKY202407241048EST","","10:48","42.4422556 N 72.3734784 W",75,"42.4373149 N 72.3546576 W ",75,1.79,21.5,"2024-07-24 10:50:19"
"Pool","Right",NA,"Fully shaded","","","Rock",NA,-72.370278,42.4435858333333,"2024-07-24 10:42:00","day","DICKEY",26,"iPad",78,"Cloudy","Weak rain","07:22","12:44","DCKY202407241048EST","","10:48","42.4422556 N 72.3734784 W",75,"42.4373149 N 72.3546576 W ",75,1.79,21.5,"2024-07-24 10:50:19"
"Glide","Center",NA,"Fully shaded","Moving","","Rock",186,-72.3734988333333,42.444394,"2024-07-24 10:58:00","day","DICKEY",38,"iPad",78,"Cloudy","Weak rain","07:22","12:44","DCKY202407241048EST","","10:48","42.4422556 N 72.3734784 W",75,"42.4373149 N 72.3546576 W ",75,1.79,21.5,"2024-07-24 10:50:19"
"Pool","Left",NA,"Fully shaded","","","Rock",NA,-72.3734315,42.443947,"2024-07-24 11:01:00","day","DICKEY",32,"iPad",78,"Cloudy","Weak rain","07:22","12:44","DCKY202407241048EST","","10:48","42.4422556 N 72.3734784 W",75,"42.4373149 N 72.3546576 W ",75,1.79,21.5,"2024-07-24 10:50:19"
"Pool","Center",NA,"Fully shaded","","","Rock",NA,-72.3734703333333,42.443909,"2024-07-24 11:26:00","day","DICKEY",32,"iPad",78,"Cloudy","Weak rain","07:22","12:44","DCKY202407241048EST","","10:48","42.4422556 N 72.3734784 W",75,"42.4373149 N 72.3546576 W ",75,1.79,21.5,"2024-07-24 10:50:19"
"Glide","Left",NA,"Fully shaded","","","Rock",NA,-72.3734281666667,42.4444781666667,"2024-07-24 11:42:00","day","DICKEY",38,"iPad",78,"Cloudy","Weak rain","07:22","12:44","DCKY202407241048EST","","10:48","42.4422556 N 72.3734784 W",75,"42.4373149 N 72.3546576 W ",75,1.79,21.5,"2024-07-24 10:50:19"
"Run","Right",NA,"Fully shaded","","","Rock",NA,-72.3704016666667,42.4434655,"2024-07-24 12:04:00","day","DICKEY",37,"iPad",78,"Cloudy","Weak rain","07:22","12:44","DCKY202407241048EST","","10:48","42.4422556 N 72.3734784 W",75,"42.4373149 N 72.3546576 W ",75,1.79,21.5,"2024-07-24 10:50:19"
"Riffle","Right",NA,"Fully shaded","","","Rock",NA,-72.3703238333333,42.4435565,"2024-07-24 12:08:00","day","DICKEY",26,"iPad",78,"Cloudy","Weak rain","07:22","12:44","DCKY202407241048EST","","10:48","42.4422556 N 72.3734784 W",75,"42.4373149 N 72.3546576 W ",75,1.79,21.5,"2024-07-24 10:50:19"
"Riffle","Right",NA,"","","","Rock",NA,-72.3712773333333,42.4439926666667,"2024-07-24 12:14:00","day","DICKEY",31,"iPad",78,"Cloudy","Weak rain","07:22","12:44","DCKY202407241048EST","","10:48","42.4422556 N 72.3734784 W",75,"42.4373149 N 72.3546576 W ",75,1.79,21.5,"2024-07-24 10:50:19"
"Pool","Center",NA,"Mostly shaded","","","Pebble,Rock,Granule",NA,-72.3703526666667,42.4435433333333,"2024-07-24 12:24:00","day","DICKEY",37,"iPad",78,"Cloudy","Weak rain","07:22","12:44","DCKY202407241048EST","","10:48","42.4422556 N 72.3734784 W",75,"42.4373149 N 72.3546576 W ",75,1.79,21.5,"2024-07-24 10:50:19"
"Run","Center",NA,"Lightly shaded","","","Pebble,Rock,Granule",NA,-72.3702833333333,42.4435705,"2024-07-24 12:27:00","day","DICKEY",26,"iPad",78,"Cloudy","Weak rain","07:22","12:44","DCKY202407241048EST","","10:48","42.4422556 N 72.3734784 W",75,"42.4373149 N 72.3546576 W ",75,1.79,21.5,"2024-07-24 10:50:19"
"Riffle","Right",NA,"Fully shaded","","","Rock",NA,-72.3712345,42.4440683333333,"2024-07-24 12:41:00","day","DICKEY",31,"iPad",78,"Cloudy","Weak rain","07:22","12:44","DCKY202407241048EST","","10:48","42.4422556 N 72.3734784 W",75,"42.4373149 N 72.3546576 W ",75,1.79,21.5,"2024-07-24 10:50:19"
"Run","Right",NA,"Fully shaded","","Undercut_bank","Rock,Sand",NA,-72.3733835,42.4444181666667,"2024-07-24 17:23:00","night","DICKEY",38,"iPad",75,"Cloudy","No rain","17:12","22:44","DCKY202407241830EST","","18:30","Lat: 42.4439420 N Long: 72.3734095 W",75,"Lat:42.4429939 N Long: 72.3700608 W",75,1.65,22.01,"2024-07-24 18:21:54"
"Pool","Center",NA,"Mostly shaded","","","Pebble,Sand,Rock",NA,-72.3734768333333,42.443996,"2024-07-24 17:28:00","night","DICKEY",32,"iPad",75,"Cloudy","No rain","17:12","22:44","DCKY202407241830EST","","18:30","Lat: 42.4439420 N Long: 72.3734095 W",75,"Lat:42.4429939 N Long: 72.3700608 W",75,1.65,22.01,"2024-07-24 18:21:54"
"Riffle","Right",NA,"Fully shaded","","","Pebble,Rock,Granule",NA,-72.3711055,42.4440113333333,"2024-07-24 17:40:00","night","DICKEY",31,"iPad",75,"Cloudy","No rain","17:12","22:44","DCKY202407241830EST","","18:30","Lat: 42.4439420 N Long: 72.3734095 W",75,"Lat:42.4429939 N Long: 72.3700608 W",75,1.65,22.01,"2024-07-24 18:21:54"
"Run","Center",NA,"Fully shaded","","","Rock",NA,-72.3703393333333,42.4436188333333,"2024-07-24 17:45:00","night","DICKEY",26,"iPad",75,"Cloudy","No rain","17:12","22:44","DCKY202407241830EST","","18:30","Lat: 42.4439420 N Long: 72.3734095 W",75,"Lat:42.4429939 N Long: 72.3700608 W",75,1.65,22.01,"2024-07-24 18:21:54"
"Run","Left",NA,"Fully shaded","","","Rock",NA,-72.3702446666667,42.4434723333333,"2024-07-24 17:48:00","night","DICKEY",37,"iPad",75,"Cloudy","No rain","17:12","22:44","DCKY202407241830EST","","18:30","Lat: 42.4439420 N Long: 72.3734095 W",75,"Lat:42.4429939 N Long: 72.3700608 W",75,1.65,22.01,"2024-07-24 18:21:54"
"Run","Center",NA,"Fully shaded","","","Rock,Sand",NA,-72.3734233333333,42.4444101666667,"2024-07-24 18:06:00","night","DICKEY",38,"iPad",75,"Cloudy","No rain","17:12","22:44","DCKY202407241830EST","","18:30","Lat: 42.4439420 N Long: 72.3734095 W",75,"Lat:42.4429939 N Long: 72.3700608 W",75,1.65,22.01,"2024-07-24 18:21:54"
"Run","Left",NA,"Fully shaded","","","Pebble,Granule",NA,-72.3734776666667,42.4440388333333,"2024-07-24 18:09:00","night","DICKEY",32,"iPad",75,"Cloudy","No rain","17:12","22:44","DCKY202407241830EST","","18:30","Lat: 42.4439420 N Long: 72.3734095 W",75,"Lat:42.4429939 N Long: 72.3700608 W",75,1.65,22.01,"2024-07-24 18:21:54"
"Riffle","Right",NA,"Fully shaded","","","Rock,Pebble,Granule",NA,-72.3710478333333,42.4439305,"2024-07-24 18:26:00","night","DICKEY",31,"iPad",75,"Cloudy","No rain","17:12","22:44","DCKY202407241830EST","","18:30","Lat: 42.4439420 N Long: 72.3734095 W",75,"Lat:42.4429939 N Long: 72.3700608 W",75,1.65,22.01,"2024-07-24 18:21:54"
"Pool","Right",NA,"Fully shaded","","","Rock",NA,-72.370345,42.4436036666667,"2024-07-24 18:35:00","night","DICKEY",26,"iPad",75,"Cloudy","No rain","17:12","22:44","DCKY202407241830EST","","18:30","Lat: 42.4439420 N Long: 72.3734095 W",75,"Lat:42.4429939 N Long: 72.3700608 W",75,1.65,22.01,"2024-07-24 18:21:54"
"Run","Left",NA,"Fully shaded","","","Rock,Pebble",NA,-72.3702836666667,42.4435918333333,"2024-07-24 18:37:00","night","DICKEY",37,"iPad",75,"Cloudy","No rain","17:12","22:44","DCKY202407241830EST","","18:30","Lat: 42.4439420 N Long: 72.3734095 W",75,"Lat:42.4429939 N Long: 72.3700608 W",75,1.65,22.01,"2024-07-24 18:21:54"
"Run","Center",NA,"Night","","","Rock",NA,-72.3704525,42.4436035,"2024-07-24 19:15:00","night","DICKEY",26,"iPad",75,"Cloudy","No rain","17:12","22:44","DCKY202407241830EST","","18:30","Lat: 42.4439420 N Long: 72.3734095 W",75,"Lat:42.4429939 N Long: 72.3700608 W",75,1.65,22.01,"2024-07-24 18:21:54"
"Run","Center",NA,"Night","","","Rock",NA,-72.3703771666667,42.4435626666667,"2024-07-24 19:17:00","night","DICKEY",37,"iPad",75,"Cloudy","No rain","17:12","22:44","DCKY202407241830EST","","18:30","Lat: 42.4439420 N Long: 72.3734095 W",75,"Lat:42.4429939 N Long: 72.3700608 W",75,1.65,22.01,"2024-07-24 18:21:54"
"Riffle","Center",NA,"Night","","","Pebble,Rock",NA,-72.3711985,42.4439341666667,"2024-07-24 19:21:00","night","DICKEY",31,"iPad",75,"Cloudy","No rain","17:12","22:44","DCKY202407241830EST","","18:30","Lat: 42.4439420 N Long: 72.3734095 W",75,"Lat:42.4429939 N Long: 72.3700608 W",75,1.65,22.01,"2024-07-24 18:21:54"
"Run","Right",NA,"Night","","","Rock,Pebble",NA,-72.373357,42.4443855,"2024-07-24 19:34:00","night","DICKEY",38,"iPad",75,"Cloudy","No rain","17:12","22:44","DCKY202407241830EST","","18:30","Lat: 42.4439420 N Long: 72.3734095 W",75,"Lat:42.4429939 N Long: 72.3700608 W",75,1.65,22.01,"2024-07-24 18:21:54"
"Pool","Center",NA,"Night","","","Rock",NA,-72.3734231666667,42.4439543333333,"2024-07-24 19:38:00","night","DICKEY",32,"iPad",75,"Cloudy","No rain","17:12","22:44","DCKY202407241830EST","","18:30","Lat: 42.4439420 N Long: 72.3734095 W",75,"Lat:42.4429939 N Long: 72.3700608 W",75,1.65,22.01,"2024-07-24 18:21:54"
"Riffle","Center",NA,"Night","","","Rock",NA,-72.3709678333333,42.4439353333333,"2024-07-24 20:15:00","night","DICKEY",31,"iPad",75,"Cloudy","No rain","17:12","22:44","DCKY202407241830EST","","18:30","Lat: 42.4439420 N Long: 72.3734095 W",75,"Lat:42.4429939 N Long: 72.3700608 W",75,1.65,22.01,"2024-07-24 18:21:54"
"Run","Center",NA,"Night","","","Rock,Pebble",NA,-72.3702305,42.4436408333333,"2024-07-24 20:19:00","night","DICKEY",26,"iPad",75,"Cloudy","No rain","17:12","22:44","DCKY202407241830EST","","18:30","Lat: 42.4439420 N Long: 72.3734095 W",75,"Lat:42.4429939 N Long: 72.3700608 W",75,1.65,22.01,"2024-07-24 18:21:54"
"Run","Center",NA,"Night","We saw the fish.","","Sand,Rock",NA,-72.370172,42.4435453333333,"2024-07-24 20:21:00","night","DICKEY",37,"iPad",75,"Cloudy","No rain","17:12","22:44","DCKY202407241830EST","","18:30","Lat: 42.4439420 N Long: 72.3734095 W",75,"Lat:42.4429939 N Long: 72.3700608 W",75,1.65,22.01,"2024-07-24 18:21:54"
"Riffle","Right",NA,"","Didn’t see fish potentially deceased.","","Rock",NA,-72.3711205,42.4439375,"2024-07-24 21:05:00","night","DICKEY",31,"iPad",75,"Cloudy","No rain","17:12","22:44","DCKY202407241830EST","","18:30","Lat: 42.4439420 N Long: 72.3734095 W",75,"Lat:42.4429939 N Long: 72.3700608 W",75,1.65,22.01,"2024-07-24 18:21:54"
"Run","Center",NA,"Night","","","Rock,Sand",NA,-72.370369,42.4436611666667,"2024-07-24 21:15:00","night","DICKEY",26,"iPad",75,"Cloudy","No rain","17:12","22:44","DCKY202407241830EST","","18:30","Lat: 42.4439420 N Long: 72.3734095 W",75,"Lat:42.4429939 N Long: 72.3700608 W",75,1.65,22.01,"2024-07-24 18:21:54"
"Run","Left",NA,"Night","","","Rock,Pebble",NA,-72.3703486666667,42.4437756666667,"2024-07-24 21:17:00","night","DICKEY",37,"iPad",75,"Cloudy","No rain","17:12","22:44","DCKY202407241830EST","","18:30","Lat: 42.4439420 N Long: 72.3734095 W",75,"Lat:42.4429939 N Long: 72.3700608 W",75,1.65,22.01,"2024-07-24 18:21:54"
"Run","Center",NA,"Night","","","Rock",NA,-72.3734806666667,42.4443603333333,"2024-07-24 22:09:00","night","DICKEY",38,"iPad",75,"Cloudy","No rain","17:12","22:44","DCKY202407241830EST","","18:30","Lat: 42.4439420 N Long: 72.3734095 W",75,"Lat:42.4429939 N Long: 72.3700608 W",75,1.65,22.01,"2024-07-24 18:21:54"
"Pool","Left",NA,"Night","","","Sand,Granule,Pebble",NA,-72.373339,42.4439188333333,"2024-07-24 22:15:00","night","DICKEY",32,"iPad",75,"Cloudy","No rain","17:12","22:44","DCKY202407241830EST","","18:30","Lat: 42.4439420 N Long: 72.3734095 W",75,"Lat:42.4429939 N Long: 72.3700608 W",75,1.65,22.01,"2024-07-24 18:21:54"
"Riffle","",NA,"Night","Potentially moved upstream from where we thought it had died.","","Pebble,Granule",NA,-72.3711298333333,42.4439476666667,"2024-07-24 22:34:00","night","DICKEY",31,"iPad",75,"Cloudy","No rain","17:12","22:44","DCKY202407241830EST","","18:30","Lat: 42.4439420 N Long: 72.3734095 W",75,"Lat:42.4429939 N Long: 72.3700608 W",75,1.65,22.01,"2024-07-24 18:21:54"
"Run","Center",NA,"Night","","","Pebble,Rock,Sand",NA,-72.370384,42.4436266666667,"2024-07-24 22:38:00","night","DICKEY",26,"iPad",75,"Cloudy","No rain","17:12","22:44","DCKY202407241830EST","","18:30","Lat: 42.4439420 N Long: 72.3734095 W",75,"Lat:42.4429939 N Long: 72.3700608 W",75,1.65,22.01,"2024-07-24 18:21:54"
"Run","Left",NA,"Night","","","Pebble,Rock",NA,-72.3703643333333,42.4436091666667,"2024-07-24 22:40:00","night","DICKEY",37,"iPad",75,"Cloudy","No rain","17:12","22:44","DCKY202407241830EST","","18:30","Lat: 42.4439420 N Long: 72.3734095 W",75,"Lat:42.4429939 N Long: 72.3700608 W",75,1.65,22.01,"2024-07-24 18:21:54"
"Pool","Center",NA,"Mostly shaded","","","Rock,Pebble,Granule",NA,-72.4583471666667,42.3820856666667,"2024-07-25 07:25:00","day","BUFFAM",60,"iPad",72,"Mostly cloudy","No rain","07:19","12:53","AMTH202407250833EST, HARR202407250833EST, BUFF202407250833EST","","08:33","42.3811548 N 72.4602750 W",80,"42.3020057 N 72.4583703 W",80,0.76,19.56,"2024-07-25 12:08:40"
"Pool","Center",NA,"Lightly shaded","","","Rock,Pebble,Granule",NA,-72.4597748333333,42.3811358333333,"2024-07-25 07:30:00","day","BUFFAM",62,"iPad",72,"Mostly cloudy","No rain","07:19","12:53","AMTH202407250833EST, HARR202407250833EST, BUFF202407250833EST","","08:33","42.3811548 N 72.4602750 W",80,"42.3020057 N 72.4583703 W",80,0.76,19.56,"2024-07-25 12:08:40"
"Glide","Right",NA,"Mostly shaded","","","Rock,Boulder,Sand,Pebble",NA,-72.4599798333333,42.3812305,"2024-07-25 07:42:00","day","BUFFAM",19,"iPad",72,"Mostly cloudy","No rain","07:19","12:53","AMTH202407250833EST, HARR202407250833EST, BUFF202407250833EST","","08:33","42.3811548 N 72.4602750 W",80,"42.3020057 N 72.4583703 W",80,0.76,19.56,"2024-07-25 12:08:40"
"Pool","Center",NA,"Mostly shaded","","","Rock,Pebble,Granule,Sand",NA,-72.459868,42.381329,"2024-07-25 07:45:00","day","BUFFAM",18,"iPad",72,"Mostly cloudy","No rain","07:19","12:53","AMTH202407250833EST, HARR202407250833EST, BUFF202407250833EST","","08:33","42.3811548 N 72.4602750 W",80,"42.3020057 N 72.4583703 W",80,0.76,19.56,"2024-07-25 12:08:40"
"Pool","Left",NA,"Lightly shaded","","Woody_debris","Rock,Pebble,Granule,Sand",NA,-72.4602226666667,42.3812328333333,"2024-07-25 07:47:00","day","BUFFAM",56,"iPad",72,"Mostly cloudy","No rain","07:19","12:53","AMTH202407250833EST, HARR202407250833EST, BUFF202407250833EST","","08:33","42.3811548 N 72.4602750 W",80,"42.3020057 N 72.4583703 W",80,0.76,19.56,"2024-07-25 12:08:40"
"Glide","Right",NA,"Mostly shaded","","Woody_debris,Root_bundle","Rock,Pebble,Granule,Sand",NA,-72.4603435,42.3812033333333,"2024-07-25 07:49:00","day","HARRIS",20,"iPad",72,"Mostly cloudy","No rain","07:19","12:53","AMTH202407250833EST, HARR202407250833EST, BUFF202407250833EST","","08:33","42.3811548 N 72.4602750 W",80,"42.3020057 N 72.4583703 W",80,NA,NA,NA
"Pool","Center",NA,"Lightly shaded","","","Rock,Pebble,Granule,Sand",NA,-72.4598851666667,42.3812145,"2024-07-25 07:55:00","day","BUFFAM",57,"iPad",72,"Mostly cloudy","No rain","07:19","12:53","AMTH202407250833EST, HARR202407250833EST, BUFF202407250833EST","","08:33","42.3811548 N 72.4602750 W",80,"42.3020057 N 72.4583703 W",80,0.76,19.56,"2024-07-25 12:08:40"
"Riffle","Center",NA,"Fully shaded","","","Rock,Pebble,Granule",NA,-72.4584316666667,42.3819896666667,"2024-07-25 08:47:00","day","BUFFAM",60,"iPad",72,"Mostly cloudy","No rain","07:19","12:53","AMTH202407250833EST, HARR202407250833EST, BUFF202407250833EST","","08:33","42.3811548 N 72.4602750 W",80,"42.3020057 N 72.4583703 W",80,0.76,19.56,"2024-07-25 12:08:40"
"Pool","Center",NA,"Fully shaded","","","Rock,Pebble,Granule",NA,-72.4597761666667,42.3811238333333,"2024-07-25 09:07:00","day","BUFFAM",57,"iPad",72,"Mostly cloudy","No rain","07:19","12:53","AMTH202407250833EST, HARR202407250833EST, BUFF202407250833EST","","08:33","42.3811548 N 72.4602750 W",80,"42.3020057 N 72.4583703 W",80,0.76,19.56,"2024-07-25 12:08:40"
"Run","Center",NA,"Fully shaded","","","Rock,Pebble,Granule",NA,-72.4600573333333,42.381194,"2024-07-25 07:44:00","day","BUFFAM",14,"iPad",72,"Mostly cloudy","No rain","07:19","12:53","AMTH202407250833EST, HARR202407250833EST, BUFF202407250833EST","","08:33","42.3811548 N 72.4602750 W",80,"42.3020057 N 72.4583703 W",80,0.76,19.56,"2024-07-25 12:08:40"
"Pool","Center",NA,"Fully shaded","","","Rock,Pebble,Granule",NA,-72.459726,42.3812156666667,"2024-07-25 09:13:00","day","BUFFAM",62,"iPad",72,"Mostly cloudy","No rain","07:19","12:53","AMTH202407250833EST, HARR202407250833EST, BUFF202407250833EST","","08:33","42.3811548 N 72.4602750 W",80,"42.3020057 N 72.4583703 W",80,0.76,19.56,"2024-07-25 12:08:40"
"Pool","Right",NA,"Fully shaded","","","Rock,Boulder",NA,-72.4598885,42.3813115,"2024-07-25 09:18:00","day","BUFFAM",18,"iPad",72,"Mostly cloudy","No rain","07:19","12:53","AMTH202407250833EST, HARR202407250833EST, BUFF202407250833EST","","08:33","42.3811548 N 72.4602750 W",80,"42.3020057 N 72.4583703 W",80,0.76,19.56,"2024-07-25 12:08:40"
"Riffle","Center",NA,"Fully shaded","","","Rock,Pebble,Granule",NA,-72.4600421666667,42.3812218333333,"2024-07-25 09:23:00","day","BUFFAM",14,"iPad",72,"Mostly cloudy","No rain","07:19","12:53","AMTH202407250833EST, HARR202407250833EST, BUFF202407250833EST","","08:33","42.3811548 N 72.4602750 W",80,"42.3020057 N 72.4583703 W",80,0.76,19.56,"2024-07-25 12:08:40"
"Riffle","Center",NA,"Fully shaded","","","Rock,Pebble,Granule",NA,-72.4600441666667,42.381257,"2024-07-25 09:24:00","day","BUFFAM",19,"iPad",72,"Mostly cloudy","No rain","07:19","12:53","AMTH202407250833EST, HARR202407250833EST, BUFF202407250833EST","","08:33","42.3811548 N 72.4602750 W",80,"42.3020057 N 72.4583703 W",80,0.76,19.56,"2024-07-25 12:08:40"
"Run","Left",NA,"Fully shaded","","","Pebble,Rock,Granule",NA,-72.460178,42.3814568333333,"2024-07-25 09:26:00","day","BUFFAM",56,"iPad",72,"Mostly cloudy","No rain","07:19","12:53","AMTH202407250833EST, HARR202407250833EST, BUFF202407250833EST","","08:33","42.3811548 N 72.4602750 W",80,"42.3020057 N 72.4583703 W",80,0.76,19.56,"2024-07-25 12:08:40"
"Riffle","Center",NA,"Fully shaded","","","Rock,Pebble,Granule",NA,-72.4602965,42.381058,"2024-07-25 09:32:00","day","HARRIS",20,"iPad",72,"Mostly cloudy","No rain","07:19","12:53","AMTH202407250833EST, HARR202407250833EST, BUFF202407250833EST","","08:33","42.3811548 N 72.4602750 W",80,"42.3020057 N 72.4583703 W",80,NA,NA,NA
"Pool","Center",NA,"Fully shaded","","Woody_debris","Rock,Pebble,Granule,Boulder,Mud",NA,-72.458332,42.38207,"2024-07-25 10:26:00","day","BUFFAM",60,"iPad",72,"Mostly cloudy","No rain","07:19","12:53","AMTH202407250833EST, HARR202407250833EST, BUFF202407250833EST","","08:33","42.3811548 N 72.4602750 W",80,"42.3020057 N 72.4583703 W",80,0.76,19.56,"2024-07-25 12:08:40"
"Pool","Right",NA,"Mostly shaded","","","Granule,Pebble,Sand,Rock,Boulder",NA,-72.4597936666667,42.3811058333333,"2024-07-25 10:36:00","day","BUFFAM",57,"iPad",72,"Mostly cloudy","No rain","07:19","12:53","AMTH202407250833EST, HARR202407250833EST, BUFF202407250833EST","","08:33","42.3811548 N 72.4602750 W",80,"42.3020057 N 72.4583703 W",80,0.76,19.56,"2024-07-25 12:08:40"
"Pool","Right",NA,"Mostly shaded","","","Sand,Granule,Pebble,Rock,Boulder",NA,-72.4597808333333,42.3810933333333,"2024-07-25 10:39:00","day","BUFFAM",62,"iPad",72,"Mostly cloudy","No rain","07:19","12:53","AMTH202407250833EST, HARR202407250833EST, BUFF202407250833EST","","08:33","42.3811548 N 72.4602750 W",80,"42.3020057 N 72.4583703 W",80,0.76,19.56,"2024-07-25 12:08:40"
"Pool","Center",NA,"Mostly shaded","","","Boulder,Rock,Pebble,Granule,Sand",NA,-72.4600458333333,42.3813585,"2024-07-25 10:40:00","day","BUFFAM",18,"iPad",72,"Mostly cloudy","No rain","07:19","12:53","AMTH202407250833EST, HARR202407250833EST, BUFF202407250833EST","","08:33","42.3811548 N 72.4602750 W",80,"42.3020057 N 72.4583703 W",80,0.76,19.56,"2024-07-25 12:08:40"
"Pool","Center",NA,"Mostly shaded","","","Boulder,Pebble,Rock,Granule,Sand",NA,-72.4600615,42.3813526666667,"2024-07-25 10:41:00","day","BUFFAM",19,"iPad",72,"Mostly cloudy","No rain","07:19","12:53","AMTH202407250833EST, HARR202407250833EST, BUFF202407250833EST","","08:33","42.3811548 N 72.4602750 W",80,"42.3020057 N 72.4583703 W",80,0.76,19.56,"2024-07-25 12:08:40"
"Glide","Left",NA,"Mostly shaded","","","Granule,Sand,Pebble,Rock",NA,-72.4600223333333,42.3813376666667,"2024-07-25 10:42:00","day","BUFFAM",14,"iPad",72,"Mostly cloudy","No rain","07:19","12:53","AMTH202407250833EST, HARR202407250833EST, BUFF202407250833EST","","08:33","42.3811548 N 72.4602750 W",80,"42.3020057 N 72.4583703 W",80,0.76,19.56,"2024-07-25 12:08:40"
"Pool","Left",NA,"Lightly shaded","","Woody_debris","Rock,Pebble,Sand,Granule",NA,-72.4602975,42.381305,"2024-07-25 10:45:00","day","BUFFAM",56,"iPad",72,"Mostly cloudy","No rain","07:19","12:53","AMTH202407250833EST, HARR202407250833EST, BUFF202407250833EST","","08:33","42.3811548 N 72.4602750 W",80,"42.3020057 N 72.4583703 W",80,0.76,19.56,"2024-07-25 12:08:40"
"Glide","Center",NA,"Mostly shaded","","Woody_debris","Boulder,Rock,Pebble,Granule,Sand",NA,-72.4603726666667,42.3811285,"2024-07-25 10:47:00","day","HARRIS",20,"iPad",72,"Mostly cloudy","No rain","07:19","12:53","AMTH202407250833EST, HARR202407250833EST, BUFF202407250833EST","","08:33","42.3811548 N 72.4602750 W",80,"42.3020057 N 72.4583703 W",80,NA,NA,NA
"Pool","Center",NA,"Fully shaded","","Woody_debris","Boulder,Rock,Granule,Sand",NA,-72.4584061666667,42.38209,"2024-07-25 11:32:00","day","BUFFAM",60,"iPad",72,"Mostly cloudy","No rain","07:19","12:53","AMTH202407250833EST, HARR202407250833EST, BUFF202407250833EST","","08:33","42.3811548 N 72.4602750 W",80,"42.3020057 N 72.4583703 W",80,0.76,19.56,"2024-07-25 12:08:40"
"Pool","Right",NA,"Lightly shaded","","","Boulder,Rock,Granule,Pebble,Sand",NA,-72.4596128333333,42.3811036666667,"2024-07-25 11:38:00","day","BUFFAM",62,"iPad",72,"Mostly cloudy","No rain","07:19","12:53","AMTH202407250833EST, HARR202407250833EST, BUFF202407250833EST","","08:33","42.3811548 N 72.4602750 W",80,"42.3020057 N 72.4583703 W",80,0.76,19.56,"2024-07-25 12:08:40"
"Pool","Center",NA,"Lightly shaded","","","Boulder,Rock,Mud,Granule,Sand",NA,-72.4596875,42.3810845,"2024-07-25 11:40:00","day","BUFFAM",57,"iPad",72,"Mostly cloudy","No rain","07:19","12:53","AMTH202407250833EST, HARR202407250833EST, BUFF202407250833EST","","08:33","42.3811548 N 72.4602750 W",80,"42.3020057 N 72.4583703 W",80,0.76,19.56,"2024-07-25 12:08:40"
"Pool","Left",NA,"Mostly shaded","","","Rock,Pebble,Granule,Sand",NA,-72.4599731666667,42.3812378333333,"2024-07-25 11:42:00","day","BUFFAM",19,"iPad",72,"Mostly cloudy","No rain","07:19","12:53","AMTH202407250833EST, HARR202407250833EST, BUFF202407250833EST","","08:33","42.3811548 N 72.4602750 W",80,"42.3020057 N 72.4583703 W",80,0.76,19.56,"2024-07-25 12:08:40"
"Pool","Center",NA,"Mostly shaded","","","Rock,Pebble,Granule,Sand",NA,-72.4599823333333,42.3812675,"2024-07-25 11:43:00","day","BUFFAM",18,"iPad",72,"Mostly cloudy","No rain","07:19","12:53","AMTH202407250833EST, HARR202407250833EST, BUFF202407250833EST","","08:33","42.3811548 N 72.4602750 W",80,"42.3020057 N 72.4583703 W",80,0.76,19.56,"2024-07-25 12:08:40"
"Glide","Center",NA,"Mostly shaded","","","Pebble,Granule,Sand,Rock",NA,-72.4599653333333,42.3811318333333,"2024-07-25 11:45:00","day","BUFFAM",14,"iPad",72,"Mostly cloudy","No rain","07:19","12:53","AMTH202407250833EST, HARR202407250833EST, BUFF202407250833EST","","08:33","42.3811548 N 72.4602750 W",80,"42.3020057 N 72.4583703 W",80,0.76,19.56,"2024-07-25 12:08:40"
"Pool","Left",NA,"Lightly shaded","","Woody_debris","Rock,Pebble,Granule,Sand",NA,-72.4602011666667,42.3812783333333,"2024-07-25 11:47:00","day","BUFFAM",56,"iPad",72,"Mostly cloudy","No rain","07:19","12:53","AMTH202407250833EST, HARR202407250833EST, BUFF202407250833EST","","08:33","42.3811548 N 72.4602750 W",80,"42.3020057 N 72.4583703 W",80,0.76,19.56,"2024-07-25 12:08:40"
"Glide","Center",NA,"Mostly shaded","","Woody_debris","Boulder,Rock,Pebble,Granule,Sand",NA,-72.4603496666667,42.3810595,"2024-07-25 11:49:00","day","HARRIS",20,"iPad",72,"Mostly cloudy","No rain","07:19","12:53","AMTH202407250833EST, HARR202407250833EST, BUFF202407250833EST","","08:33","42.3811548 N 72.4602750 W",80,"42.3020057 N 72.4583703 W",80,NA,NA,NA
"Pool","Right",NA,"Mostly shaded","","","Rock,Pebble,Granule",NA,-72.4598645,42.3812606666667,"2024-07-25 12:20:00","day","BUFFAM",18,"iPad",72,"Mostly cloudy","No rain","07:19","12:53","AMTH202407250833EST, HARR202407250833EST, BUFF202407250833EST","","08:33","42.3811548 N 72.4602750 W",80,"42.3020057 N 72.4583703 W",80,0.76,19.56,"2024-07-25 12:08:40"
"Pool","Right",NA,"Mostly shaded","","","Rock,Pebble,Granule",NA,-72.4600371666667,42.3813115,"2024-07-25 12:21:00","day","BUFFAM",19,"iPad",72,"Mostly cloudy","No rain","07:19","12:53","AMTH202407250833EST, HARR202407250833EST, BUFF202407250833EST","","08:33","42.3811548 N 72.4602750 W",80,"42.3020057 N 72.4583703 W",80,0.76,19.56,"2024-07-25 12:08:40"
"Riffle","Center",NA,"Mostly shaded","Moving ","","Rock,Pebble,Granule",188,-72.4599361666667,42.3813235,"2024-07-25 12:30:00","day","BUFFAM",14,"iPad",72,"Mostly cloudy","No rain","07:19","12:53","AMTH202407250833EST, HARR202407250833EST, BUFF202407250833EST","","08:33","42.3811548 N 72.4602750 W",80,"42.3020057 N 72.4583703 W",80,0.76,19.56,"2024-07-25 12:08:40"
"Riffle","Left",NA,"Mostly shaded","","","Rock,Pebble",NA,-72.4602863333333,42.3812631666667,"2024-07-25 12:32:00","day","BUFFAM",56,"iPad",72,"Mostly cloudy","No rain","07:19","12:53","AMTH202407250833EST, HARR202407250833EST, BUFF202407250833EST","","08:33","42.3811548 N 72.4602750 W",80,"42.3020057 N 72.4583703 W",80,0.76,19.56,"2024-07-25 12:08:40"
"Run","Center",NA,"Fully shaded","","","Rock,Pebble",NA,-72.4602633333333,42.3811695,"2024-07-25 12:33:00","day","HARRIS",20,"iPad",72,"Mostly cloudy","No rain","07:19","12:53","AMTH202407250833EST, HARR202407250833EST, BUFF202407250833EST","","08:33","42.3811548 N 72.4602750 W",80,"42.3020057 N 72.4583703 W",80,NA,NA,NA
"Run","Center",NA,"Fully shaded","","","Rock,Pebble,Granule",NA,-72.4585615,42.382016,"2024-07-25 12:38:00","day","BUFFAM",60,"iPad",72,"Mostly cloudy","No rain","07:19","12:53","AMTH202407250833EST, HARR202407250833EST, BUFF202407250833EST","","08:33","42.3811548 N 72.4602750 W",80,"42.3020057 N 72.4583703 W",80,0.76,19.56,"2024-07-25 12:08:40"
"Pool","Center",NA,"Mostly shaded","","","Rock,Pebble,Granule",NA,-72.4596201666667,42.3810541666667,"2024-07-25 12:49:00","day","BUFFAM",62,"iPad",72,"Mostly cloudy","No rain","07:19","12:53","AMTH202407250833EST, HARR202407250833EST, BUFF202407250833EST","","08:33","42.3811548 N 72.4602750 W",80,"42.3020057 N 72.4583703 W",80,0.76,19.56,"2024-07-25 12:08:40"
"Pool","Center",NA,"Mostly shaded","","","Rock,Pebble,Granule",NA,-72.4596001666667,42.3809905,"2024-07-25 12:52:00","day","BUFFAM",57,"iPad",72,"Mostly cloudy","No rain","07:19","12:53","AMTH202407250833EST, HARR202407250833EST, BUFF202407250833EST","","08:33","42.3811548 N 72.4602750 W",80,"42.3020057 N 72.4583703 W",80,0.76,19.56,"2024-07-25 12:08:40"
"Pool","Center",NA,"Fully shaded","","","Rock",NA,-72.4585523333333,42.382023,"2024-07-25 17:32:00","night","BUFFAM",60,"iPad",77,"Cloudy","No rain","17:16","22:43","HARR202407251920EST, AMTH202407252037EST, BUFF202407251815EST","","18:15","Lat: 42.3794408 N Long: 72.4629074 W",75,"Buffim- Lat: 42.3820122 N Long: 72.4584062 W Harris- Lat: 42.3805896 N Long: 72.4587733 W",75,0.02,19.66,"2024-07-25 18:12:05"
"Pool","Center",NA,"Fully shaded","","","Sand,Rock",NA,-72.4597231666667,42.3810621666667,"2024-07-25 17:43:00","night","BUFFAM",57,"iPad",77,"Cloudy","No rain","17:16","22:43","HARR202407251920EST, AMTH202407252037EST, BUFF202407251815EST","","18:15","Lat: 42.3794408 N Long: 72.4629074 W",75,"Buffim- Lat: 42.3820122 N Long: 72.4584062 W Harris- Lat: 42.3805896 N Long: 72.4587733 W",75,0.02,19.66,"2024-07-25 18:12:05"
"Run","Right",NA,"Fully shaded","","","Rock,Sand",NA,-72.4597323333333,42.3810595,"2024-07-25 17:46:00","night","BUFFAM",62,"iPad",77,"Cloudy","No rain","17:16","22:43","HARR202407251920EST, AMTH202407252037EST, BUFF202407251815EST","","18:15","Lat: 42.3794408 N Long: 72.4629074 W",75,"Buffim- Lat: 42.3820122 N Long: 72.4584062 W Harris- Lat: 42.3805896 N Long: 72.4587733 W",75,0.02,19.66,"2024-07-25 18:12:05"
"Run","Center",NA,"Fully shaded","","","Rock,Boulder",NA,-72.4599475,42.3812185,"2024-07-25 17:47:00","night","BUFFAM",18,"iPad",77,"Cloudy","No rain","17:16","22:43","HARR202407251920EST, AMTH202407252037EST, BUFF202407251815EST","","18:15","Lat: 42.3794408 N Long: 72.4629074 W",75,"Buffim- Lat: 42.3820122 N Long: 72.4584062 W Harris- Lat: 42.3805896 N Long: 72.4587733 W",75,0.02,19.66,"2024-07-25 18:12:05"
"Pool","Right",NA,"Fully shaded","","","Rock",NA,-72.4600055,42.3812253333333,"2024-07-25 17:48:00","night","BUFFAM",14,"iPad",77,"Cloudy","No rain","17:16","22:43","HARR202407251920EST, AMTH202407252037EST, BUFF202407251815EST","","18:15","Lat: 42.3794408 N Long: 72.4629074 W",75,"Buffim- Lat: 42.3820122 N Long: 72.4584062 W Harris- Lat: 42.3805896 N Long: 72.4587733 W",75,0.02,19.66,"2024-07-25 18:12:05"
"Pool","Right",NA,"Fully shaded","","","Rock",NA,-72.4599968333333,42.3812305,"2024-07-25 17:48:00","night","BUFFAM",19,"iPad",77,"Cloudy","No rain","17:16","22:43","HARR202407251920EST, AMTH202407252037EST, BUFF202407251815EST","","18:15","Lat: 42.3794408 N Long: 72.4629074 W",75,"Buffim- Lat: 42.3820122 N Long: 72.4584062 W Harris- Lat: 42.3805896 N Long: 72.4587733 W",75,0.02,19.66,"2024-07-25 18:12:05"
"Riffle","Left",NA,"Fully shaded","","","Rock,Pebble",NA,-72.4601763333333,42.3812621666667,"2024-07-25 17:53:00","night","BUFFAM",56,"iPad",77,"Cloudy","No rain","17:16","22:43","HARR202407251920EST, AMTH202407252037EST, BUFF202407251815EST","","18:15","Lat: 42.3794408 N Long: 72.4629074 W",75,"Buffim- Lat: 42.3820122 N Long: 72.4584062 W Harris- Lat: 42.3805896 N Long: 72.4587733 W",75,0.02,19.66,"2024-07-25 18:12:05"
"Run","Left",NA,"Fully shaded","","","Boulder",NA,-72.4602975,42.381152,"2024-07-25 17:54:00","night","HARRIS",20,"iPad",77,"Cloudy","No rain","17:16","22:43","HARR202407251920EST, AMTH202407252037EST, BUFF202407251815EST","","18:15","Lat: 42.3794408 N Long: 72.4629074 W",75,"Buffim- Lat: 42.3820122 N Long: 72.4584062 W Harris- Lat: 42.3805896 N Long: 72.4587733 W",75,0.11,22.5,"2024-07-25 19:16:54"
"Run","Center",NA,"Fully shaded","","","Rock,Boulder",NA,-72.4584563333333,42.382181,"2024-07-25 18:20:00","night","BUFFAM",60,"iPad",77,"Cloudy","No rain","17:16","22:43","HARR202407251920EST, AMTH202407252037EST, BUFF202407251815EST","","18:15","Lat: 42.3794408 N Long: 72.4629074 W",75,"Buffim- Lat: 42.3820122 N Long: 72.4584062 W Harris- Lat: 42.3805896 N Long: 72.4587733 W",75,0.02,19.66,"2024-07-25 18:12:05"
"Pool","Center",NA,"Fully shaded","","","Sand,Rock",NA,-72.4597731666667,42.3811058333333,"2024-07-25 18:29:00","night","BUFFAM",57,"iPad",77,"Cloudy","No rain","17:16","22:43","HARR202407251920EST, AMTH202407252037EST, BUFF202407251815EST","","18:15","Lat: 42.3794408 N Long: 72.4629074 W",75,"Buffim- Lat: 42.3820122 N Long: 72.4584062 W Harris- Lat: 42.3805896 N Long: 72.4587733 W",75,0.02,19.66,"2024-07-25 18:12:05"
"Run","Right",NA,"Fully shaded","","","Sand,Rock",NA,-72.459772,42.3810503333333,"2024-07-25 18:32:00","night","BUFFAM",62,"iPad",77,"Cloudy","No rain","17:16","22:43","HARR202407251920EST, AMTH202407252037EST, BUFF202407251815EST","","18:15","Lat: 42.3794408 N Long: 72.4629074 W",75,"Buffim- Lat: 42.3820122 N Long: 72.4584062 W Harris- Lat: 42.3805896 N Long: 72.4587733 W",75,0.02,19.66,"2024-07-25 18:12:05"
"Run","Center",NA,"Fully shaded","","","Boulder,Sand,Rock",NA,-72.4599011666667,42.381289,"2024-07-25 18:34:00","night","BUFFAM",19,"iPad",77,"Cloudy","No rain","17:16","22:43","HARR202407251920EST, AMTH202407252037EST, BUFF202407251815EST","","18:15","Lat: 42.3794408 N Long: 72.4629074 W",75,"Buffim- Lat: 42.3820122 N Long: 72.4584062 W Harris- Lat: 42.3805896 N Long: 72.4587733 W",75,0.02,19.66,"2024-07-25 18:12:05"
"Run","Center",NA,"Fully shaded","","","Sand,Rock,Boulder",NA,-72.4598945,42.3812721666667,"2024-07-25 18:34:00","night","BUFFAM",18,"iPad",77,"Cloudy","No rain","17:16","22:43","HARR202407251920EST, AMTH202407252037EST, BUFF202407251815EST","","18:15","Lat: 42.3794408 N Long: 72.4629074 W",75,"Buffim- Lat: 42.3820122 N Long: 72.4584062 W Harris- Lat: 42.3805896 N Long: 72.4587733 W",75,0.02,19.66,"2024-07-25 18:12:05"
"Riffle","Right",NA,"Fully shaded","","","Rock,Pebble,Sand",NA,-72.4600026666667,42.3813535,"2024-07-25 18:35:00","night","BUFFAM",14,"iPad",77,"Cloudy","No rain","17:16","22:43","HARR202407251920EST, AMTH202407252037EST, BUFF202407251815EST","","18:15","Lat: 42.3794408 N Long: 72.4629074 W",75,"Buffim- Lat: 42.3820122 N Long: 72.4584062 W Harris- Lat: 42.3805896 N Long: 72.4587733 W",75,0.02,19.66,"2024-07-25 18:12:05"
"Run","Left",NA,"Fully shaded","","","Sand,Rock",NA,-72.4602443333333,42.3812306666667,"2024-07-25 18:38:00","night","BUFFAM",56,"iPad",77,"Cloudy","No rain","17:16","22:43","HARR202407251920EST, AMTH202407252037EST, BUFF202407251815EST","","18:15","Lat: 42.3794408 N Long: 72.4629074 W",75,"Buffim- Lat: 42.3820122 N Long: 72.4584062 W Harris- Lat: 42.3805896 N Long: 72.4587733 W",75,0.02,19.66,"2024-07-25 18:12:05"
"Run","Left",NA,"Fully shaded","","","Boulder",NA,-72.4601736666667,42.3810801666667,"2024-07-25 18:42:00","night","HARRIS",20,"iPad",77,"Cloudy","No rain","17:16","22:43","HARR202407251920EST, AMTH202407252037EST, BUFF202407251815EST","","18:15","Lat: 42.3794408 N Long: 72.4629074 W",75,"Buffim- Lat: 42.3820122 N Long: 72.4584062 W Harris- Lat: 42.3805896 N Long: 72.4587733 W",75,0.11,22.5,"2024-07-25 19:16:54"
"Run","Center",NA,"Fully shaded","","","Rock,Pebble",NA,-72.458393,42.3821123333333,"2024-07-25 19:06:00","night","BUFFAM",60,"iPad",77,"Cloudy","No rain","17:16","22:43","HARR202407251920EST, AMTH202407252037EST, BUFF202407251815EST","","18:15","Lat: 42.3794408 N Long: 72.4629074 W",75,"Buffim- Lat: 42.3820122 N Long: 72.4584062 W Harris- Lat: 42.3805896 N Long: 72.4587733 W",75,0.02,19.66,"2024-07-25 18:12:05"
"Run","Right",NA,"Fully shaded","","","Rock,Pebble",NA,-72.459751,42.381146,"2024-07-25 19:10:00","night","BUFFAM",62,"iPad",77,"Cloudy","No rain","17:16","22:43","HARR202407251920EST, AMTH202407252037EST, BUFF202407251815EST","","18:15","Lat: 42.3794408 N Long: 72.4629074 W",75,"Buffim- Lat: 42.3820122 N Long: 72.4584062 W Harris- Lat: 42.3805896 N Long: 72.4587733 W",75,0.02,19.66,"2024-07-25 18:12:05"
"Pool","Center",NA,"Fully shaded","","","Sand,Rock",NA,-72.4597923333333,42.3813861666667,"2024-07-25 19:14:00","night","BUFFAM",57,"iPad",77,"Cloudy","No rain","17:16","22:43","HARR202407251920EST, AMTH202407252037EST, BUFF202407251815EST","","18:15","Lat: 42.3794408 N Long: 72.4629074 W",75,"Buffim- Lat: 42.3820122 N Long: 72.4584062 W Harris- Lat: 42.3805896 N Long: 72.4587733 W",75,0.02,19.66,"2024-07-25 18:12:05"
"Run","Center",NA,"Night","","","Boulder,Sand",NA,-72.459942,42.3813171666667,"2024-07-25 19:16:00","night","BUFFAM",18,"iPad",77,"Cloudy","No rain","17:16","22:43","HARR202407251920EST, AMTH202407252037EST, BUFF202407251815EST","","18:15","Lat: 42.3794408 N Long: 72.4629074 W",75,"Buffim- Lat: 42.3820122 N Long: 72.4584062 W Harris- Lat: 42.3805896 N Long: 72.4587733 W",75,0.02,19.66,"2024-07-25 18:12:05"
"Pool","Right",NA,"Night","Incorrectly classified at tag 18, based on other data, this sighting was likely tag 19","","Rock,Sand,Boulder",NA,-72.4598844999988,42.3814108333326,"2024-07-25 19:18:00","night","BUFFAM",19,"iPad",77,"Cloudy","No rain","17:16","22:43","HARR202407251920EST, AMTH202407252037EST, BUFF202407251815EST","","18:15","Lat: 42.3794408 N Long: 72.4629074 W",75,"Buffim- Lat: 42.3820122 N Long: 72.4584062 W Harris- Lat: 42.3805896 N Long: 72.4587733 W",75,0.02,19.66,"2024-07-25 18:12:05"
"Pool","Left",NA,"Night","","","Rock,Boulder,Pebble",NA,-72.4598868333333,42.3814321666667,"2024-07-25 19:19:00","night","BUFFAM",14,"iPad",77,"Cloudy","No rain","17:16","22:43","HARR202407251920EST, AMTH202407252037EST, BUFF202407251815EST","","18:15","Lat: 42.3794408 N Long: 72.4629074 W",75,"Buffim- Lat: 42.3820122 N Long: 72.4584062 W Harris- Lat: 42.3805896 N Long: 72.4587733 W",75,0.02,19.66,"2024-07-25 18:12:05"
"Run","Left",NA,"Night","","","Sand,Rock",NA,-72.4603078333333,42.381245,"2024-07-25 19:21:00","night","BUFFAM",56,"iPad",77,"Cloudy","No rain","17:16","22:43","HARR202407251920EST, AMTH202407252037EST, BUFF202407251815EST","","18:15","Lat: 42.3794408 N Long: 72.4629074 W",75,"Buffim- Lat: 42.3820122 N Long: 72.4584062 W Harris- Lat: 42.3805896 N Long: 72.4587733 W",75,0.02,19.66,"2024-07-25 18:12:05"
"Run","Left",NA,"Night","","","Rock,Boulder",NA,-72.4603451666667,42.3811865,"2024-07-25 19:22:00","night","HARRIS",20,"iPad",77,"Cloudy","No rain","17:16","22:43","HARR202407251920EST, AMTH202407252037EST, BUFF202407251815EST","","18:15","Lat: 42.3794408 N Long: 72.4629074 W",75,"Buffim- Lat: 42.3820122 N Long: 72.4584062 W Harris- Lat: 42.3805896 N Long: 72.4587733 W",75,0.11,22.5,"2024-07-25 19:16:54"
"Riffle","Center",NA,"Night","","","Sand",NA,-72.4585383333334,42.382055,"2024-07-25 20:10:00","night","BUFFAM",60,"iPad",77,"Cloudy","No rain","17:16","22:43","HARR202407251920EST, AMTH202407252037EST, BUFF202407251815EST","","18:15","Lat: 42.3794408 N Long: 72.4629074 W",75,"Buffim- Lat: 42.3820122 N Long: 72.4584062 W Harris- Lat: 42.3805896 N Long: 72.4587733 W",75,0.02,19.66,"2024-07-25 18:12:05"
"Pool","Center",NA,"Night","","","Boulder,Sand",NA,-72.4596741666667,42.3811258333333,"2024-07-25 20:16:00","night","BUFFAM",62,"iPad",77,"Cloudy","No rain","17:16","22:43","HARR202407251920EST, AMTH202407252037EST, BUFF202407251815EST","","18:15","Lat: 42.3794408 N Long: 72.4629074 W",75,"Buffim- Lat: 42.3820122 N Long: 72.4584062 W Harris- Lat: 42.3805896 N Long: 72.4587733 W",75,0.02,19.66,"2024-07-25 18:12:05"
"Pool","Center",NA,"Night","","","Boulder,Sand",NA,-72.459694,42.3811685,"2024-07-25 20:17:00","night","BUFFAM",57,"iPad",77,"Cloudy","No rain","17:16","22:43","HARR202407251920EST, AMTH202407252037EST, BUFF202407251815EST","","18:15","Lat: 42.3794408 N Long: 72.4629074 W",75,"Buffim- Lat: 42.3820122 N Long: 72.4584062 W Harris- Lat: 42.3805896 N Long: 72.4587733 W",75,0.02,19.66,"2024-07-25 18:12:05"
"Run","Center",NA,"Night","","","Rock,Boulder,Sand",NA,-72.459782,42.3813301666667,"2024-07-25 20:21:00","night","BUFFAM",18,"iPad",77,"Cloudy","No rain","17:16","22:43","HARR202407251920EST, AMTH202407252037EST, BUFF202407251815EST","","18:15","Lat: 42.3794408 N Long: 72.4629074 W",75,"Buffim- Lat: 42.3820122 N Long: 72.4584062 W Harris- Lat: 42.3805896 N Long: 72.4587733 W",75,0.02,19.66,"2024-07-25 18:12:05"
"Run","Center",NA,"Night","","","Rock,Boulder,Sand",NA,-72.4598705,42.3813735,"2024-07-25 20:28:00","night","BUFFAM",19,"iPad",77,"Cloudy","No rain","17:16","22:43","HARR202407251920EST, AMTH202407252037EST, BUFF202407251815EST","","18:15","Lat: 42.3794408 N Long: 72.4629074 W",75,"Buffim- Lat: 42.3820122 N Long: 72.4584062 W Harris- Lat: 42.3805896 N Long: 72.4587733 W",75,0.02,19.66,"2024-07-25 18:12:05"
"Riffle","Right",NA,"Night","","","Granule,Sand,Rock",NA,-72.4599793333333,42.3813696666667,"2024-07-25 20:30:00","night","BUFFAM",14,"iPad",77,"Cloudy","No rain","17:16","22:43","HARR202407251920EST, AMTH202407252037EST, BUFF202407251815EST","","18:15","Lat: 42.3794408 N Long: 72.4629074 W",75,"Buffim- Lat: 42.3820122 N Long: 72.4584062 W Harris- Lat: 42.3805896 N Long: 72.4587733 W",75,0.02,19.66,"2024-07-25 18:12:05"
"Riffle","Center",NA,"Night","","","Rock,Pebble",NA,-72.4601633333333,42.381256,"2024-07-25 20:36:00","night","BUFFAM",56,"iPad",77,"Cloudy","No rain","17:16","22:43","HARR202407251920EST, AMTH202407252037EST, BUFF202407251815EST","","18:15","Lat: 42.3794408 N Long: 72.4629074 W",75,"Buffim- Lat: 42.3820122 N Long: 72.4584062 W Harris- Lat: 42.3805896 N Long: 72.4587733 W",75,0.02,19.66,"2024-07-25 18:12:05"
"Run","Left",NA,"Night","","Woody_debris","Rock,Boulder",NA,-72.4602681666667,42.3811886666667,"2024-07-25 20:38:00","night","HARRIS",20,"iPad",77,"Cloudy","No rain","17:16","22:43","HARR202407251920EST, AMTH202407252037EST, BUFF202407251815EST","","18:15","Lat: 42.3794408 N Long: 72.4629074 W",75,"Buffim- Lat: 42.3820122 N Long: 72.4584062 W Harris- Lat: 42.3805896 N Long: 72.4587733 W",75,0.11,22.5,"2024-07-25 19:16:54"
"Riffle","Center",NA,"Night","","","Sand,Boulder",NA,-72.4586205,42.38214,"2024-07-25 21:27:00","night","BUFFAM",60,"iPad",77,"Cloudy","No rain","17:16","22:43","HARR202407251920EST, AMTH202407252037EST, BUFF202407251815EST","","18:15","Lat: 42.3794408 N Long: 72.4629074 W",75,"Buffim- Lat: 42.3820122 N Long: 72.4584062 W Harris- Lat: 42.3805896 N Long: 72.4587733 W",75,0.02,19.66,"2024-07-25 18:12:05"
"Pool","Center",NA,"Night","","","Rock,Sand",NA,-72.4596388333333,42.381131,"2024-07-25 21:39:00","night","BUFFAM",62,"iPad",77,"Cloudy","No rain","17:16","22:43","HARR202407251920EST, AMTH202407252037EST, BUFF202407251815EST","","18:15","Lat: 42.3794408 N Long: 72.4629074 W",75,"Buffim- Lat: 42.3820122 N Long: 72.4584062 W Harris- Lat: 42.3805896 N Long: 72.4587733 W",75,0.02,19.66,"2024-07-25 18:12:05"
"Pool","Center",NA,"Night","","","Sand,Rock",NA,-72.4596841666666,42.3812715,"2024-07-25 21:44:00","night","BUFFAM",57,"iPad",77,"Cloudy","No rain","17:16","22:43","HARR202407251920EST, AMTH202407252037EST, BUFF202407251815EST","","18:15","Lat: 42.3794408 N Long: 72.4629074 W",75,"Buffim- Lat: 42.3820122 N Long: 72.4584062 W Harris- Lat: 42.3805896 N Long: 72.4587733 W",75,0.02,19.66,"2024-07-25 18:12:05"
"Run","Center",NA,"Night","","","Boulder,Rock,Sand",NA,-72.4598385,42.3812803333333,"2024-07-25 21:47:00","night","BUFFAM",19,"iPad",77,"Cloudy","No rain","17:16","22:43","HARR202407251920EST, AMTH202407252037EST, BUFF202407251815EST","","18:15","Lat: 42.3794408 N Long: 72.4629074 W",75,"Buffim- Lat: 42.3820122 N Long: 72.4584062 W Harris- Lat: 42.3805896 N Long: 72.4587733 W",75,0.02,19.66,"2024-07-25 18:12:05"
"Run","Center",NA,"Night","","","Rock,Boulder,Sand",NA,-72.4598515,42.3813405,"2024-07-25 21:48:00","night","BUFFAM",18,"iPad",77,"Cloudy","No rain","17:16","22:43","HARR202407251920EST, AMTH202407252037EST, BUFF202407251815EST","","18:15","Lat: 42.3794408 N Long: 72.4629074 W",75,"Buffim- Lat: 42.3820122 N Long: 72.4584062 W Harris- Lat: 42.3805896 N Long: 72.4587733 W",75,0.02,19.66,"2024-07-25 18:12:05"
"Riffle","Right",NA,"Night","","","Rock,Pebble",NA,-72.4599378333333,42.3812873333333,"2024-07-25 21:50:00","night","BUFFAM",14,"iPad",77,"Cloudy","No rain","17:16","22:43","HARR202407251920EST, AMTH202407252037EST, BUFF202407251815EST","","18:15","Lat: 42.3794408 N Long: 72.4629074 W",75,"Buffim- Lat: 42.3820122 N Long: 72.4584062 W Harris- Lat: 42.3805896 N Long: 72.4587733 W",75,0.02,19.66,"2024-07-25 18:12:05"
"Riffle","Center",NA,"Night","","","Rock,Boulder,Sand",NA,-72.4603505,42.3812896666667,"2024-07-25 21:52:00","night","BUFFAM",56,"iPad",77,"Cloudy","No rain","17:16","22:43","HARR202407251920EST, AMTH202407252037EST, BUFF202407251815EST","","18:15","Lat: 42.3794408 N Long: 72.4629074 W",75,"Buffim- Lat: 42.3820122 N Long: 72.4584062 W Harris- Lat: 42.3805896 N Long: 72.4587733 W",75,0.02,19.66,"2024-07-25 18:12:05"
"Run","Left",NA,"Night","","Woody_debris","Granule,Rock,Boulder",NA,-72.4603366666667,42.3813203333333,"2024-07-25 21:54:00","night","HARRIS",20,"iPad",77,"Cloudy","No rain","17:16","22:43","HARR202407251920EST, AMTH202407252037EST, BUFF202407251815EST","","18:15","Lat: 42.3794408 N Long: 72.4629074 W",75,"Buffim- Lat: 42.3820122 N Long: 72.4584062 W Harris- Lat: 42.3805896 N Long: 72.4587733 W",75,0.11,22.5,"2024-07-25 19:16:54"
"Riffle","Center",NA,"Night","","","Sand,Rock",NA,-72.4584696666667,42.3821531666667,"2024-07-25 22:20:00","night","BUFFAM",60,"iPad",77,"Cloudy","No rain","17:16","22:43","HARR202407251920EST, AMTH202407252037EST, BUFF202407251815EST","","18:15","Lat: 42.3794408 N Long: 72.4629074 W",75,"Buffim- Lat: 42.3820122 N Long: 72.4584062 W Harris- Lat: 42.3805896 N Long: 72.4587733 W",75,0.02,19.66,"2024-07-25 18:12:05"
"Pool","Center",NA,"Night","","","Sand,Rock",NA,-72.4597008333333,42.3811938333333,"2024-07-25 22:25:00","night","BUFFAM",57,"iPad",77,"Cloudy","No rain","17:16","22:43","HARR202407251920EST, AMTH202407252037EST, BUFF202407251815EST","","18:15","Lat: 42.3794408 N Long: 72.4629074 W",75,"Buffim- Lat: 42.3820122 N Long: 72.4584062 W Harris- Lat: 42.3805896 N Long: 72.4587733 W",75,0.02,19.66,"2024-07-25 18:12:05"
"Pool","Center",NA,"Night","","","Sand,Rock",NA,-72.4597081666667,42.3811801666667,"2024-07-25 22:25:00","night","BUFFAM",62,"iPad",77,"Cloudy","No rain","17:16","22:43","HARR202407251920EST, AMTH202407252037EST, BUFF202407251815EST","","18:15","Lat: 42.3794408 N Long: 72.4629074 W",75,"Buffim- Lat: 42.3820122 N Long: 72.4584062 W Harris- Lat: 42.3805896 N Long: 72.4587733 W",75,0.02,19.66,"2024-07-25 18:12:05"
"Pool","Center",NA,"Night","","","Sand,Rock,Boulder",NA,-72.4598891666667,42.381359,"2024-07-25 22:27:00","night","BUFFAM",19,"iPad",77,"Cloudy","No rain","17:16","22:43","HARR202407251920EST, AMTH202407252037EST, BUFF202407251815EST","","18:15","Lat: 42.3794408 N Long: 72.4629074 W",75,"Buffim- Lat: 42.3820122 N Long: 72.4584062 W Harris- Lat: 42.3805896 N Long: 72.4587733 W",75,0.02,19.66,"2024-07-25 18:12:05"
"Run","Right",NA,"Night","","","Sand,Rock,Boulder",NA,-72.4599483333333,42.3815516666667,"2024-07-25 22:29:00","night","BUFFAM",18,"iPad",77,"Cloudy","No rain","17:16","22:43","HARR202407251920EST, AMTH202407252037EST, BUFF202407251815EST","","18:15","Lat: 42.3794408 N Long: 72.4629074 W",75,"Buffim- Lat: 42.3820122 N Long: 72.4584062 W Harris- Lat: 42.3805896 N Long: 72.4587733 W",75,0.02,19.66,"2024-07-25 18:12:05"
"Riffle","Right",NA,"Night","","","Sand,Rock",NA,-72.4600168333333,42.3813495,"2024-07-25 22:31:00","night","BUFFAM",14,"iPad",77,"Cloudy","No rain","17:16","22:43","HARR202407251920EST, AMTH202407252037EST, BUFF202407251815EST","","18:15","Lat: 42.3794408 N Long: 72.4629074 W",75,"Buffim- Lat: 42.3820122 N Long: 72.4584062 W Harris- Lat: 42.3805896 N Long: 72.4587733 W",75,0.02,19.66,"2024-07-25 18:12:05"
"Riffle","Center",NA,"Night","","","Sand,Rock,Granule",NA,-72.460258,42.3814135,"2024-07-25 22:35:00","night","BUFFAM",56,"iPad",77,"Cloudy","No rain","17:16","22:43","HARR202407251920EST, AMTH202407252037EST, BUFF202407251815EST","","18:15","Lat: 42.3794408 N Long: 72.4629074 W",75,"Buffim- Lat: 42.3820122 N Long: 72.4584062 W Harris- Lat: 42.3805896 N Long: 72.4587733 W",75,0.02,19.66,"2024-07-25 18:12:05"
"Run","Left",NA,"Night","","","Rock,Sand",NA,-72.4603945,42.381176,"2024-07-25 22:39:00","night","HARRIS",20,"iPad",77,"Cloudy","No rain","17:16","22:43","HARR202407251920EST, AMTH202407252037EST, BUFF202407251815EST","","18:15","Lat: 42.3794408 N Long: 72.4629074 W",75,"Buffim- Lat: 42.3820122 N Long: 72.4584062 W Harris- Lat: 42.3805896 N Long: 72.4587733 W",75,0.11,22.5,"2024-07-25 19:16:54"
"Riffle","Center",NA,"Mostly shaded","","","Rock,Boulder",NA,-72.3243518333333,42.4449986666667,"2024-07-26 07:31:00","day","UNDERHILL",41,"iPad",68,"Clear","No rain","07:19","","UNDH202407250817EST","","08:17","42.4445484.N 72.3208171.W",75,"42.4456883 N 72.3323982 W",70,0.02,17.4,"2024-07-26 08:12:57"
"Riffle","Center",NA,"Lightly shaded","","","Pebble",NA,-72.3253931666667,42.4452896666667,"2024-07-26 07:39:00","day","UNDERHILL",40,"iPad",68,"Clear","No rain","07:19","","UNDH202407250817EST","","08:17","42.4445484.N 72.3208171.W",75,"42.4456883 N 72.3323982 W",70,0.02,17.4,"2024-07-26 08:12:57"
"Riffle","Center",NA,"Mostly shaded","","","Rock,Boulder",NA,-72.326269,42.4457545,"2024-07-26 07:52:00","day","UNDERHILL",33,"iPad",68,"Clear","No rain","07:19","","UNDH202407250817EST","","08:17","42.4445484.N 72.3208171.W",75,"42.4456883 N 72.3323982 W",70,0.02,17.4,"2024-07-26 08:12:57"
"Pool","Right",NA,"Lightly shaded","","","Boulder,Rock,Pebble",NA,-72.3266858333333,42.4456408333333,"2024-07-26 07:57:00","day","UNDERHILL",34,"iPad",68,"Clear","No rain","07:19","","UNDH202407250817EST","","08:17","42.4445484.N 72.3208171.W",75,"42.4456883 N 72.3323982 W",70,0.02,17.4,"2024-07-26 08:12:57"
"Pool","Left",NA,"Fully shaded","Found tag at bottom of pool","","Pebble",NA,-72.3277386666667,42.4451786666667,"2024-07-26 08:06:00","day","UNDERHILL",27,"iPad",68,"Clear","No rain","07:19","","UNDH202407250817EST","","08:17","42.4445484.N 72.3208171.W",75,"42.4456883 N 72.3323982 W",70,0.02,17.4,"2024-07-26 08:12:57"
"Pool","Left",NA,"Mostly shaded","","","Boulder,Rock",NA,-72.3277091666667,42.4449916666667,"2024-07-26 08:10:00","day","UNDERHILL",45,"iPad",68,"Clear","No rain","07:19","","UNDH202407250817EST","","08:17","42.4445484.N 72.3208171.W",75,"42.4456883 N 72.3323982 W",70,0.02,17.4,"2024-07-26 08:12:57"
"Pool","",NA,"Lightly shaded","","Woody_debris","Boulder,Sand",NA,-72.3279781666667,42.444808,"2024-07-26 08:23:00","day","UNDERHILL",44,"iPad",68,"Clear","No rain","07:19","","UNDH202407250817EST","","08:17","42.4445484.N 72.3208171.W",75,"42.4456883 N 72.3323982 W",70,0.02,17.4,"2024-07-26 08:12:57"
"Riffle","Center",NA,"Mostly shaded","","","Boulder,Pebble",NA,-72.3296706666667,42.4435118333333,"2024-07-26 08:42:00","day","UNDERHILL",35,"iPad",68,"Clear","No rain","07:19","","UNDH202407250817EST","","08:17","42.4445484.N 72.3208171.W",75,"42.4456883 N 72.3323982 W",70,0.02,17.4,"2024-07-26 08:12:57"
"Pool","Center",NA,"Mostly shaded","","","Sand",NA,-72.3294506666667,42.4435965,"2024-07-26 09:16:00","day","UNDERHILL",35,"iPad",68,"Clear","No rain","07:19","","UNDH202407250817EST","","08:17","42.4445484.N 72.3208171.W",75,"42.4456883 N 72.3323982 W",70,0.02,17.4,"2024-07-26 08:12:57"
"Pool","Center",NA,"Mostly shaded","Hard time in pool getting a high signal. Highest 186","Woody_debris","Pebble,Sand",186,-72.3279426666667,42.445076,"2024-07-26 09:29:00","day","UNDERHILL",44,"iPad",68,"Clear","No rain","07:19","","UNDH202407250817EST","","08:17","42.4445484.N 72.3208171.W",75,"42.4456883 N 72.3323982 W",70,0.02,17.4,"2024-07-26 08:12:57"
"Pool","Left",NA,"Mostly shaded","","","Pebble,Rock",NA,-72.3277866666667,42.4453568333333,"2024-07-26 09:36:00","day","UNDERHILL",45,"iPad",68,"Clear","No rain","07:19","","UNDH202407250817EST","","08:17","42.4445484.N 72.3208171.W",75,"42.4456883 N 72.3323982 W",70,0.02,17.4,"2024-07-26 08:12:57"
"Pool","Left",NA,"Lightly shaded","","","Rock",NA,-72.3267113333333,42.4456308333333,"2024-07-26 09:40:00","day","UNDERHILL",34,"iPad",68,"Clear","No rain","07:19","","UNDH202407250817EST","","08:17","42.4445484.N 72.3208171.W",75,"42.4456883 N 72.3323982 W",70,0.02,17.4,"2024-07-26 08:12:57"
"Riffle","Right",NA,"Mostly shaded","Seemed like it was moving downstream as we were tracking and stopped in the woody debris.","Woody_debris","Rock",NA,-72.3261391666667,42.4453638333333,"2024-07-26 09:47:00","day","UNDERHILL",33,"iPad",68,"Clear","No rain","07:19","","UNDH202407250817EST","","08:17","42.4445484.N 72.3208171.W",75,"42.4456883 N 72.3323982 W",70,0.02,17.4,"2024-07-26 08:12:57"
"Riffle","Center",NA,"Mostly shaded","","","Rock,Sand",NA,-72.3252938333333,42.4452448333333,"2024-07-26 09:50:00","day","UNDERHILL",40,"iPad",68,"Clear","No rain","07:19","","UNDH202407250817EST","","08:17","42.4445484.N 72.3208171.W",75,"42.4456883 N 72.3323982 W",70,0.02,17.4,"2024-07-26 08:12:57"
"Run","Center",NA,"Fully shaded","","","Boulder",NA,-72.3245311666667,42.444915,"2024-07-26 09:57:00","day","UNDERHILL",41,"iPad",68,"Clear","No rain","07:19","","UNDH202407250817EST","","08:17","42.4445484.N 72.3208171.W",75,"42.4456883 N 72.3323982 W",70,0.02,17.4,"2024-07-26 08:12:57"
"Riffle","Center",NA,"Fully shaded","","","Pebble",NA,-72.3244563333333,42.444947,"2024-07-26 11:01:00","day","UNDERHILL",41,"iPad",68,"Clear","No rain","07:19","","UNDH202407250817EST","","08:17","42.4445484.N 72.3208171.W",75,"42.4456883 N 72.3323982 W",70,0.02,17.4,"2024-07-26 08:12:57"
"Riffle","Center",NA,"Mostly shaded","Dead found under moss while looking for tag.","","Sand",NA,-72.3253865,42.4452566666667,"2024-07-26 11:10:00","day","UNDERHILL",40,"iPad",68,"Clear","No rain","07:19","","UNDH202407250817EST","","08:17","42.4445484.N 72.3208171.W",75,"42.4456883 N 72.3323982 W",70,0.02,17.4,"2024-07-26 08:12:57"
"Riffle","Right",NA,"Mostly shaded","","Woody_debris","Rock,Sand",NA,-72.3263075,42.4453813333333,"2024-07-26 11:28:00","day","UNDERHILL",33,"iPad",68,"Clear","No rain","07:19","","UNDH202407250817EST","","08:17","42.4445484.N 72.3208171.W",75,"42.4456883 N 72.3323982 W",70,0.02,17.4,"2024-07-26 08:12:57"
"Pool","Center",NA,"Mostly shaded","","","Rock,Sand,Pebble",NA,-72.3265695,42.4456326666667,"2024-07-26 11:31:00","day","UNDERHILL",34,"iPad",68,"Clear","No rain","07:19","","UNDH202407250817EST","","08:17","42.4445484.N 72.3208171.W",75,"42.4456883 N 72.3323982 W",70,0.02,17.4,"2024-07-26 08:12:57"
"Pool","Right",NA,"Mostly shaded","May be movng in pool. Signal changes. We do feel we should be able to see the fish, but do not.","","Rock,Sand,Pebble",NA,-72.3277701666667,42.4451608333333,"2024-07-26 11:44:00","day","UNDERHILL",45,"iPad",68,"Clear","No rain","07:19","","UNDH202407250817EST","","08:17","42.4445484.N 72.3208171.W",75,"42.4456883 N 72.3323982 W",70,0.02,17.4,"2024-07-26 08:12:57"
"Pool","Center",NA,"Lightly shaded","Tag still hard to get above 190. ","","Rock,Pebble",186,-72.3279756666667,42.4448625,"2024-07-26 11:56:00","day","UNDERHILL",44,"iPad",68,"Clear","No rain","07:19","","UNDH202407250817EST","","08:17","42.4445484.N 72.3208171.W",75,"42.4456883 N 72.3323982 W",70,0.02,17.4,"2024-07-26 08:12:57"
"Pool","Center",NA,"Lightly shaded","We did get a 190 when looking for the tag. Other than that odd signal strength, maybfish moving.","Woody_debris","Rock,Pebble,Sand",182,-72.3279298333333,42.4449005,"2024-07-26 12:15:00","day","UNDERHILL",44,"iPad",68,"Clear","No rain","07:19","","UNDH202407250817EST","","08:17","42.4445484.N 72.3208171.W",75,"42.4456883 N 72.3323982 W",70,0.02,17.4,"2024-07-26 08:12:57"
"Pool","Center",NA,"Mostly shaded","","","Rock,Sand,Pebble",NA,-72.3277995,42.445256,"2024-07-26 12:20:00","day","UNDERHILL",45,"iPad",68,"Clear","No rain","07:19","","UNDH202407250817EST","","08:17","42.4445484.N 72.3208171.W",75,"42.4456883 N 72.3323982 W",70,0.02,17.4,"2024-07-26 08:12:57"
"Pool","Center",NA,"Mostly shaded","","","Rock,Pebble,Sand",NA,-72.3266756666667,42.4456178333333,"2024-07-26 12:23:00","day","UNDERHILL",34,"iPad",68,"Clear","No rain","07:19","","UNDH202407250817EST","","08:17","42.4445484.N 72.3208171.W",75,"42.4456883 N 72.3323982 W",70,0.02,17.4,"2024-07-26 08:12:57"
"Riffle","Center",NA,"Mostly shaded","","Woody_debris","Rock",NA,-72.3261983333333,42.4454103333333,"2024-07-26 12:27:00","day","UNDERHILL",33,"iPad",68,"Clear","No rain","07:19","","UNDH202407250817EST","","08:17","42.4445484.N 72.3208171.W",75,"42.4456883 N 72.3323982 W",70,0.02,17.4,"2024-07-26 08:12:57"
"Riffle","Center",NA,"Mostly shaded","","","Rock",NA,-72.3245625,42.4448761666667,"2024-07-26 12:33:00","day","UNDERHILL",41,"iPad",68,"Clear","No rain","07:19","","UNDH202407250817EST","","08:17","42.4445484.N 72.3208171.W",75,"42.4456883 N 72.3323982 W",70,0.02,17.4,"2024-07-26 08:12:57"
"Riffle","Center",NA,"Fully shaded","","","Pebble,Rock",NA,-72.3244485,42.4448391666667,"2024-07-26 17:30:00","night","UNDERHILL",41,"iPad",77,"Clear","No rain","17:13","22:13","UNDH202407261805EST","","18:05","Lat: 42.4449696 N Long: 72.3245029 W",70,"Lat: 42.4436649 N Long: 72.3295896 W",70,0.02,19.17,"2024-07-26 18:03:17"
"Riffle","Center",NA,"Fully shaded","","","Rock,Sand",NA,-72.3263961666667,42.445301,"2024-07-26 17:36:00","night","UNDERHILL",33,"iPad",77,"Clear","No rain","17:13","22:13","UNDH202407261805EST","","18:05","Lat: 42.4449696 N Long: 72.3245029 W",70,"Lat: 42.4436649 N Long: 72.3295896 W",70,0.02,19.17,"2024-07-26 18:03:17"
"Riffle","Center",NA,"Fully shaded","","","Rock,Boulder",NA,-72.3265816666667,42.4456661666667,"2024-07-26 17:43:00","night","UNDERHILL",34,"iPad",77,"Clear","No rain","17:13","22:13","UNDH202407261805EST","","18:05","Lat: 42.4449696 N Long: 72.3245029 W",70,"Lat: 42.4436649 N Long: 72.3295896 W",70,0.02,19.17,"2024-07-26 18:03:17"
"Run","Center",NA,"Fully shaded","","","Rock,Sand,Boulder",NA,-72.3277413333333,42.4452053333333,"2024-07-26 17:50:00","night","UNDERHILL",45,"iPad",77,"Clear","No rain","17:13","22:13","UNDH202407261805EST","","18:05","Lat: 42.4449696 N Long: 72.3245029 W",70,"Lat: 42.4436649 N Long: 72.3295896 W",70,0.02,19.17,"2024-07-26 18:03:17"
"Pool","Center",NA,"Fully shaded","","","Rock",NA,-72.3279515,42.4449085,"2024-07-26 17:54:00","night","UNDERHILL",44,"iPad",77,"Clear","No rain","17:13","22:13","UNDH202407261805EST","","18:05","Lat: 42.4449696 N Long: 72.3245029 W",70,"Lat: 42.4436649 N Long: 72.3295896 W",70,0.02,19.17,"2024-07-26 18:03:17"
"Pool","Center",NA,"Fully shaded","","","Rock,Boulder",NA,-72.3297031666667,42.4437521666667,"2024-07-26 18:02:00","night","UNDERHILL",35,"iPad",77,"Clear","No rain","17:13","22:13","UNDH202407261805EST","","18:05","Lat: 42.4449696 N Long: 72.3245029 W",70,"Lat: 42.4436649 N Long: 72.3295896 W",70,0.02,19.17,"2024-07-26 18:03:17"
"Riffle","Center",NA,"Fully shaded","","","Boulder",NA,-72.324461,42.4450401666667,"2024-07-26 18:17:00","night","UNDERHILL",41,"iPad",77,"Clear","No rain","17:13","22:13","UNDH202407261805EST","","18:05","Lat: 42.4449696 N Long: 72.3245029 W",70,"Lat: 42.4436649 N Long: 72.3295896 W",70,0.02,19.17,"2024-07-26 18:03:17"
"Run","Center",NA,"Fully shaded","","Woody_debris","Rock,Sand",NA,-72.326378,42.4453718333333,"2024-07-26 18:22:00","night","UNDERHILL",33,"iPad",77,"Clear","No rain","17:13","22:13","UNDH202407261805EST","","18:05","Lat: 42.4449696 N Long: 72.3245029 W",70,"Lat: 42.4436649 N Long: 72.3295896 W",70,0.02,19.17,"2024-07-26 18:03:17"
"Riffle","Center",NA,"Fully shaded","","","Rock,Boulder",NA,-72.3265233333333,42.4456211666667,"2024-07-26 18:26:00","night","UNDERHILL",34,"iPad",77,"Clear","No rain","17:13","22:13","UNDH202407261805EST","","18:05","Lat: 42.4449696 N Long: 72.3245029 W",70,"Lat: 42.4436649 N Long: 72.3295896 W",70,0.02,19.17,"2024-07-26 18:03:17"
"Riffle","Center",NA,"Fully shaded","","","Boulder,Granule,Sand",NA,-72.3278343333333,42.4451258333333,"2024-07-26 18:29:00","night","UNDERHILL",45,"iPad",77,"Clear","No rain","17:13","22:13","UNDH202407261805EST","","18:05","Lat: 42.4449696 N Long: 72.3245029 W",70,"Lat: 42.4436649 N Long: 72.3295896 W",70,0.02,19.17,"2024-07-26 18:03:17"
"Run","Center",NA,"Fully shaded","","Woody_debris","Sand,Rock,Granule",NA,-72.3278768333333,42.444983,"2024-07-26 18:38:00","night","UNDERHILL",44,"iPad",77,"Clear","No rain","17:13","22:13","UNDH202407261805EST","","18:05","Lat: 42.4449696 N Long: 72.3245029 W",70,"Lat: 42.4436649 N Long: 72.3295896 W",70,0.02,19.17,"2024-07-26 18:03:17"
"Pool","Center",NA,"Fully shaded","","","Boulder,Sand",NA,-72.3296203333333,42.4435316666667,"2024-07-26 18:49:00","night","UNDERHILL",35,"iPad",77,"Clear","No rain","17:13","22:13","UNDH202407261805EST","","18:05","Lat: 42.4449696 N Long: 72.3245029 W",70,"Lat: 42.4436649 N Long: 72.3295896 W",70,0.02,19.17,"2024-07-26 18:03:17"
"Pool","Center",NA,"Night","","","Boulder,Sand",NA,-72.3297951666667,42.4437995,"2024-07-26 19:17:00","night","UNDERHILL",35,"iPad",77,"Clear","No rain","17:13","22:13","UNDH202407261805EST","","18:05","Lat: 42.4449696 N Long: 72.3245029 W",70,"Lat: 42.4436649 N Long: 72.3295896 W",70,0.02,19.17,"2024-07-26 18:03:17"
"Run","Center",NA,"Night","","Woody_debris","Rock,Sand,Boulder",187,-72.3280123333333,42.4450356666667,"2024-07-26 19:38:00","night","UNDERHILL",44,"iPad",77,"Clear","No rain","17:13","22:13","UNDH202407261805EST","","18:05","Lat: 42.4449696 N Long: 72.3245029 W",70,"Lat: 42.4436649 N Long: 72.3295896 W",70,0.02,19.17,"2024-07-26 18:03:17"
"Pool","Right",NA,"Night","","","Rock,Pebble,Granule",NA,-72.3277223333333,42.445166,"2024-07-26 19:44:00","night","UNDERHILL",45,"iPad",77,"Clear","No rain","17:13","22:13","UNDH202407261805EST","","18:05","Lat: 42.4449696 N Long: 72.3245029 W",70,"Lat: 42.4436649 N Long: 72.3295896 W",70,0.02,19.17,"2024-07-26 18:03:17"
"Riffle","Center",NA,"Night","","","Rock,Boulder",NA,-72.3267218333334,42.4456863333333,"2024-07-26 19:50:00","night","UNDERHILL",34,"iPad",77,"Clear","No rain","17:13","22:13","UNDH202407261805EST","","18:05","Lat: 42.4449696 N Long: 72.3245029 W",70,"Lat: 42.4436649 N Long: 72.3295896 W",70,0.02,19.17,"2024-07-26 18:03:17"
"Riffle","Center",NA,"Night","","","Rock,Granule,Sand",NA,-72.3263583333333,42.445446,"2024-07-26 19:53:00","night","UNDERHILL",33,"iPad",77,"Clear","No rain","17:13","22:13","UNDH202407261805EST","","18:05","Lat: 42.4449696 N Long: 72.3245029 W",70,"Lat: 42.4436649 N Long: 72.3295896 W",70,0.02,19.17,"2024-07-26 18:03:17"
"Riffle","Center",NA,"Night","","","Boulder",NA,-72.3244961666666,42.4449973333333,"2024-07-26 19:59:00","night","UNDERHILL",41,"iPad",77,"Clear","No rain","17:13","22:13","UNDH202407261805EST","","18:05","Lat: 42.4449696 N Long: 72.3245029 W",70,"Lat: 42.4436649 N Long: 72.3295896 W",70,0.02,19.17,"2024-07-26 18:03:17"
"Riffle","Right",NA,"Night","","","Rock,Boulder",NA,-72.3245241666667,42.444939,"2024-07-26 20:37:00","night","UNDERHILL",41,"iPad",77,"Clear","No rain","17:13","22:13","UNDH202407261805EST","","18:05","Lat: 42.4449696 N Long: 72.3245029 W",70,"Lat: 42.4436649 N Long: 72.3295896 W",70,0.02,19.17,"2024-07-26 18:03:17"
"Riffle","Center",NA,"Night","Confirmed alive, fish spotted.","","Sand,Rock",NA,-72.3263976666667,42.4455261666667,"2024-07-26 20:46:00","night","UNDERHILL",33,"iPad",77,"Clear","No rain","17:13","22:13","UNDH202407261805EST","","18:05","Lat: 42.4449696 N Long: 72.3245029 W",70,"Lat: 42.4436649 N Long: 72.3295896 W",70,0.02,19.17,"2024-07-26 18:03:17"
"Pool","Center",NA,"Night","","","Rock,Sand",NA,-72.326607,42.4454846666667,"2024-07-26 20:51:00","night","UNDERHILL",34,"iPad",77,"Clear","No rain","17:13","22:13","UNDH202407261805EST","","18:05","Lat: 42.4449696 N Long: 72.3245029 W",70,"Lat: 42.4436649 N Long: 72.3295896 W",70,0.02,19.17,"2024-07-26 18:03:17"
"Pool","Center",NA,"Night","","","Rock,Sand",NA,-72.3279041666667,42.4452443333333,"2024-07-26 20:57:00","night","UNDERHILL",45,"iPad",77,"Clear","No rain","17:13","22:13","UNDH202407261805EST","","18:05","Lat: 42.4449696 N Long: 72.3245029 W",70,"Lat: 42.4436649 N Long: 72.3295896 W",70,0.02,19.17,"2024-07-26 18:03:17"
"Run","Center",NA,"Night","","","Sand,Rock,Granule",NA,-72.32792,42.4448113333333,"2024-07-26 21:01:00","night","UNDERHILL",44,"iPad",77,"Clear","No rain","17:13","22:13","UNDH202407261805EST","","18:05","Lat: 42.4449696 N Long: 72.3245029 W",70,"Lat: 42.4436649 N Long: 72.3295896 W",70,0.02,19.17,"2024-07-26 18:03:17"
"Pool","Right",NA,"Night","","","Boulder,Rock,Sand",NA,-72.329619,42.4436305,"2024-07-26 21:17:00","night","UNDERHILL",35,"iPad",77,"Clear","No rain","17:13","22:13","UNDH202407261805EST","","18:05","Lat: 42.4449696 N Long: 72.3245029 W",70,"Lat: 42.4436649 N Long: 72.3295896 W",70,0.02,19.17,"2024-07-26 18:03:17"
"Pool","Right",NA,"Night","","","Sand,Boulder",NA,-72.3296693333333,42.4435886666667,"2024-07-26 21:40:00","night","UNDERHILL",35,"iPad",77,"Clear","No rain","17:13","22:13","UNDH202407261805EST","","18:05","Lat: 42.4449696 N Long: 72.3245029 W",70,"Lat: 42.4436649 N Long: 72.3295896 W",70,0.02,19.17,"2024-07-26 18:03:17"
"Run","Center",NA,"Night","","","Sand,Pebble",NA,-72.3280368333333,42.4449145,"2024-07-26 21:53:00","night","UNDERHILL",44,"iPad",77,"Clear","No rain","17:13","22:13","UNDH202407261805EST","","18:05","Lat: 42.4449696 N Long: 72.3245029 W",70,"Lat: 42.4436649 N Long: 72.3295896 W",70,0.02,19.17,"2024-07-26 18:03:17"
"Pool","Center",NA,"Night","","","",NA,-72.327885,42.4452628333333,"2024-07-26 21:56:00","night","UNDERHILL",45,"iPad",77,"Clear","No rain","17:13","22:13","UNDH202407261805EST","","18:05","Lat: 42.4449696 N Long: 72.3245029 W",70,"Lat: 42.4436649 N Long: 72.3295896 W",70,0.02,19.17,"2024-07-26 18:03:17"
"Pool","Center",NA,"Night","","","Rock,Sand,Pebble",NA,-72.3265376666667,42.4455278333333,"2024-07-26 22:01:00","night","UNDERHILL",34,"iPad",77,"Clear","No rain","17:13","22:13","UNDH202407261805EST","","18:05","Lat: 42.4449696 N Long: 72.3245029 W",70,"Lat: 42.4436649 N Long: 72.3295896 W",70,0.02,19.17,"2024-07-26 18:03:17"
"Run","Center",NA,"Night","","","Sand,Rock,Pebble",NA,-72.3262861666667,42.4453698333333,"2024-07-26 22:06:00","night","UNDERHILL",33,"iPad",77,"Clear","No rain","17:13","22:13","UNDH202407261805EST","","18:05","Lat: 42.4449696 N Long: 72.3245029 W",70,"Lat: 42.4436649 N Long: 72.3295896 W",70,0.02,19.17,"2024-07-26 18:03:17"
"Riffle","Center",NA,"Night","","","Rock,Pebble",NA,-72.3245243333333,42.4449923333333,"2024-07-26 22:11:00","night","UNDERHILL",41,"iPad",77,"Clear","No rain","17:13","22:13","UNDH202407261805EST","","18:05","Lat: 42.4449696 N Long: 72.3245029 W",70,"Lat: 42.4436649 N Long: 72.3295896 W",70,0.02,19.17,"2024-07-26 18:03:17"
