"habitat","position","substrate","shade","fishNotes","habitatExtra","substrateExtra","signal","lon","lat","dateTime","shift","river","tagID","source","airTemp","cloud","precip","startTime","endTime","iso","streamNotes","isoTime","downstreamGPS","downstreamGain","upstreamGPS","upstreamGain"
"Riffle","Right",NA,"Night","","","Pebble,Rock",NA,-72.3711566666667,42.444185,"2024-07-30 04:07:00","day","DICKEY",31,"iPad",67,"Cloudy","No rain","03:50","08:56","DCKY202407300503EST",NA,"05:03","42.4421397 N 72.3133907 W",70,"42.4373330 N 72.3646411W",70
"Riffle","Center",NA,"Night","","","Rock,Pebble",NA,-72.3703356666667,42.443516,"2024-07-30 04:15:00","day","DICKEY",26,"iPad",67,"Cloudy","No rain","03:50","08:56","DCKY202407300503EST",NA,"05:03","42.4421397 N 72.3133907 W",70,"42.4373330 N 72.3646411W",70
"Riffle","Center",NA,"Night","","","Rock,Pebble",NA,-72.3703203333333,42.4434951666667,"2024-07-30 04:16:00","day","DICKEY",37,"iPad",67,"Cloudy","No rain","03:50","08:56","DCKY202407300503EST",NA,"05:03","42.4421397 N 72.3133907 W",70,"42.4373330 N 72.3646411W",70
"Run","Right",NA,"Night","","","Rock,Pebble",NA,-72.3733463333333,42.4444068333333,"2024-07-30 04:38:00","day","DICKEY",38,"iPad",67,"Cloudy","No rain","03:50","08:56","DCKY202407300503EST",NA,"05:03","42.4421397 N 72.3133907 W",70,"42.4373330 N 72.3646411W",70
"Pool","Left",NA,"Night","Dead.found on river left side of pool buried n gravel.","","Pebble",NA,-72.3735448333333,42.4440566666667,"2024-07-30 04:42:00","day","DICKEY",32,"iPad",67,"Cloudy","No rain","03:50","08:56","DCKY202407300503EST",NA,"05:03","42.4421397 N 72.3133907 W",70,"42.4373330 N 72.3646411W",70
"Riffle","Left",NA,"Lightly shaded","May be dead ","","Rock,Pebble",NA,-72.3734021666667,42.4444898333333,"2024-07-30 05:25:00","day","DICKEY",38,"iPad",67,"Cloudy","No rain","03:50","08:56","DCKY202407300503EST",NA,"05:03","42.4421397 N 72.3133907 W",70,"42.4373330 N 72.3646411W",70
"Riffle","Right",NA,"Fully shaded","","","Pebble,Rock",NA,-72.3711791666667,42.4439733333333,"2024-07-30 06:08:00","day","DICKEY",31,"iPad",67,"Cloudy","No rain","03:50","08:56","DCKY202407300503EST",NA,"05:03","42.4421397 N 72.3133907 W",70,"42.4373330 N 72.3646411W",70
"Run","Center",NA,"Fully shaded","","","Rock,Pebble",NA,-72.3704651666667,42.4435786666667,"2024-07-30 06:12:00","day","DICKEY",37,"iPad",67,"Cloudy","No rain","03:50","08:56","DCKY202407300503EST",NA,"05:03","42.4421397 N 72.3133907 W",70,"42.4373330 N 72.3646411W",70
"Run","Right",NA,"Fully shaded","","","Rock,Pebble",NA,-72.3705361666667,42.4437076666667,"2024-07-30 06:12:00","day","DICKEY",26,"iPad",67,"Cloudy","No rain","03:50","08:56","DCKY202407300503EST",NA,"05:03","42.4421397 N 72.3133907 W",70,"42.4373330 N 72.3646411W",70
"Run","Center",NA,"Lightly shaded","Dead?","","Rock,Pebble",NA,-72.3733816666667,42.4444108333333,"2024-07-30 07:17:00","day","DICKEY",38,"iPad",67,"Cloudy","No rain","03:50","08:56","DCKY202407300503EST",NA,"05:03","42.4421397 N 72.3133907 W",70,"42.4373330 N 72.3646411W",70
"Riffle","Right",NA,"Fully shaded","","","",NA,-72.3711253333333,42.4439453333333,"2024-07-30 08:20:00","day","DICKEY",31,"iPad",67,"Cloudy","No rain","03:50","08:56","DCKY202407300503EST",NA,"05:03","42.4421397 N 72.3133907 W",70,"42.4373330 N 72.3646411W",70
"Run","Center",NA,"Mostly shaded","","","Rock",NA,-72.3703588333333,42.4436293333333,"2024-07-30 08:24:00","day","DICKEY",26,"iPad",67,"Cloudy","No rain","03:50","08:56","DCKY202407300503EST",NA,"05:03","42.4421397 N 72.3133907 W",70,"42.4373330 N 72.3646411W",70
"Run","Center",NA,"Fully shaded","","","Rock",NA,-72.370213,42.443557,"2024-07-30 08:28:00","day","DICKEY",37,"iPad",67,"Cloudy","No rain","03:50","08:56","DCKY202407300503EST",NA,"05:03","42.4421397 N 72.3133907 W",70,"42.4373330 N 72.3646411W",70
"Run","Left",NA,"Fully shaded","Dead?","","Granule,Pebble,Rock",NA,-72.3733103333333,42.444425,"2024-07-30 08:40:00","day","DICKEY",38,"iPad",67,"Cloudy","No rain","03:50","08:56","DCKY202407300503EST",NA,"05:03","42.4421397 N 72.3133907 W",70,"42.4373330 N 72.3646411W",70
"Riffle","Right",NA,"Fully shaded","","","Rock,Pebble",NA,-72.3711656666667,42.4439081666667,"2024-07-30 08:48:00","day","DICKEY",31,"iPad",67,"Cloudy","No rain","03:50","08:56","DCKY202407300503EST",NA,"05:03","42.4421397 N 72.3133907 W",70,"42.4373330 N 72.3646411W",70
"Riffle","Center",NA,"Mostly shaded","","","Rock",NA,-72.370259,42.4436261666667,"2024-07-30 08:52:00","day","DICKEY",26,"iPad",67,"Cloudy","No rain","03:50","08:56","DCKY202407300503EST",NA,"05:03","42.4421397 N 72.3133907 W",70,"42.4373330 N 72.3646411W",70
"Riffle","Center",NA,"Mostly shaded","","","Pebble,Rock,Granule",NA,-72.3703413333333,42.44351,"2024-07-30 08:52:00","day","DICKEY",37,"iPad",67,"Cloudy","No rain","03:50","08:56","DCKY202407300503EST",NA,"05:03","42.4421397 N 72.3133907 W",70,"42.4373330 N 72.3646411W",70
"Run","Center",NA,"Fully shaded","","","Rock,Pebble",NA,-72.3735743333333,42.4446568333333,"2024-07-30 13:07:00","night","DICKEY",38,"iPad",78,"Cloudy","No rain","12:54","18:24","DCKY202407301355EST",NA,"13:55","Lat: 42.4439938 N Long: 72.3734079 W",80,"42.4436114 N 72.3703450 W",80
"Riffle","Right",NA,"Mostly shaded","","","Rock,Pebble",NA,-72.3712506666667,42.4439413333333,"2024-07-30 13:19:00","night","DICKEY",31,"iPad",78,"Cloudy","No rain","12:54","18:24","DCKY202407301355EST",NA,"13:55","Lat: 42.4439938 N Long: 72.3734079 W",80,"42.4436114 N 72.3703450 W",80
"Run","Center",NA,"Mostly shaded","","","Pebble,Rock",NA,-72.370437,42.4436826666667,"2024-07-30 13:24:00","night","DICKEY",26,"iPad",78,"Cloudy","No rain","12:54","18:24","DCKY202407301355EST",NA,"13:55","Lat: 42.4439938 N Long: 72.3734079 W",80,"42.4436114 N 72.3703450 W",80
"Pool","Center",NA,"Mostly shaded","","","Rock,Boulder",NA,-72.370448,42.4437301666667,"2024-07-30 13:26:00","night","DICKEY",37,"iPad",78,"Cloudy","No rain","12:54","18:24","DCKY202407301355EST",NA,"13:55","Lat: 42.4439938 N Long: 72.3734079 W",80,"42.4436114 N 72.3703450 W",80
"Glide","Right",NA,"Fully shaded","","","Rock,Pebble",NA,-72.373169,42.4444336666667,"2024-07-30 14:09:00","night","DICKEY",38,"iPad",78,"Cloudy","No rain","12:54","18:24","DCKY202407301355EST",NA,"13:55","Lat: 42.4439938 N Long: 72.3734079 W",80,"42.4436114 N 72.3703450 W",80
"Glide","Center",NA,"Mostly shaded","","","Pebble,Rock",NA,-72.3703421666667,42.4437011666667,"2024-07-30 14:18:00","night","DICKEY",26,"iPad",78,"Cloudy","No rain","12:54","18:24","DCKY202407301355EST",NA,"13:55","Lat: 42.4439938 N Long: 72.3734079 W",80,"42.4436114 N 72.3703450 W",80
"Glide","Center",NA,"Lightly shaded","","","Pebble,Rock",NA,-72.3703053333333,42.4434751666667,"2024-07-30 14:18:00","night","DICKEY",37,"iPad",78,"Cloudy","No rain","12:54","18:24","DCKY202407301355EST",NA,"13:55","Lat: 42.4439938 N Long: 72.3734079 W",80,"42.4436114 N 72.3703450 W",80
"Run","Center",NA,"Mostly shaded","","","Rock,Pebble,Granule",NA,-72.3734095,42.4444323333333,"2024-07-30 15:07:00","night","DICKEY",37,"iPad",78,"Cloudy","No rain","12:54","18:24","DCKY202407301355EST",NA,"13:55","Lat: 42.4439938 N Long: 72.3734079 W",80,"42.4436114 N 72.3703450 W",80
"Riffle","Left",NA,"Mostly shaded","","","Rock,Pebble",NA,-72.3710198333333,42.443972,"2024-07-30 15:13:00","night","DICKEY",31,"iPad",78,"Cloudy","No rain","12:54","18:24","DCKY202407301355EST",NA,"13:55","Lat: 42.4439938 N Long: 72.3734079 W",80,"42.4436114 N 72.3703450 W",80
"Run","Right",NA,"Fully shaded","","","Rock,Pebble",NA,-72.3702058333333,42.4433881666667,"2024-07-30 15:19:00","night","DICKEY",37,"iPad",78,"Cloudy","No rain","12:54","18:24","DCKY202407301355EST",NA,"13:55","Lat: 42.4439938 N Long: 72.3734079 W",80,"42.4436114 N 72.3703450 W",80
"Run","Center",NA,"Mostly shaded","","","Rock,Pebble",NA,-72.3733776666667,42.4445301666667,"2024-07-30 16:52:00","night","DICKEY",38,"iPad",78,"Cloudy","No rain","12:54","18:24","DCKY202407301355EST",NA,"13:55","Lat: 42.4439938 N Long: 72.3734079 W",80,"42.4436114 N 72.3703450 W",80
"Riffle","Center",NA,"Lightly shaded","","","Rock,Pebble",NA,-72.3710091666667,42.4439465,"2024-07-30 16:58:00","night","DICKEY",31,"iPad",78,"Cloudy","No rain","12:54","18:24","DCKY202407301355EST",NA,"13:55","Lat: 42.4439938 N Long: 72.3734079 W",80,"42.4436114 N 72.3703450 W",80
"Glide","Left",NA,"Fully shaded","","","Rock,Pebble,Granule",NA,-72.3704091666667,42.4432921666667,"2024-07-30 17:01:00","night","DICKEY",26,"iPad",78,"Cloudy","No rain","12:54","18:24","DCKY202407301355EST",NA,"13:55","Lat: 42.4439938 N Long: 72.3734079 W",80,"42.4436114 N 72.3703450 W",80
"Run","Center",NA,"Mostly shaded","","","Rock,Pebble",NA,-72.3704006666667,42.4433746666667,"2024-07-30 17:03:00","night","DICKEY",37,"iPad",78,"Cloudy","No rain","12:54","18:24","DCKY202407301355EST",NA,"13:55","Lat: 42.4439938 N Long: 72.3734079 W",80,"42.4436114 N 72.3703450 W",80
"Run","Center",NA,"Fully shaded","","","Rock,Pebble",NA,-72.3734215,42.4445146666667,"2024-07-30 17:58:00","night","DICKEY",38,"iPad",78,"Cloudy","No rain","12:54","18:24","DCKY202407301355EST",NA,"13:55","Lat: 42.4439938 N Long: 72.3734079 W",80,"42.4436114 N 72.3703450 W",80
"Riffle","Left",NA,"Fully shaded","","","Rock,Pebble",NA,-72.3711011666666,42.4439323333333,"2024-07-30 18:05:00","night","DICKEY",31,"iPad",78,"Cloudy","No rain","12:54","18:24","DCKY202407301355EST",NA,"13:55","Lat: 42.4439938 N Long: 72.3734079 W",80,"42.4436114 N 72.3703450 W",80
"Run","Center",NA,"Fully shaded","","","Rock,Pebble",NA,-72.3702295,42.4434921666667,"2024-07-30 18:10:00","night","DICKEY",26,"iPad",78,"Cloudy","No rain","12:54","18:24","DCKY202407301355EST",NA,"13:55","Lat: 42.4439938 N Long: 72.3734079 W",80,"42.4436114 N 72.3703450 W",80
"Run","Center",NA,"Fully shaded","","","Rock,Pebble",NA,-72.3703875,42.4434416666667,"2024-07-30 18:11:00","night","DICKEY",37,"iPad",78,"Cloudy","No rain","12:54","18:24","DCKY202407301355EST",NA,"13:55","Lat: 42.4439938 N Long: 72.3734079 W",80,"42.4436114 N 72.3703450 W",80
"Run","Center",NA,"Night","","","Rock,Pebble,Granule",NA,-72.4583398333333,42.3821128333333,"2024-07-31 04:08:00","day","AMETHYST",60,"iPad",79,"Cloudy","Moderate rain","03:50","08:06","HARR202407310650EST AMTH202407310658EST BUFF202407310447EST",NA,"04:47","42.3815085 N 72.4605129 W",70,"42.3807633 N 72.4584379 W",70
"Pool","Center",NA,"Night","","","Sand,Rock",NA,-72.4598461666667,42.3811991666667,"2024-07-31 04:22:00","day","AMETHYST",62,"iPad",79,"Cloudy","Moderate rain","03:50","08:06","HARR202407310650EST AMTH202407310658EST BUFF202407310447EST",NA,"04:47","42.3815085 N 72.4605129 W",70,"42.3807633 N 72.4584379 W",70
"Pool","Center",NA,"Night","","","Rock,Sand",NA,-72.4598021666667,42.3811048333333,"2024-07-31 04:23:00","day","AMETHYST",57,"iPad",79,"Cloudy","Moderate rain","03:50","08:06","HARR202407310650EST AMTH202407310658EST BUFF202407310447EST",NA,"04:47","42.3815085 N 72.4605129 W",70,"42.3807633 N 72.4584379 W",70
"Riffle","Center",NA,"Night","","","Rock",NA,-72.4598878333333,42.381306,"2024-07-31 04:27:00","day","AMETHYST",18,"iPad",79,"Cloudy","Moderate rain","03:50","08:06","HARR202407310650EST AMTH202407310658EST BUFF202407310447EST",NA,"04:47","42.3815085 N 72.4605129 W",70,"42.3807633 N 72.4584379 W",70
"Riffle","Center",NA,"Night","","","Rock",NA,-72.4598881666667,42.3813705,"2024-07-31 04:30:00","day","AMETHYST",14,"iPad",79,"Cloudy","Moderate rain","03:50","08:06","HARR202407310650EST AMTH202407310658EST BUFF202407310447EST",NA,"04:47","42.3815085 N 72.4605129 W",70,"42.3807633 N 72.4584379 W",70
"Pool","Left",NA,"Night","","Woody_debris,Undercut_bank","Rock",NA,-72.4601841666667,42.3812786666667,"2024-07-31 04:34:00","day","AMETHYST",56,"iPad",79,"Cloudy","Moderate rain","03:50","08:06","HARR202407310650EST AMTH202407310658EST BUFF202407310447EST",NA,"04:47","42.3815085 N 72.4605129 W",70,"42.3807633 N 72.4584379 W",70
"Pool","Center",NA,"Night","","","Rock",NA,-72.4603071666667,42.3813033333333,"2024-07-31 04:46:00","day","AMETHYST",19,"iPad",79,"Cloudy","Moderate rain","03:50","08:06","HARR202407310650EST AMTH202407310658EST BUFF202407310447EST",NA,"04:47","42.3815085 N 72.4605129 W",70,"42.3807633 N 72.4584379 W",70
"Pool","Center",NA,"Night","","Woody_debris","Rock",NA,-72.4602168333333,42.3811868333333,"2024-07-31 04:54:00","day","AMETHYST",20,"iPad",79,"Cloudy","Moderate rain","03:50","08:06","HARR202407310650EST AMTH202407310658EST BUFF202407310447EST",NA,"04:47","42.3815085 N 72.4605129 W",70,"42.3807633 N 72.4584379 W",70
"Run","Center",NA,"Fully shaded","","","Rock",NA,-72.458553,42.3820041666667,"2024-07-31 05:35:00","day","AMETHYST",60,"iPad",79,"Cloudy","Moderate rain","03:50","08:06","HARR202407310650EST AMTH202407310658EST BUFF202407310447EST",NA,"04:47","42.3815085 N 72.4605129 W",70,"42.3807633 N 72.4584379 W",70
"Pool","Center",NA,"Lightly shaded","Dead recovered tag in pool.","","Rock,Granule",NA,-72.4597036666655,42.3811806666659,"2024-07-31 05:58:00","day","AMETHYST",57,"iPad",79,"Cloudy","Moderate rain","03:50","08:06","HARR202407310650EST AMTH202407310658EST BUFF202407310447EST",NA,"04:47","42.3815085 N 72.4605129 W",70,"42.3807633 N 72.4584379 W",70
"Pool","Center",NA,"Lightly shaded","","","Rock,Pebble,Granule,Sand",NA,-72.4597255,42.381272,"2024-07-31 06:01:00","day","AMETHYST",62,"iPad",79,"Cloudy","Moderate rain","03:50","08:06","HARR202407310650EST AMTH202407310658EST BUFF202407310447EST",NA,"04:47","42.3815085 N 72.4605129 W",70,"42.3807633 N 72.4584379 W",70
"Riffle","Center",NA,"Mostly shaded","","","Rock",NA,-72.4599323333333,42.3811755,"2024-07-31 06:08:00","day","AMETHYST",18,"iPad",79,"Cloudy","Moderate rain","03:50","08:06","HARR202407310650EST AMTH202407310658EST BUFF202407310447EST",NA,"04:47","42.3815085 N 72.4605129 W",70,"42.3807633 N 72.4584379 W",70
"Run","Left",NA,"Mostly shaded","","","Rock,Pebble,Sand",NA,-72.4599651666667,42.3810955,"2024-07-31 06:11:00","day","AMETHYST",14,"iPad",79,"Cloudy","Moderate rain","03:50","08:06","HARR202407310650EST AMTH202407310658EST BUFF202407310447EST",NA,"04:47","42.3815085 N 72.4605129 W",70,"42.3807633 N 72.4584379 W",70
"Pool","Left",NA,"Mostly shaded","","Undercut_bank,Woody_debris","Rock,Sand",NA,-72.4602943333333,42.3812611666667,"2024-07-31 06:13:00","day","AMETHYST",56,"iPad",79,"Cloudy","Moderate rain","03:50","08:06","HARR202407310650EST AMTH202407310658EST BUFF202407310447EST",NA,"04:47","42.3815085 N 72.4605129 W",70,"42.3807633 N 72.4584379 W",70
"Pool","Center",NA,"Lightly shaded","","","Rock,Pebble",NA,-72.4603943333333,42.3812968333333,"2024-07-31 06:16:00","day","AMETHYST",19,"iPad",79,"Cloudy","Moderate rain","03:50","08:06","HARR202407310650EST AMTH202407310658EST BUFF202407310447EST",NA,"04:47","42.3815085 N 72.4605129 W",70,"42.3807633 N 72.4584379 W",70
"Pool","Center",NA,"Mostly shaded","","Woody_debris","Rock",NA,-72.4602591666667,42.381165,"2024-07-31 06:18:00","day","AMETHYST",20,"iPad",79,"Cloudy","Moderate rain","03:50","08:06","HARR202407310650EST AMTH202407310658EST BUFF202407310447EST",NA,"04:47","42.3815085 N 72.4605129 W",70,"42.3807633 N 72.4584379 W",70
"Run","Right",NA,"","","","Rock",NA,-72.4584021666667,42.382155,"2024-07-31 07:27:00","day","AMETHYST",60,"iPad",79,"Cloudy","Moderate rain","03:50","08:06","HARR202407310650EST AMTH202407310658EST BUFF202407310447EST",NA,"04:47","42.3815085 N 72.4605129 W",70,"42.3807633 N 72.4584379 W",70
"Pool","Center",NA,"Mostly shaded","Same spot a lot of the time. Dead?","","Pebble,Sand",NA,-72.45974,42.3811485,"2024-07-31 07:40:00","day","AMETHYST",62,"iPad",79,"Cloudy","Moderate rain","03:50","08:06","HARR202407310650EST AMTH202407310658EST BUFF202407310447EST",NA,"04:47","42.3815085 N 72.4605129 W",70,"42.3807633 N 72.4584379 W",70
"Run","Center",NA,"Mostly shaded","","","Rock",NA,-72.4599528333333,42.3813441666667,"2024-07-31 07:45:00","day","AMETHYST",14,"iPad",79,"Cloudy","Moderate rain","03:50","08:06","HARR202407310650EST AMTH202407310658EST BUFF202407310447EST",NA,"04:47","42.3815085 N 72.4605129 W",70,"42.3807633 N 72.4584379 W",70
"Run","Center",NA,"Mostly shaded","","","Rock",NA,-72.4599796666667,42.3813221666667,"2024-07-31 07:46:00","day","AMETHYST",18,"iPad",79,"Cloudy","Moderate rain","03:50","08:06","HARR202407310650EST AMTH202407310658EST BUFF202407310447EST",NA,"04:47","42.3815085 N 72.4605129 W",70,"42.3807633 N 72.4584379 W",70
"Pool","Left",NA,"Mostly shaded","","Undercut_bank,Woody_debris","Rock",NA,-72.460335,42.381292,"2024-07-31 07:48:00","day","AMETHYST",56,"iPad",79,"Cloudy","Moderate rain","03:50","08:06","HARR202407310650EST AMTH202407310658EST BUFF202407310447EST",NA,"04:47","42.3815085 N 72.4605129 W",70,"42.3807633 N 72.4584379 W",70
"Pool","Center",NA,"Mostly shaded","","","",NA,-72.4604411666667,42.3814103333333,"2024-07-31 07:52:00","day","AMETHYST",19,"iPad",79,"Cloudy","Moderate rain","03:50","08:06","HARR202407310650EST AMTH202407310658EST BUFF202407310447EST",NA,"04:47","42.3815085 N 72.4605129 W",70,"42.3807633 N 72.4584379 W",70
"Riffle","Center",NA,"Mostly shaded","May be dead. Is this spot for a ong time.","Woody_debris","Boulder,Rock",NA,-72.4601676666667,42.3811341666667,"2024-07-31 07:56:00","day","AMETHYST",20,"iPad",79,"Cloudy","Moderate rain","03:50","08:06","HARR202407310650EST AMTH202407310658EST BUFF202407310447EST",NA,"04:47","42.3815085 N 72.4605129 W",70,"42.3807633 N 72.4584379 W",70
"Run","Center",NA,"Fully shaded","","","Sand",NA,-72.4584556666667,42.3821483333333,"2024-07-31 13:11:00","night","AMETHYST",60,"iPad",82,"Cloudy","No rain","13:01","16:10","AMTH202407311451EST BUFF202407311447EST HARR202407311447EST",NA,"14:47","Lat: 42.3802102 N Long: 72.4625902 W",80,"Buffim- Lat: 42.3818780 N Long: 72.4583519 W Harris- Lat: 42.3805731 N Long: 72.4586648 W",80
"Run","Right",NA,"Fully shaded","","","Sand,Rock",NA,-72.4597681666667,42.381145,"2024-07-31 13:17:00","night","AMETHYST",62,"iPad",82,"Cloudy","No rain","13:01","16:10","AMTH202407311451EST BUFF202407311447EST HARR202407311447EST",NA,"14:47","Lat: 42.3802102 N Long: 72.4625902 W",80,"Buffim- Lat: 42.3818780 N Long: 72.4583519 W Harris- Lat: 42.3805731 N Long: 72.4586648 W",80
"Riffle","Center",NA,"Mostly shaded","","","Rock,Sand",NA,-72.4599258333333,42.3814203333333,"2024-07-31 13:20:00","night","AMETHYST",14,"iPad",82,"Cloudy","No rain","13:01","16:10","AMTH202407311451EST BUFF202407311447EST HARR202407311447EST",NA,"14:47","Lat: 42.3802102 N Long: 72.4625902 W",80,"Buffim- Lat: 42.3818780 N Long: 72.4583519 W Harris- Lat: 42.3805731 N Long: 72.4586648 W",80
"Pool","Right",NA,"Fully shaded","","","Rock,Boulder",NA,-72.4598438333333,42.3811956666667,"2024-07-31 13:26:00","night","AMETHYST",18,"iPad",82,"Cloudy","No rain","13:01","16:10","AMTH202407311451EST BUFF202407311447EST HARR202407311447EST",NA,"14:47","Lat: 42.3802102 N Long: 72.4625902 W",80,"Buffim- Lat: 42.3818780 N Long: 72.4583519 W Harris- Lat: 42.3805731 N Long: 72.4586648 W",80
"Run","Left",NA,"Fully shaded","","","Sand,Rock",NA,-72.4601741666667,42.381246,"2024-07-31 13:27:00","night","AMETHYST",56,"iPad",82,"Cloudy","No rain","13:01","16:10","AMTH202407311451EST BUFF202407311447EST HARR202407311447EST",NA,"14:47","Lat: 42.3802102 N Long: 72.4625902 W",80,"Buffim- Lat: 42.3818780 N Long: 72.4583519 W Harris- Lat: 42.3805731 N Long: 72.4586648 W",80
"Riffle","Left",NA,"Fully shaded","","","Rock,Boulder",NA,-72.4603945,42.3812873333333,"2024-07-31 13:32:00","night","AMETHYST",19,"iPad",82,"Cloudy","No rain","13:01","16:10","AMTH202407311451EST BUFF202407311447EST HARR202407311447EST",NA,"14:47","Lat: 42.3802102 N Long: 72.4625902 W",80,"Buffim- Lat: 42.3818780 N Long: 72.4583519 W Harris- Lat: 42.3805731 N Long: 72.4586648 W",80
"Pool","Left",NA,"Fully shaded","","","Sand,Pebble,Rock,Boulder",NA,-72.460338,42.3812148333333,"2024-07-31 13:34:00","night","AMETHYST",20,"iPad",82,"Cloudy","No rain","13:01","16:10","AMTH202407311451EST BUFF202407311447EST HARR202407311447EST",NA,"14:47","Lat: 42.3802102 N Long: 72.4625902 W",80,"Buffim- Lat: 42.3818780 N Long: 72.4583519 W Harris- Lat: 42.3805731 N Long: 72.4586648 W",80
"Run","Center",NA,"Mostly shaded","","","Rock,Sand",NA,-72.4584156666667,42.3821775,"2024-07-31 14:12:00","night","AMETHYST",60,"iPad",82,"Cloudy","No rain","13:01","16:10","AMTH202407311451EST BUFF202407311447EST HARR202407311447EST",NA,"14:47","Lat: 42.3802102 N Long: 72.4625902 W",80,"Buffim- Lat: 42.3818780 N Long: 72.4583519 W Harris- Lat: 42.3805731 N Long: 72.4586648 W",80
"Pool","Right",NA,"Fully shaded","","","Rock,Boulder",NA,-72.4597291666667,42.3812531666667,"2024-07-31 14:16:00","night","AMETHYST",62,"iPad",82,"Cloudy","No rain","13:01","16:10","AMTH202407311451EST BUFF202407311447EST HARR202407311447EST",NA,"14:47","Lat: 42.3802102 N Long: 72.4625902 W",80,"Buffim- Lat: 42.3818780 N Long: 72.4583519 W Harris- Lat: 42.3805731 N Long: 72.4586648 W",80
"Run","Center",NA,"Fully shaded","","","Sand,Rock,Boulder",NA,-72.459875,42.3813755,"2024-07-31 14:23:00","night","AMETHYST",18,"iPad",82,"Cloudy","No rain","13:01","16:10","AMTH202407311451EST BUFF202407311447EST HARR202407311447EST",NA,"14:47","Lat: 42.3802102 N Long: 72.4625902 W",80,"Buffim- Lat: 42.3818780 N Long: 72.4583519 W Harris- Lat: 42.3805731 N Long: 72.4586648 W",80
"Riffle","Center",NA,"Mostly shaded","","","Rock",NA,-72.4599511666667,42.3813055,"2024-07-31 14:24:00","night","AMETHYST",14,"iPad",82,"Cloudy","No rain","13:01","16:10","AMTH202407311451EST BUFF202407311447EST HARR202407311447EST",NA,"14:47","Lat: 42.3802102 N Long: 72.4625902 W",80,"Buffim- Lat: 42.3818780 N Long: 72.4583519 W Harris- Lat: 42.3805731 N Long: 72.4586648 W",80
"Run","Left",NA,"Fully shaded","","Woody_debris","Sand,Pebble,Rock",NA,-72.4601386666667,42.3814518333333,"2024-07-31 14:26:00","night","AMETHYST",56,"iPad",82,"Cloudy","No rain","13:01","16:10","AMTH202407311451EST BUFF202407311447EST HARR202407311447EST",NA,"14:47","Lat: 42.3802102 N Long: 72.4625902 W",80,"Buffim- Lat: 42.3818780 N Long: 72.4583519 W Harris- Lat: 42.3805731 N Long: 72.4586648 W",80
"Riffle","Left",NA,"Mostly shaded","","","Rock,Pebble",NA,-72.4602786666667,42.3813835,"2024-07-31 14:29:00","night","AMETHYST",19,"iPad",82,"Cloudy","No rain","13:01","16:10","AMTH202407311451EST BUFF202407311447EST HARR202407311447EST",NA,"14:47","Lat: 42.3802102 N Long: 72.4625902 W",80,"Buffim- Lat: 42.3818780 N Long: 72.4583519 W Harris- Lat: 42.3805731 N Long: 72.4586648 W",80
"Run","Center",NA,"Mostly shaded","","Woody_debris","Rock,Boulder",NA,-72.4602693333333,42.3811903333333,"2024-07-31 14:31:00","night","AMETHYST",20,"iPad",82,"Cloudy","No rain","13:01","16:10","AMTH202407311451EST BUFF202407311447EST HARR202407311447EST",NA,"14:47","Lat: 42.3802102 N Long: 72.4625902 W",80,"Buffim- Lat: 42.3818780 N Long: 72.4583519 W Harris- Lat: 42.3805731 N Long: 72.4586648 W",80
"Run","Center",NA,"Fully shaded","","","Rock,Pebble,Granule",NA,-72.4586223333333,42.3818628333333,"2024-07-31 15:05:00","night","AMETHYST",60,"iPad",82,"Cloudy","No rain","13:01","16:10","AMTH202407311451EST BUFF202407311447EST HARR202407311447EST",NA,"14:47","Lat: 42.3802102 N Long: 72.4625902 W",80,"Buffim- Lat: 42.3818780 N Long: 72.4583519 W Harris- Lat: 42.3805731 N Long: 72.4586648 W",80
"Pool","Right",NA,"Fully shaded","","","Rock,Pebble,Sand,Granule",NA,-72.4598146666667,42.3812773333333,"2024-07-31 15:11:00","night","AMETHYST",62,"iPad",82,"Cloudy","No rain","13:01","16:10","AMTH202407311451EST BUFF202407311447EST HARR202407311447EST",NA,"14:47","Lat: 42.3802102 N Long: 72.4625902 W",80,"Buffim- Lat: 42.3818780 N Long: 72.4583519 W Harris- Lat: 42.3805731 N Long: 72.4586648 W",80
"Run","Center",NA,"Fully shaded","","","Boulder,Rock,Sand",NA,-72.4597916666667,42.3813876666667,"2024-07-31 15:13:00","night","AMETHYST",18,"iPad",82,"Cloudy","No rain","13:01","16:10","AMTH202407311451EST BUFF202407311447EST HARR202407311447EST",NA,"14:47","Lat: 42.3802102 N Long: 72.4625902 W",80,"Buffim- Lat: 42.3818780 N Long: 72.4583519 W Harris- Lat: 42.3805731 N Long: 72.4586648 W",80
"Riffle","Center",NA,"Mostly shaded","","","Rock,Pebble,Sand",NA,-72.459844,42.3813568333333,"2024-07-31 15:13:00","night","AMETHYST",14,"iPad",82,"Cloudy","No rain","13:01","16:10","AMTH202407311451EST BUFF202407311447EST HARR202407311447EST",NA,"14:47","Lat: 42.3802102 N Long: 72.4625902 W",80,"Buffim- Lat: 42.3818780 N Long: 72.4583519 W Harris- Lat: 42.3805731 N Long: 72.4586648 W",80
"Glide","Left",NA,"Fully shaded","","Undercut_bank","Rock,Boulder,Pebble",NA,-72.4601941666667,42.3812488333333,"2024-07-31 15:14:00","night","AMETHYST",56,"iPad",82,"Cloudy","No rain","13:01","16:10","AMTH202407311451EST BUFF202407311447EST HARR202407311447EST",NA,"14:47","Lat: 42.3802102 N Long: 72.4625902 W",80,"Buffim- Lat: 42.3818780 N Long: 72.4583519 W Harris- Lat: 42.3805731 N Long: 72.4586648 W",80
"Riffle","Left",NA,"Fully shaded","","","Rock,Boulder,Pebble",NA,-72.4604316666667,42.3812671666667,"2024-07-31 15:16:00","night","AMETHYST",19,"iPad",82,"Cloudy","No rain","13:01","16:10","AMTH202407311451EST BUFF202407311447EST HARR202407311447EST",NA,"14:47","Lat: 42.3802102 N Long: 72.4625902 W",80,"Buffim- Lat: 42.3818780 N Long: 72.4583519 W Harris- Lat: 42.3805731 N Long: 72.4586648 W",80
"Glide","Center",NA,"Fully shaded","","","Boulder,Rock,Pebble",NA,-72.4603341666667,42.3811493333333,"2024-07-31 15:17:00","night","AMETHYST",19,"iPad",82,"Cloudy","No rain","13:01","16:10","AMTH202407311451EST BUFF202407311447EST HARR202407311447EST",NA,"14:47","Lat: 42.3802102 N Long: 72.4625902 W",80,"Buffim- Lat: 42.3818780 N Long: 72.4583519 W Harris- Lat: 42.3805731 N Long: 72.4586648 W",80
"Riffle","Center",NA,"Night","Dead. Found tag.","","Rock",NA,-72.3265373333333,42.4455985,"2024-08-01 04:20:00","day","UNDERHILL",34,"iPad",72,"Clear","No rain","03:51","09:27","UNDH202408010442EST",NA,"04:42","42.4442400 degrees N 72.3233604 degrees W",70,"42.4456778 N 72.3323930 W",70
"Riffle","Center",NA,"Night","","","Rock",NA,-72.3264618333333,42.4452806666667,"2024-08-01 04:30:00","day","UNDERHILL",33,"iPad",72,"Clear","No rain","03:51","09:27","UNDH202408010442EST",NA,"04:42","42.4442400 degrees N 72.3233604 degrees W",70,"42.4456778 N 72.3323930 W",70
"Riffle","Center",NA,"Night","","","Rock",NA,-72.3278335,42.4452575,"2024-08-01 04:47:00","day","UNDERHILL",45,"iPad",72,"Clear","No rain","03:51","09:27","UNDH202408010442EST",NA,"04:42","42.4442400 degrees N 72.3233604 degrees W",70,"42.4456778 N 72.3323930 W",70
"Pool","",NA,"Mostly shaded","Seems to be moving","Woody_debris","Rock,Pebble",185,-72.3279478333333,42.4449025,"2024-08-01 04:59:00","day","UNDERHILL",45,"iPad",72,"Clear","No rain","03:51","09:27","UNDH202408010442EST",NA,"04:42","42.4442400 degrees N 72.3233604 degrees W",70,"42.4456778 N 72.3323930 W",70
"Run","Center",NA,"Lightly shaded","May be dead. Hasn’t moved in 6 months!","","Rock",NA,-72.329803,42.4436085,"2024-08-01 05:12:00","day","UNDERHILL",35,"iPad",72,"Clear","No rain","03:51","09:27","UNDH202408010442EST",NA,"04:42","42.4442400 degrees N 72.3233604 degrees W",70,"42.4456778 N 72.3323930 W",70
"Pool","Center",NA,"Mostly shaded","","","Rock",NA,-72.3295898333333,42.443616,"2024-08-01 05:52:00","day","UNDERHILL",35,"iPad",72,"Clear","No rain","03:51","09:27","UNDH202408010442EST",NA,"04:42","42.4442400 degrees N 72.3233604 degrees W",70,"42.4456778 N 72.3323930 W",70
"Pool","Center",NA,"Mostly shaded","","","Rock,Sand,Pebble",NA,-72.3279356666667,42.445016,"2024-08-01 06:08:00","day","UNDERHILL",44,"iPad",72,"Clear","No rain","03:51","09:27","UNDH202408010442EST",NA,"04:42","42.4442400 degrees N 72.3233604 degrees W",70,"42.4456778 N 72.3323930 W",70
"Pool","",NA,"Mostly shaded","","","Rock,Pebble",NA,-72.3277301666667,42.4453,"2024-08-01 06:18:00","day","UNDERHILL",45,"iPad",72,"Clear","No rain","03:51","09:27","UNDH202408010442EST",NA,"04:42","42.4442400 degrees N 72.3233604 degrees W",70,"42.4456778 N 72.3323930 W",70
"Riffle","",NA,"Mostly shaded","dead","","Rock",NA,-72.3267956666667,42.4455335,"2024-08-01 06:25:00","day","UNDERHILL",34,"iPad",72,"Clear","No rain","03:51","09:27","UNDH202408010442EST",NA,"04:42","42.4442400 degrees N 72.3233604 degrees W",70,"42.4456778 N 72.3323930 W",70
"Run","Center",NA,"Mostly shaded","","Woody_debris","Rock,Pebble",NA,-72.3261803333333,42.4454495,"2024-08-01 06:39:00","day","UNDERHILL",33,"iPad",72,"Clear","No rain","03:51","09:27","UNDH202408010442EST",NA,"04:42","42.4442400 degrees N 72.3233604 degrees W",70,"42.4456778 N 72.3323930 W",70
"Run","Center",NA,"Lightly shaded","","","Rock,Sand",NA,-72.326308,42.4455856666667,"2024-08-01 07:33:00","day","UNDERHILL",33,"iPad",72,"Clear","No rain","03:51","09:27","UNDH202408010442EST",NA,"04:42","42.4442400 degrees N 72.3233604 degrees W",70,"42.4456778 N 72.3323930 W",70
"Pool","Center",NA,"Fully shaded","","","Rock,Sand",NA,-72.3278398333333,42.4450458333333,"2024-08-01 07:44:00","day","UNDERHILL",45,"iPad",72,"Clear","No rain","03:51","09:27","UNDH202408010442EST",NA,"04:42","42.4442400 degrees N 72.3233604 degrees W",70,"42.4456778 N 72.3323930 W",70
"Pool","Center",NA,"Mostly shaded","Suspected potentially dead, hasn’t moved in a long time, unable to find a shed tag ","Woody_debris","Rock,Sand,Pebble",NA,-72.327992,42.4448963333333,"2024-08-01 07:47:00","day","UNDERHILL",44,"iPad",72,"Clear","No rain","03:51","09:27","UNDH202408010442EST",NA,"04:42","42.4442400 degrees N 72.3233604 degrees W",70,"42.4456778 N 72.3323930 W",70
"Pool","Center",NA,"Lightly shaded","","Woody_debris","Rock,Sand",NA,-72.3278358333333,42.4448086666667,"2024-08-01 08:08:00","day","UNDERHILL",44,"iPad",72,"Clear","No rain","03:51","09:27","UNDH202408010442EST",NA,"04:42","42.4442400 degrees N 72.3233604 degrees W",70,"42.4456778 N 72.3323930 W",70
"Pool","Center",NA,"Mostly shaded","","","Rock,Sand",NA,-72.3277865,42.4451558333333,"2024-08-01 08:10:00","day","UNDERHILL",45,"iPad",72,"Clear","No rain","03:51","09:27","UNDH202408010442EST",NA,"04:42","42.4442400 degrees N 72.3233604 degrees W",70,"42.4456778 N 72.3323930 W",70
"Riffle","Center",NA,"Mostly shaded","","Woody_debris","Rock,Pebble",NA,-72.3262303333333,42.4453358333333,"2024-08-01 08:30:00","day","UNDERHILL",33,"iPad",72,"Clear","No rain","03:51","09:27","UNDH202408010442EST",NA,"04:42","42.4442400 degrees N 72.3233604 degrees W",70,"42.4456778 N 72.3323930 W",70
"Run","Center",NA,"Fully shaded","","","Sand,Rock",NA,-72.326415,42.4456296666667,"2024-08-01 13:16:00","night","UNDERHILL",33,"iPad",87,"Partly cloudy/partly sunny","No rain","13:04","18:32","UNDH202408011308EST",NA,"13:08","Lat: 42.4444746 N Long: 72.3209563 W",80,"42.4455316, 72.3324642",80
"Run","Center",NA,"Mostly shaded","","","Rock,Sand",NA,-72.3278303333333,42.445186,"2024-08-01 13:20:00","night","UNDERHILL",45,"iPad",87,"Partly cloudy/partly sunny","No rain","13:04","18:32","UNDH202408011308EST",NA,"13:08","Lat: 42.4444746 N Long: 72.3209563 W",80,"42.4455316, 72.3324642",80
"Run","Center",NA,"Mostly shaded","","","Sand,Pebble,Rock",NA,-72.3278988333333,42.4448635,"2024-08-01 13:33:00","night","UNDERHILL",44,"iPad",87,"Partly cloudy/partly sunny","No rain","13:04","18:32","UNDH202408011308EST",NA,"13:08","Lat: 42.4444746 N Long: 72.3209563 W",80,"42.4455316, 72.3324642",80
"Pool","Right",NA,"Mostly shaded","","","Rock,Boulder,Sand",NA,-72.3296471666667,42.4438096666667,"2024-08-01 13:42:00","night","UNDERHILL",35,"iPad",87,"Partly cloudy/partly sunny","No rain","13:04","18:32","UNDH202408011308EST",NA,"13:08","Lat: 42.4444746 N Long: 72.3209563 W",80,"42.4455316, 72.3324642",80
"Pool","Center",NA,"Fully shaded","","","Boulder,Sand,Rock",NA,-72.32956,42.4438115,"2024-08-01 14:23:00","night","UNDERHILL",35,"iPad",87,"Partly cloudy/partly sunny","No rain","13:04","18:32","UNDH202408011308EST",NA,"13:08","Lat: 42.4444746 N Long: 72.3209563 W",80,"42.4455316, 72.3324642",80
"Run","Center",NA,"Mostly shaded","","","Sand,Rock,Boulder",NA,-72.3279485,42.4448888333333,"2024-08-01 14:43:00","night","UNDERHILL",44,"iPad",87,"Partly cloudy/partly sunny","No rain","13:04","18:32","UNDH202408011308EST",NA,"13:08","Lat: 42.4444746 N Long: 72.3209563 W",80,"42.4455316, 72.3324642",80
"Run","Center",NA,"Mostly shaded","","","Rock,Sand",NA,-72.3277096666667,42.4452693333333,"2024-08-01 14:45:00","night","UNDERHILL",45,"iPad",87,"Partly cloudy/partly sunny","No rain","13:04","18:32","UNDH202408011308EST",NA,"13:08","Lat: 42.4444746 N Long: 72.3209563 W",80,"42.4455316, 72.3324642",80
"Run","Center",NA,"Mostly shaded","","","Sand,Rock",NA,-72.326402,42.4454048333333,"2024-08-01 14:49:00","night","UNDERHILL",33,"iPad",87,"Partly cloudy/partly sunny","No rain","13:04","18:32","UNDH202408011308EST",NA,"13:08","Lat: 42.4444746 N Long: 72.3209563 W",80,"42.4455316, 72.3324642",80
"Run","Center",NA,"Fully shaded","","","Sand,Rock",NA,-72.3263321666667,42.4453613333333,"2024-08-01 16:01:00","night","UNDERHILL",33,"iPad",87,"Partly cloudy/partly sunny","No rain","13:04","18:32","UNDH202408011308EST",NA,"13:08","Lat: 42.4444746 N Long: 72.3209563 W",80,"42.4455316, 72.3324642",80
"Run","Center",NA,"Fully shaded","","","Rock,Pebble,Sand",NA,-72.3278151666667,42.4453333333333,"2024-08-01 16:05:00","night","UNDERHILL",45,"iPad",87,"Partly cloudy/partly sunny","No rain","13:04","18:32","UNDH202408011308EST",NA,"13:08","Lat: 42.4444746 N Long: 72.3209563 W",80,"42.4455316, 72.3324642",80
"Run","Right",NA,"Fully shaded","","","Sand,Rock",NA,-72.328081,42.444981,"2024-08-01 16:09:00","night","UNDERHILL",44,"iPad",87,"Partly cloudy/partly sunny","No rain","13:04","18:32","UNDH202408011308EST",NA,"13:08","Lat: 42.4444746 N Long: 72.3209563 W",80,"42.4455316, 72.3324642",80
"Pool","Center",NA,"Fully shaded","","","Sand,Boulder,Rock",NA,-72.3296496666667,42.4438483333333,"2024-08-01 16:20:00","night","UNDERHILL",35,"iPad",87,"Partly cloudy/partly sunny","No rain","13:04","18:32","UNDH202408011308EST",NA,"13:08","Lat: 42.4444746 N Long: 72.3209563 W",80,"42.4455316, 72.3324642",80
"Pool","Center",NA,"Fully shaded","","","Rock,Boulder",NA,-72.32972,42.4437426666667,"2024-08-01 16:53:00","night","UNDERHILL",35,"iPad",87,"Partly cloudy/partly sunny","No rain","13:04","18:32","UNDH202408011308EST",NA,"13:08","Lat: 42.4444746 N Long: 72.3209563 W",80,"42.4455316, 72.3324642",80
"Run","Center",NA,"Fully shaded","","","Sand,Rock",NA,-72.3280743333333,42.4450178333333,"2024-08-01 17:06:00","night","UNDERHILL",44,"iPad",87,"Partly cloudy/partly sunny","No rain","13:04","18:32","UNDH202408011308EST",NA,"13:08","Lat: 42.4444746 N Long: 72.3209563 W",80,"42.4455316, 72.3324642",80
"Run","Center",NA,"Fully shaded","","","Rock,Sand",NA,-72.3278785,42.445122,"2024-08-01 17:08:00","night","UNDERHILL",45,"iPad",87,"Partly cloudy/partly sunny","No rain","13:04","18:32","UNDH202408011308EST",NA,"13:08","Lat: 42.4444746 N Long: 72.3209563 W",80,"42.4455316, 72.3324642",80
"Run","Center",NA,"Fully shaded","","","Sand,Rock",NA,-72.3263055,42.4453005,"2024-08-01 17:14:00","night","UNDERHILL",33,"iPad",87,"Partly cloudy/partly sunny","No rain","13:04","18:32","UNDH202408011308EST",NA,"13:08","Lat: 42.4444746 N Long: 72.3209563 W",80,"42.4455316, 72.3324642",80
"Pool","Center",NA,"Mostly shaded","","Woody_debris","Pebble",NA,-72.3262285,42.44541,"2024-08-01 18:04:00","night","UNDERHILL",33,"iPad",87,"Partly cloudy/partly sunny","No rain","13:04","18:32","UNDH202408011308EST",NA,"13:08","Lat: 42.4444746 N Long: 72.3209563 W",80,"42.4455316, 72.3324642",80
"Pool","Center",NA,"Mostly shaded","","Undercut_bank","Pebble,Rock,Boulder",NA,-72.3278453333333,42.4451083333333,"2024-08-01 18:08:00","night","UNDERHILL",45,"iPad",87,"Partly cloudy/partly sunny","No rain","13:04","18:32","UNDH202408011308EST",NA,"13:08","Lat: 42.4444746 N Long: 72.3209563 W",80,"42.4455316, 72.3324642",80
"Pool","Center",NA,"Lightly shaded","","Woody_debris","Pebble,Rock,Boulder",187,-72.3277511666667,42.4450898333333,"2024-08-01 18:15:00","night","UNDERHILL",44,"iPad",87,"Partly cloudy/partly sunny","No rain","13:04","18:32","UNDH202408011308EST",NA,"13:08","Lat: 42.4444746 N Long: 72.3209563 W",80,"42.4455316, 72.3324642",80
"Pool","Right",NA,"Fully shaded","","Woody_debris,Undercut_bank","Mud,Sand",NA,-72.50687,42.6680826666667,"2024-08-02 03:54:00","day","DRY UPPER",39.1,"iPad",68,"Cloudy","No rain","03:47","09:05","DRYU202408020434EST",NA,"04:34","42.6596853 N 72.5040829. W",75,"42.6692172 N 72.5076433 W",75
"Pool","Center",NA,"Night","","Root_bundle,Woody_debris","Mud,Sand,Pebble",NA,-72.5060126666666,42.668431,"2024-08-02 04:12:00","day","DRY UPPER",29.1,"iPad",68,"Cloudy","No rain","03:47","09:05","DRYU202408020434EST",NA,"04:34","42.6596853 N 72.5040829. W",75,"42.6692172 N 72.5076433 W",75
"Run","Left",NA,"Night","","Undercut_bank,Woody_debris,Root_bundle","Mud,Sand",NA,-72.505,42.668169,"2024-08-02 04:20:00","day","DRY UPPER",30.1,"iPad",68,"Cloudy","No rain","03:47","09:05","DRYU202408020434EST",NA,"04:34","42.6596853 N 72.5040829. W",75,"42.6692172 N 72.5076433 W",75
"Pool","Left",NA,"Night","","Woody_debris","Sand",NA,-72.5044876666667,42.6676221666667,"2024-08-02 04:30:00","day","DRY UPPER",16,"iPad",68,"Cloudy","No rain","03:47","09:05","DRYU202408020434EST",NA,"04:34","42.6596853 N 72.5040829. W",75,"42.6692172 N 72.5076433 W",75
"Pool","Right",NA,"Night","","Woody_debris,Undercut_bank","Mud,Sand",NA,-72.5040983333321,42.6660239999993,"2024-08-02 04:44:00","day","DRY UPPER",54,"iPad",68,"Cloudy","No rain","03:47","09:05","DRYU202408020434EST",NA,"04:34","42.6596853 N 72.5040829. W",75,"42.6692172 N 72.5076433 W",75
"Pool","Center",NA,"Mostly shaded","","","Sand,Mud",NA,-72.5043026666667,42.6619671666667,"2024-08-02 05:22:00","day","DRY UPPER",21,"iPad",68,"Cloudy","No rain","03:47","09:05","DRYU202408020434EST",NA,"04:34","42.6596853 N 72.5040829. W",75,"42.6692172 N 72.5076433 W",75
"Pool","Right",NA,"Fully shaded","","Woody_debris,Undercut_bank","Rock,Mud",NA,-72.506912,42.6681978333333,"2024-08-02 06:32:00","day","DRY UPPER",39.1,"iPad",68,"Cloudy","No rain","03:47","09:05","DRYU202408020434EST",NA,"04:34","42.6596853 N 72.5040829. W",75,"42.6692172 N 72.5076433 W",75
"Pool","Center",NA,"Fully shaded","","Woody_debris","Rock,Mud",NA,-72.5059883333333,42.6682543333333,"2024-08-02 06:38:00","day","DRY UPPER",29.1,"iPad",68,"Cloudy","No rain","03:47","09:05","DRYU202408020434EST",NA,"04:34","42.6596853 N 72.5040829. W",75,"42.6692172 N 72.5076433 W",75
"Pool","Center",NA,"Fully shaded","","Woody_debris","Mud",NA,-72.5050341666667,42.6683228333333,"2024-08-02 06:43:00","day","DRY UPPER",30.1,"iPad",68,"Cloudy","No rain","03:47","09:05","DRYU202408020434EST",NA,"04:34","42.6596853 N 72.5040829. W",75,"42.6692172 N 72.5076433 W",75
"Pool","Center",NA,"Fully shaded","","Woody_debris","Mud",NA,-72.5046796666667,42.6675736666667,"2024-08-02 06:52:00","day","DRY UPPER",16,"iPad",68,"Cloudy","No rain","03:47","09:05","DRYU202408020434EST",NA,"04:34","42.6596853 N 72.5040829. W",75,"42.6692172 N 72.5076433 W",75
"Pool","Right",NA,"Fully shaded","","Woody_debris","Mud,Rock",NA,-72.5040199999988,42.6658939999993,"2024-08-02 07:01:00","day","DRY UPPER",54,"iPad",68,"Cloudy","No rain","03:47","09:05","DRYU202408020434EST",NA,"04:34","42.6596853 N 72.5040829. W",75,"42.6692172 N 72.5076433 W",75
"Pool","Left",NA,"Fully shaded","","Undercut_bank,Root_bundle","Mud,Rock",NA,-72.5045128333333,42.6619348333333,"2024-08-02 07:52:00","day","DRY UPPER",21,"iPad",68,"Cloudy","No rain","03:47","09:05","DRYU202408020434EST",NA,"04:34","42.6596853 N 72.5040829. W",75,"42.6692172 N 72.5076433 W",75
"","",NA,"","Found dead in swamp. Recovered tag.","","Mud",NA,-72.5034388333333,42.66195,"2024-08-02 08:47:00","day","DRY UPPER",52,"iPad",68,"Cloudy","No rain","03:47","09:05","DRYU202408020434EST",NA,"04:34","42.6596853 N 72.5040829. W",75,"42.6692172 N 72.5076433 W",75
"Pool","Center",NA,"Mostly shaded","","Undercut_bank","Rock,Pebble,Granule",NA,-72.504573,42.6618805,"2024-08-02 13:23:00","night","DRY UPPER",21,"iPad",91,"Mostly cloudy","No rain","13:08","18:30","DRYU202408021524EST",NA,"15:24","42.6586227, 72.50442678",75,"42.6691425, 72.5076318",75
"Pool","Center",NA,"","","Woody_debris,Root_bundle","Pebble,Rock,Granule",NA,-72.505863,42.668392,"2024-08-02 14:00:00","night","DRY UPPER",29.1,"iPad",91,"Mostly cloudy","No rain","13:08","18:30","DRYU202408021524EST",NA,"15:24","42.6586227, 72.50442678",75,"42.6691425, 72.5076318",75
"Pool","Center",NA,"Mostly shaded","","Undercut_bank","Pebble,Granule,Rock",NA,-72.5051725,42.6681005,"2024-08-02 14:11:00","night","DRY UPPER",30.1,"iPad",91,"Mostly cloudy","No rain","13:08","18:30","DRYU202408021524EST",NA,"15:24","42.6586227, 72.50442678",75,"42.6691425, 72.5076318",75
"","Right",NA,"Mostly shaded","","Woody_debris","Pebble,Rock,Granule",NA,-72.5044545,42.6675766666667,"2024-08-02 14:14:00","night","DRY UPPER",16,"iPad",91,"Mostly cloudy","No rain","13:08","18:30","DRYU202408021524EST",NA,"15:24","42.6586227, 72.50442678",75,"42.6691425, 72.5076318",75
"Pool","Center",NA,"Mostly shaded","","Undercut_bank,Woody_debris,Root_bundle","Granule,Pebble,Rock",NA,-72.5040755,42.6660686666667,"2024-08-02 14:20:00","night","DRY UPPER",54,"iPad",91,"Mostly cloudy","No rain","13:08","18:30","DRYU202408021524EST",NA,"15:24","42.6586227, 72.50442678",75,"42.6691425, 72.5076318",75
"Pool","Left",NA,"Fully shaded","","Woody_debris","Mud,Rock",NA,-72.5040893333333,42.6661395,"2024-08-02 14:41:00","night","DRY UPPER",54,"iPad",91,"Mostly cloudy","No rain","13:08","18:30","DRYU202408021524EST",NA,"15:24","42.6586227, 72.50442678",75,"42.6691425, 72.5076318",75
"Pool","Center",NA,"Mostly shaded","","Root_bundle,Woody_debris","Pebble,Rock",NA,-72.5046048333333,42.6676996666667,"2024-08-02 14:47:00","night","DRY UPPER",16,"iPad",91,"Mostly cloudy","No rain","13:08","18:30","DRYU202408021524EST",NA,"15:24","42.6586227, 72.50442678",75,"42.6691425, 72.5076318",75
"Pool","",NA,"Lightly shaded","","Root_bundle,Woody_debris","Pebble,Granule,Rock",NA,-72.5050701666667,42.6682086666667,"2024-08-02 14:50:00","night","DRY UPPER",30.1,"iPad",91,"Mostly cloudy","No rain","13:08","18:30","DRYU202408021524EST",NA,"15:24","42.6586227, 72.50442678",75,"42.6691425, 72.5076318",75
"Pool","Center",NA,"Mostly shaded","","Root_bundle,Woody_debris","Pebble,Rock,Granule",NA,-72.5059121666667,42.6684473333333,"2024-08-02 14:53:00","night","DRY UPPER",29.1,"iPad",91,"Mostly cloudy","No rain","13:08","18:30","DRYU202408021524EST",NA,"15:24","42.6586227, 72.50442678",75,"42.6691425, 72.5076318",75
"Pool","Center",NA,"Mostly shaded","","Woody_debris,Root_bundle","Pebble,Rock,Granule",NA,-72.5059005,42.6683775,"2024-08-02 16:53:00","night","DRY UPPER",29.1,"iPad",91,"Mostly cloudy","No rain","13:08","18:30","DRYU202408021524EST",NA,"15:24","42.6586227, 72.50442678",75,"42.6691425, 72.5076318",75
"Pool","Center",NA,"Lightly shaded","","Woody_debris,Root_bundle","Pebble,Rock,Granule",NA,-72.5050115,42.6682176666667,"2024-08-02 16:56:00","night","DRY UPPER",30.1,"iPad",91,"Mostly cloudy","No rain","13:08","18:30","DRYU202408021524EST",NA,"15:24","42.6586227, 72.50442678",75,"42.6691425, 72.5076318",75
"Pool","Center",NA,"Mostly shaded","","Woody_debris,Root_bundle","Granule,Pebble,Rock",5,-72.5045928333333,42.667563,"2024-08-02 17:01:00","night","DRY UPPER",16,"iPad",91,"Mostly cloudy","No rain","13:08","18:30","DRYU202408021524EST",NA,"15:24","42.6586227, 72.50442678",75,"42.6691425, 72.5076318",75
"Pool","Right",NA,"Mostly shaded","","Woody_debris,Root_bundle","Pebble,Rock,Granule",NA,-72.504132,42.6660518333333,"2024-08-02 17:07:00","night","DRY UPPER",54,"iPad",91,"Mostly cloudy","No rain","13:08","18:30","DRYU202408021524EST",NA,"15:24","42.6586227, 72.50442678",75,"42.6691425, 72.5076318",75
"Pool","Left",NA,"Fully shaded","","Undercut_bank,Root_bundle","Pebble,Granule,Rock",NA,-72.504306,42.6619301666667,"2024-08-02 17:21:00","night","DRY UPPER",21,"iPad",91,"Mostly cloudy","No rain","13:08","18:30","DRYU202408021524EST",NA,"15:24","42.6586227, 72.50442678",75,"42.6691425, 72.5076318",75
"Pool","Right",NA,"","","Woody_debris","Pebble,Granule",NA,-72.504612,42.6619961666667,"2024-08-02 17:40:00","night","DRY UPPER",21,"iPad",91,"Mostly cloudy","No rain","13:08","18:30","DRYU202408021524EST",NA,"15:24","42.6586227, 72.50442678",75,"42.6691425, 72.5076318",75
"Pool","Right",NA,"Lightly shaded","","Woody_debris,Undercut_bank","Pebble,Rock",NA,-72.5040826666667,42.666115,"2024-08-02 17:51:00","night","DRY UPPER",54,"iPad",91,"Mostly cloudy","No rain","13:08","18:30","DRYU202408021524EST",NA,"15:24","42.6586227, 72.50442678",75,"42.6691425, 72.5076318",75
"Pool","Center",NA,"Lightly shaded","","Woody_debris,Root_bundle","Pebble,Rock,Granule",NA,-72.5047398333333,42.6677101666667,"2024-08-02 17:55:00","night","DRY UPPER",16,"iPad",91,"Mostly cloudy","No rain","13:08","18:30","DRYU202408021524EST",NA,"15:24","42.6586227, 72.50442678",75,"42.6691425, 72.5076318",75
"Pool","Center",NA,"Lightly shaded","","Root_bundle,Undercut_bank","Pebble,Rock,Granule",187,-72.5049436666667,42.668277,"2024-08-02 17:58:00","night","DRY UPPER",30.1,"iPad",91,"Mostly cloudy","No rain","13:08","18:30","DRYU202408021524EST",NA,"15:24","42.6586227, 72.50442678",75,"42.6691425, 72.5076318",75
"Pool","Center",NA,"Fully shaded","","Woody_debris","Mud,Rock",NA,-72.5058306666667,42.6683845,"2024-08-02 18:12:00","night","DRY UPPER",29.1,"iPad",91,"Mostly cloudy","No rain","13:08","18:30","DRYU202408021524EST",NA,"15:24","42.6586227, 72.50442678",75,"42.6691425, 72.5076318",75
