"habitat","position","substrate","shade","fishNotes","habitatExtra","substrateExtra","signal","lon","lat","trackedTime_EST","shift","river","tagID","source","airTemp","cloud","precip","startTime_EST","endTime_EST","isoID","streamNotes","isoTime_EST","downstreamGPS","downstreamGain","upstreamGPS","upstreamGain"
"Pool","Center","Rock","Mostly shaded","","Woody_debris",NA,NA,-72.504513,42.6676721666667,"2024-06-25 05:59:00","day","DRY UPPER",55,"iPad",57,"Clear","No rain","05:44","10:44","DRYU202406250610EST","Did not get to the stream on time because the batteries were corroded in the receiver so had to go back to lab and get other receiver. ","06:10","42.6353974. -72.4967190",65,"42.6694251 -72.5074050",55
"Pool","Right","Mud","Mostly shaded","","Woody_debris",NA,NA,-72.5045541666667,42.6677428333333,"2024-06-25 06:02:00","day","DRY UPPER",16,"iPad",57,"Clear","No rain","05:44","10:44","DRYU202406250610EST","Did not get to the stream on time because the batteries were corroded in the receiver so had to go back to lab and get other receiver. ","06:10","42.6353974. -72.4967190",65,"42.6694251 -72.5074050",55
"Pool","Right","Mud","Mostly shaded","","Woody_debris",NA,NA,-72.5045058333333,42.6676115,"2024-06-25 06:07:00","day","DRY UPPER",53,"iPad",57,"Clear","No rain","05:44","10:44","DRYU202406250610EST","Did not get to the stream on time because the batteries were corroded in the receiver so had to go back to lab and get other receiver. ","06:10","42.6353974. -72.4967190",65,"42.6694251 -72.5074050",55
"Pool","Left","Mud","Lightly shaded","","Root_bundle,Woody_debris",NA,NA,-72.5044491666667,42.667668,"2024-06-25 06:11:00","day","DRY UPPER",22,"iPad",57,"Clear","No rain","05:44","10:44","DRYU202406250610EST","Did not get to the stream on time because the batteries were corroded in the receiver so had to go back to lab and get other receiver. ","06:10","42.6353974. -72.4967190",65,"42.6694251 -72.5074050",55
"Pool","Right","Rock","Mostly shaded","","Woody_debris,Undercut_bank",NA,NA,-72.5050573333333,42.6670398333333,"2024-06-25 06:20:00","day","DRY UPPER",21,"iPad",57,"Clear","No rain","05:44","10:44","DRYU202406250610EST","Did not get to the stream on time because the batteries were corroded in the receiver so had to go back to lab and get other receiver. ","06:10","42.6353974. -72.4967190",65,"42.6694251 -72.5074050",55
"Pool","Right","Rock","Mostly shaded","","Undercut_bank,Woody_debris",NA,NA,-72.505074,42.6670423333333,"2024-06-25 06:21:00","day","DRY UPPER",25,"iPad",57,"Clear","No rain","05:44","10:44","DRYU202406250610EST","Did not get to the stream on time because the batteries were corroded in the receiver so had to go back to lab and get other receiver. ","06:10","42.6353974. -72.4967190",65,"42.6694251 -72.5074050",55
"Pool","Right","Rock","Mostly shaded","","Undercut_bank,Woody_debris",NA,NA,-72.5049931666667,42.6670478333333,"2024-06-25 06:26:00","day","DRY UPPER",24,"iPad",57,"Clear","No rain","05:44","10:44","DRYU202406250610EST","Did not get to the stream on time because the batteries were corroded in the receiver so had to go back to lab and get other receiver. ","06:10","42.6353974. -72.4967190",65,"42.6694251 -72.5074050",55
"Pool","Left","Rock","Mostly shaded","","Undercut_bank",NA,NA,-72.505046,42.6668828333333,"2024-06-25 06:34:00","day","DRY UPPER",54,"iPad",57,"Clear","No rain","05:44","10:44","DRYU202406250610EST","Did not get to the stream on time because the batteries were corroded in the receiver so had to go back to lab and get other receiver. ","06:10","42.6353974. -72.4967190",65,"42.6694251 -72.5074050",55
"Pool","Center","Rock","Mostly shaded","","Woody_debris",NA,NA,-72.5050638333333,42.6668391666667,"2024-06-25 06:35:00","day","DRY UPPER",48,"iPad",57,"Clear","No rain","05:44","10:44","DRYU202406250610EST","Did not get to the stream on time because the batteries were corroded in the receiver so had to go back to lab and get other receiver. ","06:10","42.6353974. -72.4967190",65,"42.6694251 -72.5074050",55
"Pool","Right","Rock","Mostly shaded","","Woody_debris,Root_bundle",NA,NA,-72.5039615,42.66603,"2024-06-25 06:48:00","day","DRY UPPER",49,"iPad",57,"Clear","No rain","05:44","10:44","DRYU202406250610EST","Did not get to the stream on time because the batteries were corroded in the receiver so had to go back to lab and get other receiver. ","06:10","42.6353974. -72.4967190",65,"42.6694251 -72.5074050",55
"Pool","Right","Rock","Mostly shaded","","Root_bundle,Woody_debris",NA,NA,-72.5039945,42.6660421666667,"2024-06-25 06:49:00","day","DRY UPPER",42,"iPad",57,"Clear","No rain","05:44","10:44","DRYU202406250610EST","Did not get to the stream on time because the batteries were corroded in the receiver so had to go back to lab and get other receiver. ","06:10","42.6353974. -72.4967190",65,"42.6694251 -72.5074050",55
"Pool","Right","Rock","Mostly shaded","","Root_bundle,Woody_debris",NA,NA,-72.5039831666667,42.6661418333333,"2024-06-25 06:51:00","day","DRY UPPER",23,"iPad",57,"Clear","No rain","05:44","10:44","DRYU202406250610EST","Did not get to the stream on time because the batteries were corroded in the receiver so had to go back to lab and get other receiver. ","06:10","42.6353974. -72.4967190",65,"42.6694251 -72.5074050",55
"Pool","Left","Pebble","Mostly shaded","","Root_bundle",NA,NA,-72.5044976666667,42.6676586666667,"2024-06-25 07:51:00","day","DRY UPPER",22,"iPad",57,"Clear","No rain","05:44","10:44","DRYU202406250610EST","Did not get to the stream on time because the batteries were corroded in the receiver so had to go back to lab and get other receiver. ","06:10","42.6353974. -72.4967190",65,"42.6694251 -72.5074050",55
"Pool","Right","Sand","Mostly shaded","","Woody_debris",NA,NA,-72.5047431666667,42.6675385,"2024-06-25 07:53:00","day","DRY UPPER",16,"iPad",57,"Clear","No rain","05:44","10:44","DRYU202406250610EST","Did not get to the stream on time because the batteries were corroded in the receiver so had to go back to lab and get other receiver. ","06:10","42.6353974. -72.4967190",65,"42.6694251 -72.5074050",55
"Pool","Center","Sand","Mostly shaded","","Woody_debris",NA,NA,-72.5045605,42.6676546666667,"2024-06-25 07:57:00","day","DRY UPPER",55,"iPad",57,"Clear","No rain","05:44","10:44","DRYU202406250610EST","Did not get to the stream on time because the batteries were corroded in the receiver so had to go back to lab and get other receiver. ","06:10","42.6353974. -72.4967190",65,"42.6694251 -72.5074050",55
"Pool","Right","Sand","Mostly shaded","","Woody_debris",NA,NA,-72.5048038333333,42.6676066666667,"2024-06-25 07:59:00","day","DRY UPPER",53,"iPad",57,"Clear","No rain","05:44","10:44","DRYU202406250610EST","Did not get to the stream on time because the batteries were corroded in the receiver so had to go back to lab and get other receiver. ","06:10","42.6353974. -72.4967190",65,"42.6694251 -72.5074050",55
"Pool","Right","Pebble","Mostly shaded","","Undercut_bank",NA,NA,-72.5050153333333,42.6670535,"2024-06-25 08:03:00","day","DRY UPPER",21,"iPad",57,"Clear","No rain","05:44","10:44","DRYU202406250610EST","Did not get to the stream on time because the batteries were corroded in the receiver so had to go back to lab and get other receiver. ","06:10","42.6353974. -72.4967190",65,"42.6694251 -72.5074050",55
"Pool","Right","Pebble","Mostly shaded","","Undercut_bank",NA,NA,-72.5050608333333,42.667079,"2024-06-25 08:04:00","day","DRY UPPER",24,"iPad",57,"Clear","No rain","05:44","10:44","DRYU202406250610EST","Did not get to the stream on time because the batteries were corroded in the receiver so had to go back to lab and get other receiver. ","06:10","42.6353974. -72.4967190",65,"42.6694251 -72.5074050",55
"Pool","Right","Rock","Mostly shaded","","Undercut_bank",NA,NA,-72.5049981666667,42.6670758333333,"2024-06-25 08:05:00","day","DRY UPPER",25,"iPad",57,"Clear","No rain","05:44","10:44","DRYU202406250610EST","Did not get to the stream on time because the batteries were corroded in the receiver so had to go back to lab and get other receiver. ","06:10","42.6353974. -72.4967190",65,"42.6694251 -72.5074050",55
"Pool","Left","Pebble","Lightly shaded","","Woody_debris,Undercut_bank",NA,NA,-72.5049276666667,42.6669331666667,"2024-06-25 08:08:00","day","DRY UPPER",54,"iPad",57,"Clear","No rain","05:44","10:44","DRYU202406250610EST","Did not get to the stream on time because the batteries were corroded in the receiver so had to go back to lab and get other receiver. ","06:10","42.6353974. -72.4967190",65,"42.6694251 -72.5074050",55
"Pool","Center","Pebble","Mostly shaded","","Woody_debris,Root_bundle",NA,NA,-72.504883,42.6667886666667,"2024-06-25 08:10:00","day","DRY UPPER",48,"iPad",57,"Clear","No rain","05:44","10:44","DRYU202406250610EST","Did not get to the stream on time because the batteries were corroded in the receiver so had to go back to lab and get other receiver. ","06:10","42.6353974. -72.4967190",65,"42.6694251 -72.5074050",55
"Pool","Right","Pebble","Lightly shaded","","Undercut_bank,Woody_debris,Root_bundle",NA,NA,-72.5040695,42.666079,"2024-06-25 08:15:00","day","DRY UPPER",23,"iPad",57,"Clear","No rain","05:44","10:44","DRYU202406250610EST","Did not get to the stream on time because the batteries were corroded in the receiver so had to go back to lab and get other receiver. ","06:10","42.6353974. -72.4967190",65,"42.6694251 -72.5074050",55
"Pool","Right","Pebble","Lightly shaded","","Root_bundle,Undercut_bank,Woody_debris",NA,NA,-72.5040951666667,42.6660306666667,"2024-06-25 08:16:00","day","DRY UPPER",42,"iPad",57,"Clear","No rain","05:44","10:44","DRYU202406250610EST","Did not get to the stream on time because the batteries were corroded in the receiver so had to go back to lab and get other receiver. ","06:10","42.6353974. -72.4967190",65,"42.6694251 -72.5074050",55
"Pool","Right","Pebble","Lightly shaded","Had to put gps points in later because did not hit the button earlier, fish are in same exact location.","Root_bundle,Undercut_bank,Woody_debris",NA,NA,-72.504138,42.6660255,"2024-06-25 08:16:00","day","DRY UPPER",49,"iPad",57,"Clear","No rain","05:44","10:44","DRYU202406250610EST","Did not get to the stream on time because the batteries were corroded in the receiver so had to go back to lab and get other receiver. ","06:10","42.6353974. -72.4967190",65,"42.6694251 -72.5074050",55
"Pool","Left","Rock","Mostly shaded","","Undercut_bank,Woody_debris",NA,NA,-72.5044458333333,42.6676416666667,"2024-06-25 09:16:00","day","DRY UPPER",22,"iPad",57,"Clear","No rain","05:44","10:44","DRYU202406250610EST","Did not get to the stream on time because the batteries were corroded in the receiver so had to go back to lab and get other receiver. ","06:10","42.6353974. -72.4967190",65,"42.6694251 -72.5074050",55
"Pool","Right","Pebble","Mostly shaded","","Woody_debris",NA,NA,-72.504636,42.6676005,"2024-06-25 09:23:00","day","DRY UPPER",16,"iPad",57,"Clear","No rain","05:44","10:44","DRYU202406250610EST","Did not get to the stream on time because the batteries were corroded in the receiver so had to go back to lab and get other receiver. ","06:10","42.6353974. -72.4967190",65,"42.6694251 -72.5074050",55
"Pool","Right","Pebble","Mostly shaded","","Woody_debris",NA,NA,-72.5046126666667,42.6676261666667,"2024-06-25 09:24:00","day","DRY UPPER",53,"iPad",57,"Clear","No rain","05:44","10:44","DRYU202406250610EST","Did not get to the stream on time because the batteries were corroded in the receiver so had to go back to lab and get other receiver. ","06:10","42.6353974. -72.4967190",65,"42.6694251 -72.5074050",55
"Pool","Right","Pebble","Mostly shaded","","Woody_debris",NA,NA,-72.5045818333333,42.6675818333333,"2024-06-25 09:25:00","day","DRY UPPER",55,"iPad",57,"Clear","No rain","05:44","10:44","DRYU202406250610EST","Did not get to the stream on time because the batteries were corroded in the receiver so had to go back to lab and get other receiver. ","06:10","42.6353974. -72.4967190",65,"42.6694251 -72.5074050",55
"Pool","Right","Pebble","Mostly shaded","","Undercut_bank",NA,NA,-72.5050985,42.6670911666667,"2024-06-25 09:28:00","day","DRY UPPER",21,"iPad",57,"Clear","No rain","05:44","10:44","DRYU202406250610EST","Did not get to the stream on time because the batteries were corroded in the receiver so had to go back to lab and get other receiver. ","06:10","42.6353974. -72.4967190",65,"42.6694251 -72.5074050",55
"Pool","Right","Pebble","Mostly shaded","","Woody_debris",NA,NA,-72.5050298333333,42.6670915,"2024-06-25 09:29:00","day","DRY UPPER",24,"iPad",57,"Clear","No rain","05:44","10:44","DRYU202406250610EST","Did not get to the stream on time because the batteries were corroded in the receiver so had to go back to lab and get other receiver. ","06:10","42.6353974. -72.4967190",65,"42.6694251 -72.5074050",55
"Pool","Right","Pebble","Mostly shaded","","Undercut_bank",NA,NA,-72.5051103333333,42.6670165,"2024-06-25 09:30:00","day","DRY UPPER",24,"iPad",57,"Clear","No rain","05:44","10:44","DRYU202406250610EST","Did not get to the stream on time because the batteries were corroded in the receiver so had to go back to lab and get other receiver. ","06:10","42.6353974. -72.4967190",65,"42.6694251 -72.5074050",55
"Pool","Left","Pebble","Mostly shaded","","Woody_debris,Undercut_bank",NA,NA,-72.5049575,42.6668925,"2024-06-25 09:32:00","day","DRY UPPER",54,"iPad",57,"Clear","No rain","05:44","10:44","DRYU202406250610EST","Did not get to the stream on time because the batteries were corroded in the receiver so had to go back to lab and get other receiver. ","06:10","42.6353974. -72.4967190",65,"42.6694251 -72.5074050",55
"Pool","Left","Pebble","Lightly shaded","","Woody_debris,Undercut_bank,Root_bundle",NA,NA,-72.5048908333333,42.6667695,"2024-06-25 09:33:00","day","DRY UPPER",48,"iPad",57,"Clear","No rain","05:44","10:44","DRYU202406250610EST","Did not get to the stream on time because the batteries were corroded in the receiver so had to go back to lab and get other receiver. ","06:10","42.6353974. -72.4967190",65,"42.6694251 -72.5074050",55
"Pool","Right","Pebble","Mostly shaded","Had to put gps points in later because did not hit the button earlier, fish are in same exact location.","Woody_debris,Root_bundle",NA,NA,-72.504047,42.6660475,"2024-06-25 09:38:00","day","DRY UPPER",49,"iPad",57,"Clear","No rain","05:44","10:44","DRYU202406250610EST","Did not get to the stream on time because the batteries were corroded in the receiver so had to go back to lab and get other receiver. ","06:10","42.6353974. -72.4967190",65,"42.6694251 -72.5074050",55
"Pool","Right","Granule","Mostly shaded","","Woody_debris,Root_bundle",NA,NA,-72.5040523333333,42.6661688333333,"2024-06-25 09:39:00","day","DRY UPPER",42,"iPad",57,"Clear","No rain","05:44","10:44","DRYU202406250610EST","Did not get to the stream on time because the batteries were corroded in the receiver so had to go back to lab and get other receiver. ","06:10","42.6353974. -72.4967190",65,"42.6694251 -72.5074050",55
"Riffle","Right","Pebble","Lightly shaded","","Woody_debris",NA,NA,-72.5039815,42.6661415,"2024-06-25 09:40:00","day","DRY UPPER",23,"iPad",57,"Clear","No rain","05:44","10:44","DRYU202406250610EST","Did not get to the stream on time because the batteries were corroded in the receiver so had to go back to lab and get other receiver. ","06:10","42.6353974. -72.4967190",65,"42.6694251 -72.5074050",55
"Pool","Left","Rock","Mostly shaded","","",NA,NA,-72.5044988333333,42.6676895,"2024-06-25 17:52:00","night","DRY UPPER",22,"iPad",82,"Cloudy","No rain","17:21","23:05","DRYU202406251745EST","","17:45","Lat: 42.665107 long: 72.5031943 W",75,"Lat: 42.6683114 degrees N Long: 72.5066514 degrees W",85
"Pool","Right","Mud","Mostly shaded","","Root_bundle",NA,NA,-72.5046433333333,42.6675936666667,"2024-06-25 17:55:00","night","DRY UPPER",55,"iPad",82,"Cloudy","No rain","17:21","23:05","DRYU202406251745EST","","17:45","Lat: 42.665107 long: 72.5031943 W",75,"Lat: 42.6683114 degrees N Long: 72.5066514 degrees W",85
"Pool","Right","Pebble","Mostly shaded","","Root_bundle",NA,NA,-72.5046163333333,42.6676306666667,"2024-06-25 17:58:00","night","DRY UPPER",16,"iPad",82,"Cloudy","No rain","17:21","23:05","DRYU202406251745EST","","17:45","Lat: 42.665107 long: 72.5031943 W",75,"Lat: 42.6683114 degrees N Long: 72.5066514 degrees W",85
"Pool","Right","Mud","Mostly shaded","","Root_bundle",NA,187,-72.5045455,42.6677091666667,"2024-06-25 18:05:00","night","DRY UPPER",53,"iPad",82,"Cloudy","No rain","17:21","23:05","DRYU202406251745EST","","17:45","Lat: 42.665107 long: 72.5031943 W",75,"Lat: 42.6683114 degrees N Long: 72.5066514 degrees W",85
"Pool","Right","Rock","Fully shaded","","",NA,NA,-72.505115,42.6670776666667,"2024-06-25 18:11:00","night","DRY UPPER",21,"iPad",82,"Cloudy","No rain","17:21","23:05","DRYU202406251745EST","","17:45","Lat: 42.665107 long: 72.5031943 W",75,"Lat: 42.6683114 degrees N Long: 72.5066514 degrees W",85
"Pool","Right","Rock","Fully shaded","","",NA,NA,-72.5050626666667,42.6671403333333,"2024-06-25 18:12:00","night","DRY UPPER",25,"iPad",82,"Cloudy","No rain","17:21","23:05","DRYU202406251745EST","","17:45","Lat: 42.665107 long: 72.5031943 W",75,"Lat: 42.6683114 degrees N Long: 72.5066514 degrees W",85
"Pool","Right","Rock","Fully shaded","","",NA,NA,-72.5051245,42.6670728333333,"2024-06-25 18:14:00","night","DRY UPPER",24,"iPad",82,"Cloudy","No rain","17:21","23:05","DRYU202406251745EST","","17:45","Lat: 42.665107 long: 72.5031943 W",75,"Lat: 42.6683114 degrees N Long: 72.5066514 degrees W",85
"Pool","Left","Mud","Fully shaded","","Woody_debris",NA,NA,-72.5049981666667,42.6668766666667,"2024-06-25 18:16:00","night","DRY UPPER",54,"iPad",82,"Cloudy","No rain","17:21","23:05","DRYU202406251745EST","","17:45","Lat: 42.665107 long: 72.5031943 W",75,"Lat: 42.6683114 degrees N Long: 72.5066514 degrees W",85
"Pool","Center","Mud","Fully shaded","","Woody_debris",NA,NA,-72.5048925,42.6667785,"2024-06-25 18:26:00","night","DRY UPPER",48,"iPad",82,"Cloudy","No rain","17:21","23:05","DRYU202406251745EST","","17:45","Lat: 42.665107 long: 72.5031943 W",75,"Lat: 42.6683114 degrees N Long: 72.5066514 degrees W",85
"Pool","Right","Mud","Mostly shaded","","Woody_debris",NA,NA,-72.5040995,42.6660508333333,"2024-06-25 18:35:00","night","DRY UPPER",23,"iPad",82,"Cloudy","No rain","17:21","23:05","DRYU202406251745EST","","17:45","Lat: 42.665107 long: 72.5031943 W",75,"Lat: 42.6683114 degrees N Long: 72.5066514 degrees W",85
"Pool","Right","Mud","Mostly shaded","","Woody_debris",NA,NA,-72.5041043333333,42.6660568333333,"2024-06-25 18:36:00","night","DRY UPPER",42,"iPad",82,"Cloudy","No rain","17:21","23:05","DRYU202406251745EST","","17:45","Lat: 42.665107 long: 72.5031943 W",75,"Lat: 42.6683114 degrees N Long: 72.5066514 degrees W",85
"Pool","Right","Mud","","","Woody_debris",NA,NA,-72.504125,42.6660211666667,"2024-06-25 18:36:00","night","DRY UPPER",49,"iPad",82,"Cloudy","No rain","17:21","23:05","DRYU202406251745EST","","17:45","Lat: 42.665107 long: 72.5031943 W",75,"Lat: 42.6683114 degrees N Long: 72.5066514 degrees W",85
"Pool","Right","Mud","Fully shaded","","Woody_debris",NA,NA,-72.5046685,42.6678166666667,"2024-06-25 18:56:00","night","DRY UPPER",16,"iPad",82,"Cloudy","No rain","17:21","23:05","DRYU202406251745EST","","17:45","Lat: 42.665107 long: 72.5031943 W",75,"Lat: 42.6683114 degrees N Long: 72.5066514 degrees W",85
"Pool","Right","Mud","Fully shaded","","Woody_debris",NA,NA,-72.5045933333333,42.667711,"2024-06-25 18:57:00","night","DRY UPPER",53,"iPad",82,"Cloudy","No rain","17:21","23:05","DRYU202406251745EST","","17:45","Lat: 42.665107 long: 72.5031943 W",75,"Lat: 42.6683114 degrees N Long: 72.5066514 degrees W",85
"Pool","Center","Mud","Fully shaded","","Woody_debris",NA,NA,-72.5045466666667,42.6674671666667,"2024-06-25 18:58:00","night","DRY UPPER",55,"iPad",82,"Cloudy","No rain","17:21","23:05","DRYU202406251745EST","","17:45","Lat: 42.665107 long: 72.5031943 W",75,"Lat: 42.6683114 degrees N Long: 72.5066514 degrees W",85
"Pool","Left","Mud","Fully shaded","","Woody_debris,Root_bundle",NA,NA,-72.5044548333333,42.6678436666667,"2024-06-25 19:03:00","night","DRY UPPER",22,"iPad",82,"Cloudy","No rain","17:21","23:05","DRYU202406251745EST","","17:45","Lat: 42.665107 long: 72.5031943 W",75,"Lat: 42.6683114 degrees N Long: 72.5066514 degrees W",85
"Pool","Right","Rock","Night","","",NA,NA,-72.5049118333333,42.6670281666667,"2024-06-25 19:11:00","night","DRY UPPER",24,"iPad",82,"Cloudy","No rain","17:21","23:05","DRYU202406251745EST","","17:45","Lat: 42.665107 long: 72.5031943 W",75,"Lat: 42.6683114 degrees N Long: 72.5066514 degrees W",85
"Pool","Right","Rock","Night","","",NA,NA,-72.5049728333333,42.6670315,"2024-06-25 19:12:00","night","DRY UPPER",21,"iPad",82,"Cloudy","No rain","17:21","23:05","DRYU202406251745EST","","17:45","Lat: 42.665107 long: 72.5031943 W",75,"Lat: 42.6683114 degrees N Long: 72.5066514 degrees W",85
"Pool","Right","Rock","Night","","",NA,NA,-72.5050465,42.667114,"2024-06-25 19:14:00","night","DRY UPPER",25,"iPad",82,"Cloudy","No rain","17:21","23:05","DRYU202406251745EST","","17:45","Lat: 42.665107 long: 72.5031943 W",75,"Lat: 42.6683114 degrees N Long: 72.5066514 degrees W",85
"Pool","Left","Mud","Night","","Woody_debris,Root_bundle",NA,NA,-72.5048656666667,42.6669416666667,"2024-06-25 19:16:00","night","DRY UPPER",54,"iPad",82,"Cloudy","No rain","17:21","23:05","DRYU202406251745EST","","17:45","Lat: 42.665107 long: 72.5031943 W",75,"Lat: 42.6683114 degrees N Long: 72.5066514 degrees W",85
"Pool","Center","Mud","Night","","Woody_debris",NA,NA,-72.5048765,42.6667735,"2024-06-25 19:17:00","night","DRY UPPER",48,"iPad",82,"Cloudy","No rain","17:21","23:05","DRYU202406251745EST","","17:45","Lat: 42.665107 long: 72.5031943 W",75,"Lat: 42.6683114 degrees N Long: 72.5066514 degrees W",85
"Pool","Right","Mud","Night","","Woody_debris",NA,NA,-72.504164,42.666012,"2024-06-25 19:23:00","night","DRY UPPER",23,"iPad",82,"Cloudy","No rain","17:21","23:05","DRYU202406251745EST","","17:45","Lat: 42.665107 long: 72.5031943 W",75,"Lat: 42.6683114 degrees N Long: 72.5066514 degrees W",85
"Pool","Right","Rock","Night","","Woody_debris",NA,NA,-72.504089,42.6660443333333,"2024-06-25 19:24:00","night","DRY UPPER",42,"iPad",82,"Cloudy","No rain","17:21","23:05","DRYU202406251745EST","","17:45","Lat: 42.665107 long: 72.5031943 W",75,"Lat: 42.6683114 degrees N Long: 72.5066514 degrees W",85
"Pool","Right","Rock","Night","","Woody_debris",NA,NA,-72.5041113333333,42.6660496666667,"2024-06-25 19:25:00","night","DRY UPPER",49,"iPad",82,"Cloudy","No rain","17:21","23:05","DRYU202406251745EST","","17:45","Lat: 42.665107 long: 72.5031943 W",75,"Lat: 42.6683114 degrees N Long: 72.5066514 degrees W",85
"Pool","Center","Rock","Night","","",NA,NA,-72.5044093333333,42.6677385,"2024-06-25 20:07:00","night","DRY UPPER",22,"iPad",82,"Cloudy","No rain","17:21","23:05","DRYU202406251745EST","","17:45","Lat: 42.665107 long: 72.5031943 W",75,"Lat: 42.6683114 degrees N Long: 72.5066514 degrees W",85
"Pool","Left","Rock","Night","","Woody_debris",NA,NA,-72.5045361666667,42.6675793333333,"2024-06-25 20:09:00","night","DRY UPPER",55,"iPad",82,"Cloudy","No rain","17:21","23:05","DRYU202406251745EST","","17:45","Lat: 42.665107 long: 72.5031943 W",75,"Lat: 42.6683114 degrees N Long: 72.5066514 degrees W",85
"Pool","Right","Rock","Night","","Woody_debris",NA,NA,-72.5044628333333,42.6675716666667,"2024-06-25 20:16:00","night","DRY UPPER",53,"iPad",82,"Cloudy","No rain","17:21","23:05","DRYU202406251745EST","","17:45","Lat: 42.665107 long: 72.5031943 W",75,"Lat: 42.6683114 degrees N Long: 72.5066514 degrees W",85
"Pool","Right","Mud","Night","","Woody_debris",NA,NA,-72.5044038333333,42.6676356666667,"2024-06-25 20:21:00","night","DRY UPPER",16,"iPad",82,"Cloudy","No rain","17:21","23:05","DRYU202406251745EST","","17:45","Lat: 42.665107 long: 72.5031943 W",75,"Lat: 42.6683114 degrees N Long: 72.5066514 degrees W",85
"Pool","Right","Rock","Night","","",NA,NA,-72.5050063333333,42.6669755,"2024-06-25 20:27:00","night","DRY UPPER",25,"iPad",82,"Cloudy","No rain","17:21","23:05","DRYU202406251745EST","","17:45","Lat: 42.665107 long: 72.5031943 W",75,"Lat: 42.6683114 degrees N Long: 72.5066514 degrees W",85
"Pool","Right","Rock","Night","","",NA,NA,-72.5050865,42.6671475,"2024-06-25 20:32:00","night","DRY UPPER",21,"iPad",82,"Cloudy","No rain","17:21","23:05","DRYU202406251745EST","","17:45","Lat: 42.665107 long: 72.5031943 W",75,"Lat: 42.6683114 degrees N Long: 72.5066514 degrees W",85
"Pool","Right","Rock","Night","","",NA,NA,-72.5050925,42.6671683333333,"2024-06-25 20:38:00","night","DRY UPPER",24,"iPad",82,"Cloudy","No rain","17:21","23:05","DRYU202406251745EST","","17:45","Lat: 42.665107 long: 72.5031943 W",75,"Lat: 42.6683114 degrees N Long: 72.5066514 degrees W",85
"Pool","Left","Mud","Night","","Woody_debris,Root_bundle",NA,NA,-72.5049375,42.6669571666667,"2024-06-25 20:42:00","night","DRY UPPER",54,"iPad",82,"Cloudy","No rain","17:21","23:05","DRYU202406251745EST","","17:45","Lat: 42.665107 long: 72.5031943 W",75,"Lat: 42.6683114 degrees N Long: 72.5066514 degrees W",85
"Pool","Center","Rock","Night","","Woody_debris",NA,NA,-72.5047823333333,42.6666778333333,"2024-06-25 20:49:00","night","DRY UPPER",48,"iPad",82,"Cloudy","No rain","17:21","23:05","DRYU202406251745EST","","17:45","Lat: 42.665107 long: 72.5031943 W",75,"Lat: 42.6683114 degrees N Long: 72.5066514 degrees W",85
"Pool","Right","Rock","Night","","Woody_debris,Root_bundle",NA,NA,-72.5041198333333,42.6660198333333,"2024-06-25 20:56:00","night","DRY UPPER",23,"iPad",82,"Cloudy","No rain","17:21","23:05","DRYU202406251745EST","","17:45","Lat: 42.665107 long: 72.5031943 W",75,"Lat: 42.6683114 degrees N Long: 72.5066514 degrees W",85
"Pool","Right","Rock","Night","","Woody_debris",NA,NA,-72.5040663333333,42.6660251666667,"2024-06-25 20:57:00","night","DRY UPPER",42,"iPad",82,"Cloudy","No rain","17:21","23:05","DRYU202406251745EST","","17:45","Lat: 42.665107 long: 72.5031943 W",75,"Lat: 42.6683114 degrees N Long: 72.5066514 degrees W",85
"Pool","Right","Rock","Night","","",NA,NA,-72.5040813333333,42.6660106666667,"2024-06-25 21:01:00","night","DRY UPPER",49,"iPad",82,"Cloudy","No rain","17:21","23:05","DRYU202406251745EST","","17:45","Lat: 42.665107 long: 72.5031943 W",75,"Lat: 42.6683114 degrees N Long: 72.5066514 degrees W",85
"Pool","Center","Rock","Night","","",NA,NA,-72.5043133333333,42.6676101666667,"2024-06-25 21:33:00","night","DRY UPPER",22,"iPad",82,"Cloudy","No rain","17:21","23:05","DRYU202406251745EST","","17:45","Lat: 42.665107 long: 72.5031943 W",75,"Lat: 42.6683114 degrees N Long: 72.5066514 degrees W",85
"Pool","Right","Mud","Night","","Woody_debris",NA,NA,-72.5045796666667,42.6676543333333,"2024-06-25 21:39:00","night","DRY UPPER",16,"iPad",82,"Cloudy","No rain","17:21","23:05","DRYU202406251745EST","","17:45","Lat: 42.665107 long: 72.5031943 W",75,"Lat: 42.6683114 degrees N Long: 72.5066514 degrees W",85
"Pool","Right","Mud","Night","","Woody_debris",NA,NA,-72.5044716666667,42.6675461666667,"2024-06-25 21:40:00","night","DRY UPPER",53,"iPad",82,"Cloudy","No rain","17:21","23:05","DRYU202406251745EST","","17:45","Lat: 42.665107 long: 72.5031943 W",75,"Lat: 42.6683114 degrees N Long: 72.5066514 degrees W",85
"Pool","Center","Mud","Night","","Woody_debris",NA,NA,-72.5045363333333,42.6676453333333,"2024-06-25 21:42:00","night","DRY UPPER",55,"iPad",82,"Cloudy","No rain","17:21","23:05","DRYU202406251745EST","","17:45","Lat: 42.665107 long: 72.5031943 W",75,"Lat: 42.6683114 degrees N Long: 72.5066514 degrees W",85
"Pool","Right","Rock","Night","","",NA,NA,-72.50515,42.6670513333333,"2024-06-25 21:46:00","night","DRY UPPER",24,"iPad",82,"Cloudy","No rain","17:21","23:05","DRYU202406251745EST","","17:45","Lat: 42.665107 long: 72.5031943 W",75,"Lat: 42.6683114 degrees N Long: 72.5066514 degrees W",85
"Run","Right","Rock","Night","","Woody_debris,Undercut_bank",NA,NA,-72.5050641666667,42.666976,"2024-06-25 21:49:00","night","DRY UPPER",21,"iPad",82,"Cloudy","No rain","17:21","23:05","DRYU202406251745EST","","17:45","Lat: 42.665107 long: 72.5031943 W",75,"Lat: 42.6683114 degrees N Long: 72.5066514 degrees W",85
"Run","Right","Rock","Night","","Woody_debris,Undercut_bank",NA,NA,-72.505005,42.666972,"2024-06-25 21:50:00","night","DRY UPPER",25,"iPad",82,"Cloudy","No rain","17:21","23:05","DRYU202406251745EST","","17:45","Lat: 42.665107 long: 72.5031943 W",75,"Lat: 42.6683114 degrees N Long: 72.5066514 degrees W",85
"Pool","Left","Mud","Night","","Woody_debris",NA,NA,-72.5051028333333,42.6668833333333,"2024-06-25 21:53:00","night","DRY UPPER",54,"iPad",82,"Cloudy","No rain","17:21","23:05","DRYU202406251745EST","","17:45","Lat: 42.665107 long: 72.5031943 W",75,"Lat: 42.6683114 degrees N Long: 72.5066514 degrees W",85
"Pool","Center","Rock","Night","","Woody_debris",NA,NA,-72.5048785,42.6667095,"2024-06-25 21:58:00","night","DRY UPPER",48,"iPad",82,"Cloudy","No rain","17:21","23:05","DRYU202406251745EST","","17:45","Lat: 42.665107 long: 72.5031943 W",75,"Lat: 42.6683114 degrees N Long: 72.5066514 degrees W",85
"Riffle","Center","Rock","Night","","Woody_debris",NA,NA,-72.50407,42.6660173333333,"2024-06-25 22:03:00","night","DRY UPPER",42,"iPad",82,"Cloudy","No rain","17:21","23:05","DRYU202406251745EST","","17:45","Lat: 42.665107 long: 72.5031943 W",75,"Lat: 42.6683114 degrees N Long: 72.5066514 degrees W",85
"Riffle","Center","Rock","Night","","Woody_debris",NA,NA,-72.5041536666667,42.6659905,"2024-06-25 22:04:00","night","DRY UPPER",23,"iPad",82,"Cloudy","No rain","17:21","23:05","DRYU202406251745EST","","17:45","Lat: 42.665107 long: 72.5031943 W",75,"Lat: 42.6683114 degrees N Long: 72.5066514 degrees W",85
"Pool","Center","Rock","Night","","",NA,NA,-72.503971,42.6660838333333,"2024-06-25 22:06:00","night","DRY UPPER",49,"iPad",82,"Cloudy","No rain","17:21","23:05","DRYU202406251745EST","","17:45","Lat: 42.665107 long: 72.5031943 W",75,"Lat: 42.6683114 degrees N Long: 72.5066514 degrees W",85
"Pool","Left","Rock","Night","","Undercut_bank",NA,NA,-72.5043985,42.667595,"2024-06-25 22:18:00","night","DRY UPPER",22,"iPad",82,"Cloudy","No rain","17:21","23:05","DRYU202406251745EST","","17:45","Lat: 42.665107 long: 72.5031943 W",75,"Lat: 42.6683114 degrees N Long: 72.5066514 degrees W",85
"Pool","Right","Mud","Night","","Woody_debris",NA,NA,-72.5045261666667,42.6677008333333,"2024-06-25 22:20:00","night","DRY UPPER",16,"iPad",82,"Cloudy","No rain","17:21","23:05","DRYU202406251745EST","","17:45","Lat: 42.665107 long: 72.5031943 W",75,"Lat: 42.6683114 degrees N Long: 72.5066514 degrees W",85
"Pool","Center","Mud","Night","","Woody_debris",NA,NA,-72.5044086666667,42.6676766666667,"2024-06-25 22:25:00","night","DRY UPPER",55,"iPad",82,"Cloudy","No rain","17:21","23:05","DRYU202406251745EST","","17:45","Lat: 42.665107 long: 72.5031943 W",75,"Lat: 42.6683114 degrees N Long: 72.5066514 degrees W",85
"Pool","Right","Mud","Night","","Woody_debris",NA,NA,-72.5045903333333,42.667608,"2024-06-25 22:27:00","night","DRY UPPER",53,"iPad",82,"Cloudy","No rain","17:21","23:05","DRYU202406251745EST","","17:45","Lat: 42.665107 long: 72.5031943 W",75,"Lat: 42.6683114 degrees N Long: 72.5066514 degrees W",85
"Pool","Right","Rock","Night","","Undercut_bank",NA,NA,-72.505052,42.6670396666667,"2024-06-25 22:32:00","night","DRY UPPER",25,"iPad",82,"Cloudy","No rain","17:21","23:05","DRYU202406251745EST","","17:45","Lat: 42.665107 long: 72.5031943 W",75,"Lat: 42.6683114 degrees N Long: 72.5066514 degrees W",85
"Run","Center","Rock","Night","","",NA,NA,-72.5050286666667,42.667007,"2024-06-25 22:34:00","night","DRY UPPER",21,"iPad",82,"Cloudy","No rain","17:21","23:05","DRYU202406251745EST","","17:45","Lat: 42.665107 long: 72.5031943 W",75,"Lat: 42.6683114 degrees N Long: 72.5066514 degrees W",85
"Run","Right","Rock","Night","","Undercut_bank",NA,NA,-72.5049478333333,42.6670096666667,"2024-06-25 22:36:00","night","DRY UPPER",24,"iPad",82,"Cloudy","No rain","17:21","23:05","DRYU202406251745EST","","17:45","Lat: 42.665107 long: 72.5031943 W",75,"Lat: 42.6683114 degrees N Long: 72.5066514 degrees W",85
"Pool","Left","Mud","Night","","Woody_debris",NA,NA,-72.5051285,42.6668481666667,"2024-06-25 22:39:00","night","DRY UPPER",54,"iPad",82,"Cloudy","No rain","17:21","23:05","DRYU202406251745EST","","17:45","Lat: 42.665107 long: 72.5031943 W",75,"Lat: 42.6683114 degrees N Long: 72.5066514 degrees W",85
"Pool","Right","Rock","Night","","Woody_debris",NA,NA,-72.5049048333333,42.6667555,"2024-06-25 22:43:00","night","DRY UPPER",48,"iPad",82,"Cloudy","No rain","17:21","23:05","DRYU202406251745EST","","17:45","Lat: 42.665107 long: 72.5031943 W",75,"Lat: 42.6683114 degrees N Long: 72.5066514 degrees W",85
"Riffle","Center","Rock","Night","","Woody_debris",NA,NA,-72.5041353333333,42.6659946666667,"2024-06-25 22:49:00","night","DRY UPPER",42,"iPad",82,"Cloudy","No rain","17:21","23:05","DRYU202406251745EST","","17:45","Lat: 42.665107 long: 72.5031943 W",75,"Lat: 42.6683114 degrees N Long: 72.5066514 degrees W",85
"Pool","Right","Rock","Night","","Woody_debris",NA,NA,-72.5041766666667,42.665948,"2024-06-25 22:50:00","night","DRY UPPER",23,"iPad",82,"Cloudy","No rain","17:21","23:05","DRYU202406251745EST","","17:45","Lat: 42.665107 long: 72.5031943 W",75,"Lat: 42.6683114 degrees N Long: 72.5066514 degrees W",85
"Pool","Center","Mud","Night","","",NA,NA,-72.5040078333333,42.6661805,"2024-06-25 22:54:00","night","DRY UPPER",49,"iPad",82,"Cloudy","No rain","17:21","23:05","DRYU202406251745EST","","17:45","Lat: 42.665107 long: 72.5031943 W",75,"Lat: 42.6683114 degrees N Long: 72.5066514 degrees W",85
"Pool","Left","Rock","Fully shaded","","",NA,NA,-72.4600906666667,42.3811608333333,"2024-06-26 05:26:00","day","BUFFAM",56,"iPad",70,"Mostly sunny/mostly clear","No rain","05:25","11:06","AMTH202406261101EST","","11:01","42 degrees 23N, 72 degrees 28W",74,"42 degrees 23N, 72 degrees 27W",75
"Pool","Center","Pebble","Fully shaded","","",NA,NA,-72.4600113333333,42.381194,"2024-06-26 05:33:00","day","BUFFAM",14,"iPad",70,"Mostly sunny/mostly clear","No rain","05:25","11:06","AMTH202406261101EST","","11:01","42 degrees 23N, 72 degrees 28W",74,"42 degrees 23N, 72 degrees 27W",75
"Pool","Right","Pebble","Fully shaded","","",NA,NA,-72.4599075,42.381149,"2024-06-26 05:47:00","day","BUFFAM",18,"iPad",70,"Mostly sunny/mostly clear","No rain","05:25","11:06","AMTH202406261101EST","","11:01","42 degrees 23N, 72 degrees 28W",74,"42 degrees 23N, 72 degrees 27W",75
"Pool","Right","Boulder","Fully shaded","","",NA,NA,-72.459962,42.381141,"2024-06-26 05:50:00","day","BUFFAM",19,"iPad",70,"Mostly sunny/mostly clear","No rain","05:25","11:06","AMTH202406261101EST","","11:01","42 degrees 23N, 72 degrees 28W",74,"42 degrees 23N, 72 degrees 27W",75
"Riffle","Center","Rock","Fully shaded","","",NA,NA,-72.460291,42.3811791666667,"2024-06-26 06:05:00","day","HARRIS",20,"iPad",70,"Mostly sunny/mostly clear","No rain","05:25","11:06","AMTH202406261101EST","","11:01","42 degrees 23N, 72 degrees 28W",74,"42 degrees 23N, 72 degrees 27W",75
"Pool","Left","Boulder","","","Woody_debris",NA,NA,-72.4602773333334,42.3811588333333,"2024-06-26 06:30:00","day","BUFFAM",59,"iPad",70,"Mostly sunny/mostly clear","No rain","05:25","11:06","AMTH202406261101EST","","11:01","42 degrees 23N, 72 degrees 28W",74,"42 degrees 23N, 72 degrees 27W",75
"Pool","Left","Pebble","Fully shaded","","Woody_debris",NA,NA,-72.4602825,42.3812326666667,"2024-06-26 06:31:00","day","BUFFAM",56,"iPad",70,"Mostly sunny/mostly clear","No rain","05:25","11:06","AMTH202406261101EST","","11:01","42 degrees 23N, 72 degrees 28W",74,"42 degrees 23N, 72 degrees 27W",75
"Riffle","Center","Rock","Fully shaded","","",NA,NA,-72.4599918333333,42.3811131666667,"2024-06-26 06:36:00","day","BUFFAM",14,"iPad",70,"Mostly sunny/mostly clear","No rain","05:25","11:06","AMTH202406261101EST","","11:01","42 degrees 23N, 72 degrees 28W",74,"42 degrees 23N, 72 degrees 27W",75
"Riffle","Center","Rock","Fully shaded","","",NA,NA,-72.4598383333333,42.3812771666667,"2024-06-26 06:45:00","day","BUFFAM",18,"iPad",70,"Mostly sunny/mostly clear","No rain","05:25","11:06","AMTH202406261101EST","","11:01","42 degrees 23N, 72 degrees 28W",74,"42 degrees 23N, 72 degrees 27W",75
"Riffle","Center","Pebble","Fully shaded","","",NA,188,-72.459743,42.3811891666667,"2024-06-26 06:50:00","day","BUFFAM",62,"iPad",70,"Mostly sunny/mostly clear","No rain","05:25","11:06","AMTH202406261101EST","","11:01","42 degrees 23N, 72 degrees 28W",74,"42 degrees 23N, 72 degrees 27W",75
"Pool","Center","Pebble","Fully shaded","","",NA,185,-72.4596293333333,42.381156,"2024-06-26 06:54:00","day","BUFFAM",57,"iPad",70,"Mostly sunny/mostly clear","No rain","05:25","11:06","AMTH202406261101EST","","11:01","42 degrees 23N, 72 degrees 28W",74,"42 degrees 23N, 72 degrees 27W",75
"Riffle","Center","Rock","Fully shaded","","",NA,NA,-72.460196,42.3811903333333,"2024-06-26 07:02:00","day","HARRIS",20,"iPad",70,"Mostly sunny/mostly clear","No rain","05:25","11:06","AMTH202406261101EST","","11:01","42 degrees 23N, 72 degrees 28W",74,"42 degrees 23N, 72 degrees 27W",75
"Pool","Right","Pebble","Mostly shaded","","",NA,NA,-72.4634455,42.3793748333333,"2024-06-26 07:49:00","day","AMETHYST",61,"iPad",70,"Mostly sunny/mostly clear","No rain","05:25","11:06","AMTH202406261101EST","","11:01","42 degrees 23N, 72 degrees 28W",74,"42 degrees 23N, 72 degrees 27W",75
"Riffle","Center","Rock","Lightly shaded","","",NA,NA,-72.45825,42.382125,"2024-06-26 08:28:00","day","BUFFAM",60,"iPad",70,"Mostly sunny/mostly clear","No rain","05:25","11:06","AMTH202406261101EST","","11:01","42 degrees 23N, 72 degrees 28W",74,"42 degrees 23N, 72 degrees 27W",75
"Pool","Center","Rock","","","",NA,NA,-72.4598395,42.3811291666667,"2024-06-26 08:38:00","day","BUFFAM",62,"iPad",70,"Mostly sunny/mostly clear","No rain","05:25","11:06","AMTH202406261101EST","","11:01","42 degrees 23N, 72 degrees 28W",74,"42 degrees 23N, 72 degrees 27W",75
"Pool","Center","Rock","","","",NA,NA,-72.4597005,42.3811268333333,"2024-06-26 08:39:00","day","BUFFAM",57,"iPad",70,"Mostly sunny/mostly clear","No rain","05:25","11:06","AMTH202406261101EST","","11:01","42 degrees 23N, 72 degrees 28W",74,"42 degrees 23N, 72 degrees 27W",75
"Riffle","Center","Rock","Mostly shaded","","",NA,NA,-72.4598058333333,42.3812126666667,"2024-06-26 08:44:00","day","BUFFAM",18,"iPad",70,"Mostly sunny/mostly clear","No rain","05:25","11:06","AMTH202406261101EST","","11:01","42 degrees 23N, 72 degrees 28W",74,"42 degrees 23N, 72 degrees 27W",75
"Riffle","Center","Rock","Mostly shaded","","",NA,NA,-72.459855,42.381266,"2024-06-26 08:45:00","day","BUFFAM",19,"iPad",70,"Mostly sunny/mostly clear","No rain","05:25","11:06","AMTH202406261101EST","","11:01","42 degrees 23N, 72 degrees 28W",74,"42 degrees 23N, 72 degrees 27W",75
"Riffle","Left","Rock","Mostly shaded","","",NA,NA,-72.459874,42.38133,"2024-06-26 08:49:00","day","BUFFAM",14,"iPad",70,"Mostly sunny/mostly clear","No rain","05:25","11:06","AMTH202406261101EST","","11:01","42 degrees 23N, 72 degrees 28W",74,"42 degrees 23N, 72 degrees 27W",75
"Pool","Left","Rock","Lightly shaded","","",NA,NA,-72.4601848333333,42.3812256666667,"2024-06-26 08:53:00","day","BUFFAM",56,"iPad",70,"Mostly sunny/mostly clear","No rain","05:25","11:06","AMTH202406261101EST","","11:01","42 degrees 23N, 72 degrees 28W",74,"42 degrees 23N, 72 degrees 27W",75
"Riffle","Center","Rock","Mostly shaded","","",NA,NA,-72.4601256666667,42.381072,"2024-06-26 09:05:00","day","HARRIS",20,"iPad",70,"Mostly sunny/mostly clear","No rain","05:25","11:06","AMTH202406261101EST","","11:01","42 degrees 23N, 72 degrees 28W",74,"42 degrees 23N, 72 degrees 27W",75
"Pool","Left","Rock","Mostly shaded","","Woody_debris",NA,NA,-72.4601868333333,42.3812185,"2024-06-26 09:17:00","day","BUFFAM",59,"iPad",70,"Mostly sunny/mostly clear","No rain","05:25","11:06","AMTH202406261101EST","","11:01","42 degrees 23N, 72 degrees 28W",74,"42 degrees 23N, 72 degrees 27W",75
"Run","Right","Pebble","Mostly shaded","","",NA,NA,-72.4633378333333,42.3794605,"2024-06-26 09:29:00","day","AMETHYST",61,"iPad",70,"Mostly sunny/mostly clear","No rain","05:25","11:06","AMTH202406261101EST","","11:01","42 degrees 23N, 72 degrees 28W",74,"42 degrees 23N, 72 degrees 27W",75
"Riffle","Center","Rock","","","",NA,NA,-72.458379,42.3821955,"2024-06-26 10:14:00","day","BUFFAM",60,"iPad",70,"Mostly sunny/mostly clear","No rain","05:25","11:06","AMTH202406261101EST","","11:01","42 degrees 23N, 72 degrees 28W",74,"42 degrees 23N, 72 degrees 27W",75
"Run","Center","Rock","Fully shaded","","",NA,NA,-72.4585511666667,42.3821558333333,"2024-06-26 17:26:00","night","BUFFAM",60,"iPad",82,"Cloudy","No rain","17:14","21:57","AMTH202406261915EST","","19:15","Lat-42.3792386’N Long-72.4633786’W",90,"Buffim: lat-42.23’N long-72.28’W Harris: lat-42.3807166’N long-72.4581883’W",85
"Run","Right","Rock","Fully shaded","","",NA,NA,-72.4596563333333,42.3810823333333,"2024-06-26 17:34:00","night","BUFFAM",62,"iPad",82,"Cloudy","No rain","17:14","21:57","AMTH202406261915EST","","19:15","Lat-42.3792386’N Long-72.4633786’W",90,"Buffim: lat-42.23’N long-72.28’W Harris: lat-42.3807166’N long-72.4581883’W",85
"Pool","Center","Rock","Mostly shaded","","",NA,NA,-72.459674,42.3811208333333,"2024-06-26 17:34:00","night","BUFFAM",57,"iPad",82,"Cloudy","No rain","17:14","21:57","AMTH202406261915EST","","19:15","Lat-42.3792386’N Long-72.4633786’W",90,"Buffim: lat-42.23’N long-72.28’W Harris: lat-42.3807166’N long-72.4581883’W",85
"Pool","Right","Boulder","Fully shaded","","",NA,NA,-72.4598171666667,42.3812615,"2024-06-26 17:40:00","night","BUFFAM",19,"iPad",82,"Cloudy","No rain","17:14","21:57","AMTH202406261915EST","","19:15","Lat-42.3792386’N Long-72.4633786’W",90,"Buffim: lat-42.23’N long-72.28’W Harris: lat-42.3807166’N long-72.4581883’W",85
"Pool","Right","Boulder","Fully shaded","","",NA,NA,-72.4599836666667,42.3812458333333,"2024-06-26 17:41:00","night","BUFFAM",18,"iPad",82,"Cloudy","No rain","17:14","21:57","AMTH202406261915EST","","19:15","Lat-42.3792386’N Long-72.4633786’W",90,"Buffim: lat-42.23’N long-72.28’W Harris: lat-42.3807166’N long-72.4581883’W",85
"Glide","Left","Boulder","Fully shaded","","",NA,NA,-72.4599076666667,42.3812866666667,"2024-06-26 17:45:00","night","BUFFAM",14,"iPad",82,"Cloudy","No rain","17:14","21:57","AMTH202406261915EST","","19:15","Lat-42.3792386’N Long-72.4633786’W",90,"Buffim: lat-42.23’N long-72.28’W Harris: lat-42.3807166’N long-72.4581883’W",85
"Pool","Left","Rock","Fully shaded","","Undercut_bank,Root_bundle",NA,NA,-72.4602646666667,42.3812386666667,"2024-06-26 17:49:00","night","BUFFAM",56,"iPad",82,"Cloudy","No rain","17:14","21:57","AMTH202406261915EST","","19:15","Lat-42.3792386’N Long-72.4633786’W",90,"Buffim: lat-42.23’N long-72.28’W Harris: lat-42.3807166’N long-72.4581883’W",85
"Pool","Left","Rock","Fully shaded","","Root_bundle,Undercut_bank",NA,NA,-72.4603771666667,42.3812131666667,"2024-06-26 17:50:00","night","BUFFAM",59,"iPad",82,"Cloudy","No rain","17:14","21:57","AMTH202406261915EST","","19:15","Lat-42.3792386’N Long-72.4633786’W",90,"Buffim: lat-42.23’N long-72.28’W Harris: lat-42.3807166’N long-72.4581883’W",85
"Pool","Center","Rock","Mostly shaded","","Woody_debris",NA,NA,-72.4603408333333,42.3811173333333,"2024-06-26 17:53:00","night","HARRIS",20,"iPad",82,"Cloudy","No rain","17:14","21:57","AMTH202406261915EST","","19:15","Lat-42.3792386’N Long-72.4633786’W",90,"Buffim: lat-42.23’N long-72.28’W Harris: lat-42.3807166’N long-72.4581883’W",85
"Pool","Right","Mud","Fully shaded","","",NA,NA,-72.4631515,42.3794278333333,"2024-06-26 18:34:00","night","AMETHYST",61,"iPad",82,"Cloudy","No rain","17:14","21:57","AMTH202406261915EST","","19:15","Lat-42.3792386’N Long-72.4633786’W",90,"Buffim: lat-42.23’N long-72.28’W Harris: lat-42.3807166’N long-72.4581883’W",85
"Riffle","Center","Rock","Night","","",NA,NA,-72.4584586666667,42.382139,"2024-06-26 18:51:00","night","BUFFAM",60,"iPad",82,"Cloudy","No rain","17:14","21:57","AMTH202406261915EST","","19:15","Lat-42.3792386’N Long-72.4633786’W",90,"Buffim: lat-42.23’N long-72.28’W Harris: lat-42.3807166’N long-72.4581883’W",85
"Glide","Right","Boulder","Fully shaded","","",NA,NA,-72.4596808333333,42.3811618333333,"2024-06-26 18:59:00","night","BUFFAM",62,"iPad",82,"Cloudy","No rain","17:14","21:57","AMTH202406261915EST","","19:15","Lat-42.3792386’N Long-72.4633786’W",90,"Buffim: lat-42.23’N long-72.28’W Harris: lat-42.3807166’N long-72.4581883’W",85
"Pool","Center","Rock","Night","","",NA,NA,-72.4597635,42.381,"2024-06-26 19:03:00","night","BUFFAM",57,"iPad",82,"Cloudy","No rain","17:14","21:57","AMTH202406261915EST","","19:15","Lat-42.3792386’N Long-72.4633786’W",90,"Buffim: lat-42.23’N long-72.28’W Harris: lat-42.3807166’N long-72.4581883’W",85
"Pool","Right","Boulder","Night","","",NA,NA,-72.4597421666667,42.3811773333333,"2024-06-26 19:06:00","night","BUFFAM",19,"iPad",82,"Cloudy","No rain","17:14","21:57","AMTH202406261915EST","","19:15","Lat-42.3792386’N Long-72.4633786’W",90,"Buffim: lat-42.23’N long-72.28’W Harris: lat-42.3807166’N long-72.4581883’W",85
"Pool","Right","Boulder","Night","","",NA,NA,-72.4600278333333,42.381173,"2024-06-26 19:08:00","night","BUFFAM",18,"iPad",82,"Cloudy","No rain","17:14","21:57","AMTH202406261915EST","","19:15","Lat-42.3792386’N Long-72.4633786’W",90,"Buffim: lat-42.23’N long-72.28’W Harris: lat-42.3807166’N long-72.4581883’W",85
"Riffle","Right","Boulder","Night","","",NA,NA,-72.4601053333333,42.3812376666667,"2024-06-26 19:10:00","night","BUFFAM",14,"iPad",82,"Cloudy","No rain","17:14","21:57","AMTH202406261915EST","","19:15","Lat-42.3792386’N Long-72.4633786’W",90,"Buffim: lat-42.23’N long-72.28’W Harris: lat-42.3807166’N long-72.4581883’W",85
"Run","Left","Boulder","Night","","",NA,NA,-72.460222,42.3811561666667,"2024-06-26 19:12:00","night","BUFFAM",56,"iPad",82,"Cloudy","No rain","17:14","21:57","AMTH202406261915EST","","19:15","Lat-42.3792386’N Long-72.4633786’W",90,"Buffim: lat-42.23’N long-72.28’W Harris: lat-42.3807166’N long-72.4581883’W",85
"Pool","Left","Boulder","Night","","",NA,NA,-72.4602405,42.381235,"2024-06-26 19:14:00","night","BUFFAM",59,"iPad",82,"Cloudy","No rain","17:14","21:57","AMTH202406261915EST","","19:15","Lat-42.3792386’N Long-72.4633786’W",90,"Buffim: lat-42.23’N long-72.28’W Harris: lat-42.3807166’N long-72.4581883’W",85
"Riffle","Right","Rock","Night","","",NA,NA,-72.4602491666667,42.3811623333333,"2024-06-26 19:16:00","night","HARRIS",20,"iPad",82,"Cloudy","No rain","17:14","21:57","AMTH202406261915EST","","19:15","Lat-42.3792386’N Long-72.4633786’W",90,"Buffim: lat-42.23’N long-72.28’W Harris: lat-42.3807166’N long-72.4581883’W",85
"Pool","Right","Sand","Night","","",NA,NA,-72.4632745,42.3793505,"2024-06-26 19:25:00","night","AMETHYST",61,"iPad",82,"Cloudy","No rain","17:14","21:57","AMTH202406261915EST","","19:15","Lat-42.3792386’N Long-72.4633786’W",90,"Buffim: lat-42.23’N long-72.28’W Harris: lat-42.3807166’N long-72.4581883’W",85
"Pool","Left","Mud","Night","","",NA,NA,-72.4584558333333,42.3820176666667,"2024-06-26 20:05:00","night","BUFFAM",60,"iPad",82,"Cloudy","No rain","17:14","21:57","AMTH202406261915EST","","19:15","Lat-42.3792386’N Long-72.4633786’W",90,"Buffim: lat-42.23’N long-72.28’W Harris: lat-42.3807166’N long-72.4581883’W",85
"Pool","Center","Rock","Night","","",NA,NA,-72.4595796666667,42.3811711666667,"2024-06-26 20:14:00","night","BUFFAM",57,"iPad",82,"Cloudy","No rain","17:14","21:57","AMTH202406261915EST","","19:15","Lat-42.3792386’N Long-72.4633786’W",90,"Buffim: lat-42.23’N long-72.28’W Harris: lat-42.3807166’N long-72.4581883’W",85
"Pool","Center","Rock","Night","","",NA,NA,-72.4596705,42.3811885,"2024-06-26 20:15:00","night","BUFFAM",62,"iPad",82,"Cloudy","No rain","17:14","21:57","AMTH202406261915EST","","19:15","Lat-42.3792386’N Long-72.4633786’W",90,"Buffim: lat-42.23’N long-72.28’W Harris: lat-42.3807166’N long-72.4581883’W",85
"Riffle","Center","Rock","Night","","",NA,NA,-72.4598211666667,42.3813018333333,"2024-06-26 20:18:00","night","BUFFAM",19,"iPad",82,"Cloudy","No rain","17:14","21:57","AMTH202406261915EST","","19:15","Lat-42.3792386’N Long-72.4633786’W",90,"Buffim: lat-42.23’N long-72.28’W Harris: lat-42.3807166’N long-72.4581883’W",85
"Riffle","Left","Rock","Night","","",NA,NA,-72.4598453333333,42.3813206666667,"2024-06-26 20:20:00","night","BUFFAM",18,"iPad",82,"Cloudy","No rain","17:14","21:57","AMTH202406261915EST","","19:15","Lat-42.3792386’N Long-72.4633786’W",90,"Buffim: lat-42.23’N long-72.28’W Harris: lat-42.3807166’N long-72.4581883’W",85
"Pool","Left","Rock","Night","","",NA,NA,-72.4597886666667,42.3812846666667,"2024-06-26 20:23:00","night","BUFFAM",14,"iPad",82,"Cloudy","No rain","17:14","21:57","AMTH202406261915EST","","19:15","Lat-42.3792386’N Long-72.4633786’W",90,"Buffim: lat-42.23’N long-72.28’W Harris: lat-42.3807166’N long-72.4581883’W",85
"Riffle","Left","Pebble","Night","","",NA,NA,-72.4600928333333,42.3811243333333,"2024-06-26 20:27:00","night","BUFFAM",56,"iPad",82,"Cloudy","No rain","17:14","21:57","AMTH202406261915EST","","19:15","Lat-42.3792386’N Long-72.4633786’W",90,"Buffim: lat-42.23’N long-72.28’W Harris: lat-42.3807166’N long-72.4581883’W",85
"Glide","Left","Rock","Night","","",NA,NA,-72.460225,42.3811261666667,"2024-06-26 20:28:00","night","BUFFAM",59,"iPad",82,"Cloudy","No rain","17:14","21:57","AMTH202406261915EST","","19:15","Lat-42.3792386’N Long-72.4633786’W",90,"Buffim: lat-42.23’N long-72.28’W Harris: lat-42.3807166’N long-72.4581883’W",85
"Pool","Center","Rock","Night","","",NA,NA,-72.4602575,42.381072,"2024-06-26 20:34:00","night","HARRIS",20,"iPad",82,"Cloudy","No rain","17:14","21:57","AMTH202406261915EST","","19:15","Lat-42.3792386’N Long-72.4633786’W",90,"Buffim: lat-42.23’N long-72.28’W Harris: lat-42.3807166’N long-72.4581883’W",85
"Pool","Left","Rock","Night","","",NA,NA,-72.4631463333333,42.3797991666667,"2024-06-26 21:03:00","night","AMETHYST",61,"iPad",82,"Cloudy","No rain","17:14","21:57","AMTH202406261915EST","","19:15","Lat-42.3792386’N Long-72.4633786’W",90,"Buffim: lat-42.23’N long-72.28’W Harris: lat-42.3807166’N long-72.4581883’W",85
"Pool","Right","Rock","Lightly shaded","","Woody_debris",NA,NA,-72.3247416666667,42.4449755,"2024-06-27 05:23:00","day","UNDERHILL",41,"iPad",66,"Cloudy","No rain","05:18","10:30","UNDH20240627 0807EST","","08:07","",NA,"",NA
"Pool","Right","Rock","Mostly shaded","","",NA,NA,-72.3254343333333,42.4450395,"2024-06-27 05:26:00","day","UNDERHILL",43,"iPad",66,"Cloudy","No rain","05:18","10:30","UNDH20240627 0807EST","","08:07","",NA,"",NA
"Run","Right","Rock","Mostly shaded","","",NA,NA,-72.3256311666667,42.4452775,"2024-06-27 05:30:00","day","UNDERHILL",40,"iPad",66,"Cloudy","No rain","05:18","10:30","UNDH20240627 0807EST","","08:07","",NA,"",NA
"Riffle","Left","Rock","Mostly shaded","","",NA,NA,-72.3264428333333,42.4454021666667,"2024-06-27 05:35:00","day","UNDERHILL",34,"iPad",66,"Cloudy","No rain","05:18","10:30","UNDH20240627 0807EST","","08:07","",NA,"",NA
"Pool","Left","Rock","Mostly shaded","","",NA,NA,-72.3275645,42.4451376666667,"2024-06-27 06:04:00","day","UNDERHILL",45,"iPad",66,"Cloudy","No rain","05:18","10:30","UNDH20240627 0807EST","","08:07","",NA,"",NA
"Pool","Center","Rock","Mostly shaded","","",NA,NA,-72.3278023333333,42.445134,"2024-06-27 06:06:00","day","UNDERHILL",27,"iPad",66,"Cloudy","No rain","05:18","10:30","UNDH20240627 0807EST","","08:07","",NA,"",NA
"Pool","Center","Pebble","Lightly shaded","","Woody_debris",NA,NA,-72.3280531666666,42.44486,"2024-06-27 06:08:00","day","UNDERHILL",44,"iPad",66,"Cloudy","No rain","05:18","10:30","UNDH20240627 0807EST","","08:07","",NA,"",NA
"Pool","Center","Boulder","Mostly shaded","","",NA,NA,-72.3296056666667,42.4435803333333,"2024-06-27 06:21:00","day","UNDERHILL",35,"iPad",66,"Cloudy","No rain","05:18","10:30","UNDH20240627 0807EST","","08:07","",NA,"",NA
"Pool","Center","Rock","Mostly shaded","","Woody_debris",NA,NA,-72.3270068333333,42.445878,"2024-06-27 06:35:00","day","UNDERHILL",36,"iPad",66,"Cloudy","No rain","05:18","10:30","UNDH20240627 0807EST","","08:07","",NA,"",NA
"Pool","Center","Granule","Mostly shaded","","",NA,NA,-72.3247673333333,42.4450148333333,"2024-06-27 08:15:00","day","UNDERHILL",41,"iPad",66,"Cloudy","No rain","05:18","10:30","UNDH20240627 0807EST","","08:07","",NA,"",NA
"Pool","Center","Rock","Mostly shaded","","",NA,NA,-72.3254146666667,42.4449621666667,"2024-06-27 08:22:00","day","UNDERHILL",43,"iPad",66,"Cloudy","No rain","05:18","10:30","UNDH20240627 0807EST","","08:07","",NA,"",NA
"Riffle","Center","Boulder","Mostly shaded","","",NA,NA,-72.3257676666666,42.4450831666667,"2024-06-27 08:27:00","day","UNDERHILL",40,"iPad",66,"Cloudy","No rain","05:18","10:30","UNDH20240627 0807EST","","08:07","",NA,"",NA
"Riffle","Left","Pebble","Lightly shaded","","",NA,NA,-72.3264746666667,42.4453155,"2024-06-27 08:35:00","day","UNDERHILL",34,"iPad",66,"Cloudy","No rain","05:18","10:30","UNDH20240627 0807EST","","08:07","",NA,"",NA
"Riffle","Right","Rock","Mostly shaded","","",NA,185,-72.3265888333333,42.445326,"2024-06-27 08:41:00","day","UNDERHILL",33,"iPad",66,"Cloudy","No rain","05:18","10:30","UNDH20240627 0807EST","","08:07","",NA,"",NA
"Run","Left","Rock","Mostly shaded","","",NA,NA,-72.3276795,42.4451706666667,"2024-06-27 08:47:00","day","UNDERHILL",45,"iPad",66,"Cloudy","No rain","05:18","10:30","UNDH20240627 0807EST","","08:07","",NA,"",NA
"Pool","Center","Pebble","Mostly shaded","","",NA,NA,-72.3277328333333,42.4451013333333,"2024-06-27 08:50:00","day","UNDERHILL",27,"iPad",66,"Cloudy","No rain","05:18","10:30","UNDH20240627 0807EST","","08:07","",NA,"",NA
"Pool","Center","Rock","Mostly shaded","","Woody_debris",NA,NA,-72.3280781666667,42.4448601666667,"2024-06-27 08:52:00","day","UNDERHILL",44,"iPad",66,"Cloudy","No rain","05:18","10:30","UNDH20240627 0807EST","","08:07","",NA,"",NA
"Pool","Center","Rock","Mostly shaded","","",NA,NA,-72.3294735,42.4436473333333,"2024-06-27 09:03:00","day","UNDERHILL",35,"iPad",66,"Cloudy","No rain","05:18","10:30","UNDH20240627 0807EST","","08:07","",NA,"",NA
"Pool","Center","Rock","Lightly shaded","","Woody_debris",NA,NA,-72.3268768333333,42.4458926666667,"2024-06-27 09:14:00","day","UNDERHILL",36,"iPad",66,"Cloudy","No rain","05:18","10:30","UNDH20240627 0807EST","","08:07","",NA,"",NA
"Pool","Center","Rock","Mostly shaded","","Woody_debris",NA,NA,-72.324669,42.4451115,"2024-06-27 09:46:00","day","UNDERHILL",41,"iPad",66,"Cloudy","No rain","05:18","10:30","UNDH20240627 0807EST","","08:07","",NA,"",NA
"Pool","Right","Rock","Lightly shaded","","",NA,NA,-72.325334,42.445136,"2024-06-27 09:49:00","day","UNDERHILL",43,"iPad",66,"Cloudy","No rain","05:18","10:30","UNDH20240627 0807EST","","08:07","",NA,"",NA
"Pool","Center","Rock","Lightly shaded","","",NA,NA,-72.3255753333333,42.4453875,"2024-06-27 09:52:00","day","UNDERHILL",40,"iPad",66,"Cloudy","No rain","05:18","10:30","UNDH20240627 0807EST","","08:07","",NA,"",NA
"Riffle","Center","Rock","Mostly shaded","","",NA,NA,-72.3277418333333,42.4452711666667,"2024-06-27 10:02:00","day","UNDERHILL",45,"iPad",66,"Cloudy","No rain","05:18","10:30","UNDH20240627 0807EST","","08:07","",NA,"",NA
"Pool","Center","Rock","Mostly shaded","","",NA,NA,-72.327802,42.4451516666667,"2024-06-27 10:03:00","day","UNDERHILL",27,"iPad",66,"Cloudy","No rain","05:18","10:30","UNDH20240627 0807EST","","08:07","",NA,"",NA
"Pool","Center","Rock","Lightly shaded","","Woody_debris",NA,NA,-72.3279298333333,42.4448513333333,"2024-06-27 10:05:00","day","UNDERHILL",44,"iPad",66,"Cloudy","No rain","05:18","10:30","UNDH20240627 0807EST","","08:07","",NA,"",NA
"Pool","Center","Pebble","Mostly shaded","","",NA,NA,-72.3295866666667,42.443585,"2024-06-27 10:13:00","day","UNDERHILL",35,"iPad",66,"Cloudy","No rain","05:18","10:30","UNDH20240627 0807EST","","08:07","",NA,"",NA
"Pool","Center","Rock","Mostly shaded","","Woody_debris",NA,NA,-72.3269608333333,42.4459401666667,"2024-06-27 10:23:00","day","UNDERHILL",36,"iPad",66,"Cloudy","No rain","05:18","10:30","UNDH20240627 0807EST","","08:07","",NA,"",NA
"Pool","Center","Rock","Mostly shaded","","Woody_debris",NA,NA,-72.3247381666667,42.44507,"2024-06-27 17:42:00","night","UNDERHILL",41,"iPad",87,"Cloudy","No rain","17:27","22:50","UNDH202406271916EST","","19:16","Lat: 42.27’N Long: 72.19’W +/-4.8 m",55,"Lat: 42.27’N Long: 72.20’W +/- 4.6 m",60
"Pool","Center","Boulder","Mostly shaded","","Woody_debris",NA,NA,-72.3254235,42.4451333333333,"2024-06-27 17:44:00","night","UNDERHILL",43,"iPad",87,"Cloudy","No rain","17:27","22:50","UNDH202406271916EST","","19:16","Lat: 42.27’N Long: 72.19’W +/-4.8 m",55,"Lat: 42.27’N Long: 72.20’W +/- 4.6 m",60
"Riffle","Center","Boulder","Mostly shaded","","",NA,NA,-72.3256886666667,42.4453646666667,"2024-06-27 17:49:00","night","UNDERHILL",40,"iPad",87,"Cloudy","No rain","17:27","22:50","UNDH202406271916EST","","19:16","Lat: 42.27’N Long: 72.19’W +/-4.8 m",55,"Lat: 42.27’N Long: 72.20’W +/- 4.6 m",60
"Riffle","Right","Rock","Mostly shaded","","",NA,NA,-72.3262755,42.4455561666667,"2024-06-27 17:55:00","night","UNDERHILL",34,"iPad",87,"Cloudy","No rain","17:27","22:50","UNDH202406271916EST","","19:16","Lat: 42.27’N Long: 72.19’W +/-4.8 m",55,"Lat: 42.27’N Long: 72.20’W +/- 4.6 m",60
"Riffle","Center","Rock","Mostly shaded","","",NA,NA,-72.3262556666667,42.4455661666667,"2024-06-27 17:56:00","night","UNDERHILL",33,"iPad",87,"Cloudy","No rain","17:27","22:50","UNDH202406271916EST","","19:16","Lat: 42.27’N Long: 72.19’W +/-4.8 m",55,"Lat: 42.27’N Long: 72.20’W +/- 4.6 m",60
"Pool","Left","Rock","Mostly shaded","","",NA,NA,-72.326889,42.4458375,"2024-06-27 18:05:00","night","UNDERHILL",36,"iPad",87,"Cloudy","No rain","17:27","22:50","UNDH202406271916EST","","19:16","Lat: 42.27’N Long: 72.19’W +/-4.8 m",55,"Lat: 42.27’N Long: 72.20’W +/- 4.6 m",60
"Run","Right","Pebble","Night","","",NA,NA,-72.3278503333333,42.4452298333333,"2024-06-27 18:14:00","night","UNDERHILL",45,"iPad",87,"Cloudy","No rain","17:27","22:50","UNDH202406271916EST","","19:16","Lat: 42.27’N Long: 72.19’W +/-4.8 m",55,"Lat: 42.27’N Long: 72.20’W +/- 4.6 m",60
"Run","Center","Pebble","Night","","",NA,NA,-72.3278448333333,42.4453131666667,"2024-06-27 18:15:00","night","UNDERHILL",27,"iPad",87,"Cloudy","No rain","17:27","22:50","UNDH202406271916EST","","19:16","Lat: 42.27’N Long: 72.19’W +/-4.8 m",55,"Lat: 42.27’N Long: 72.20’W +/- 4.6 m",60
"Riffle","Center","Pebble","Night","","Woody_debris",NA,NA,-72.3279081666667,42.4448831666667,"2024-06-27 18:19:00","night","UNDERHILL",44,"iPad",87,"Cloudy","No rain","17:27","22:50","UNDH202406271916EST","","19:16","Lat: 42.27’N Long: 72.19’W +/-4.8 m",55,"Lat: 42.27’N Long: 72.20’W +/- 4.6 m",60
"Run","Left","Boulder","Night","","",NA,NA,-72.329747,42.4440118333333,"2024-06-27 18:40:00","night","UNDERHILL",35,"iPad",87,"Cloudy","No rain","17:27","22:50","UNDH202406271916EST","","19:16","Lat: 42.27’N Long: 72.19’W +/-4.8 m",55,"Lat: 42.27’N Long: 72.20’W +/- 4.6 m",60
"Pool","Center","Rock","Night","","Woody_debris",NA,NA,-72.3248023333333,42.4449613333333,"2024-06-27 19:25:00","night","UNDERHILL",41,"iPad",87,"Cloudy","No rain","17:27","22:50","UNDH202406271916EST","","19:16","Lat: 42.27’N Long: 72.19’W +/-4.8 m",55,"Lat: 42.27’N Long: 72.20’W +/- 4.6 m",60
"Pool","Center","Sand","Night","","",NA,NA,-72.3252348333333,42.4451055,"2024-06-27 19:30:00","night","UNDERHILL",43,"iPad",87,"Cloudy","No rain","17:27","22:50","UNDH202406271916EST","","19:16","Lat: 42.27’N Long: 72.19’W +/-4.8 m",55,"Lat: 42.27’N Long: 72.20’W +/- 4.6 m",60
"Riffle","Center","Rock","Night","","",NA,NA,-72.3256193333333,42.4452376666667,"2024-06-27 19:35:00","night","UNDERHILL",40,"iPad",87,"Cloudy","No rain","17:27","22:50","UNDH202406271916EST","","19:16","Lat: 42.27’N Long: 72.19’W +/-4.8 m",55,"Lat: 42.27’N Long: 72.20’W +/- 4.6 m",60
"Riffle","Center","Rock","Night","","",NA,NA,-72.3263011666667,42.4454243333333,"2024-06-27 19:39:00","night","UNDERHILL",33,"iPad",87,"Cloudy","No rain","17:27","22:50","UNDH202406271916EST","","19:16","Lat: 42.27’N Long: 72.19’W +/-4.8 m",55,"Lat: 42.27’N Long: 72.20’W +/- 4.6 m",60
"Riffle","Center","Boulder","Night","","",NA,NA,-72.3262,42.4453883333333,"2024-06-27 19:40:00","night","UNDERHILL",34,"iPad",87,"Cloudy","No rain","17:27","22:50","UNDH202406271916EST","","19:16","Lat: 42.27’N Long: 72.19’W +/-4.8 m",55,"Lat: 42.27’N Long: 72.20’W +/- 4.6 m",60
"Glide","Center","Pebble","Night","","",NA,NA,-72.3268365,42.4459473333333,"2024-06-27 19:45:00","night","UNDERHILL",36,"iPad",87,"Cloudy","No rain","17:27","22:50","UNDH202406271916EST","","19:16","Lat: 42.27’N Long: 72.19’W +/-4.8 m",55,"Lat: 42.27’N Long: 72.20’W +/- 4.6 m",60
"Riffle","Right","Boulder","Night","","",NA,NA,-72.3276596666667,42.445088,"2024-06-27 19:56:00","night","UNDERHILL",27,"iPad",87,"Cloudy","No rain","17:27","22:50","UNDH202406271916EST","","19:16","Lat: 42.27’N Long: 72.19’W +/-4.8 m",55,"Lat: 42.27’N Long: 72.20’W +/- 4.6 m",60
"Run","Center","Boulder","Night","","",NA,NA,-72.3278195,42.4451773333333,"2024-06-27 19:56:00","night","UNDERHILL",45,"iPad",87,"Cloudy","No rain","17:27","22:50","UNDH202406271916EST","","19:16","Lat: 42.27’N Long: 72.19’W +/-4.8 m",55,"Lat: 42.27’N Long: 72.20’W +/- 4.6 m",60
"Glide","Center","Boulder","Night","","",NA,NA,-72.3279641666667,42.444804,"2024-06-27 20:00:00","night","UNDERHILL",44,"iPad",87,"Cloudy","No rain","17:27","22:50","UNDH202406271916EST","","19:16","Lat: 42.27’N Long: 72.19’W +/-4.8 m",55,"Lat: 42.27’N Long: 72.20’W +/- 4.6 m",60
"Riffle","Center","Boulder","Night","","",NA,NA,-72.3296296666667,42.4436301666667,"2024-06-27 20:20:00","night","UNDERHILL",35,"iPad",87,"Cloudy","No rain","17:27","22:50","UNDH202406271916EST","","19:16","Lat: 42.27’N Long: 72.19’W +/-4.8 m",55,"Lat: 42.27’N Long: 72.20’W +/- 4.6 m",60
"Pool","Center","Boulder","Night","","Woody_debris",NA,NA,-72.3247073333333,42.4449653333333,"2024-06-27 21:25:00","night","UNDERHILL",41,"iPad",87,"Cloudy","No rain","17:27","22:50","UNDH202406271916EST","","19:16","Lat: 42.27’N Long: 72.19’W +/-4.8 m",55,"Lat: 42.27’N Long: 72.20’W +/- 4.6 m",60
"Pool","Center","Sand","Night","","",NA,NA,-72.3252835,42.4451635,"2024-06-27 21:29:00","night","UNDERHILL",43,"iPad",87,"Cloudy","No rain","17:27","22:50","UNDH202406271916EST","","19:16","Lat: 42.27’N Long: 72.19’W +/-4.8 m",55,"Lat: 42.27’N Long: 72.20’W +/- 4.6 m",60
"Run","Right","Sand","Night","","",NA,NA,-72.3255151666667,42.4452188333333,"2024-06-27 21:36:00","night","UNDERHILL",40,"iPad",87,"Cloudy","No rain","17:27","22:50","UNDH202406271916EST","","19:16","Lat: 42.27’N Long: 72.19’W +/-4.8 m",55,"Lat: 42.27’N Long: 72.20’W +/- 4.6 m",60
"Glide","Center","Rock","Night","","",NA,NA,-72.326499,42.4453843333333,"2024-06-27 21:46:00","night","UNDERHILL",34,"iPad",87,"Cloudy","No rain","17:27","22:50","UNDH202406271916EST","","19:16","Lat: 42.27’N Long: 72.19’W +/-4.8 m",55,"Lat: 42.27’N Long: 72.20’W +/- 4.6 m",60
"Glide","Center","Rock","Night","","",NA,NA,-72.326448,42.4454701666667,"2024-06-27 21:48:00","night","UNDERHILL",33,"iPad",87,"Cloudy","No rain","17:27","22:50","UNDH202406271916EST","","19:16","Lat: 42.27’N Long: 72.19’W +/-4.8 m",55,"Lat: 42.27’N Long: 72.20’W +/- 4.6 m",60
"Riffle","Center","Boulder","Night","","",NA,NA,-72.3268348333333,42.4459166666667,"2024-06-27 21:54:00","night","UNDERHILL",36,"iPad",87,"Cloudy","No rain","17:27","22:50","UNDH202406271916EST","","19:16","Lat: 42.27’N Long: 72.19’W +/-4.8 m",55,"Lat: 42.27’N Long: 72.20’W +/- 4.6 m",60
"Pool","Left","Pebble","Night","","",NA,NA,-72.3276978333333,42.4451203333333,"2024-06-27 22:04:00","night","UNDERHILL",45,"iPad",87,"Cloudy","No rain","17:27","22:50","UNDH202406271916EST","","19:16","Lat: 42.27’N Long: 72.19’W +/-4.8 m",55,"Lat: 42.27’N Long: 72.20’W +/- 4.6 m",60
"Riffle","Left","Rock","Night","","",NA,NA,-72.327701,42.4451591666667,"2024-06-27 22:06:00","night","UNDERHILL",27,"iPad",87,"Cloudy","No rain","17:27","22:50","UNDH202406271916EST","","19:16","Lat: 42.27’N Long: 72.19’W +/-4.8 m",55,"Lat: 42.27’N Long: 72.20’W +/- 4.6 m",60
"Pool","Right","Sand","Night","","",NA,NA,-72.3278493333333,42.4448825,"2024-06-27 22:12:00","night","UNDERHILL",44,"iPad",87,"Cloudy","No rain","17:27","22:50","UNDH202406271916EST","","19:16","Lat: 42.27’N Long: 72.19’W +/-4.8 m",55,"Lat: 42.27’N Long: 72.20’W +/- 4.6 m",60
"Pool","Center","Rock","Night","","",NA,NA,-72.3296783333333,42.4437141666667,"2024-06-27 22:28:00","night","UNDERHILL",35,"iPad",87,"Cloudy","No rain","17:27","22:50","UNDH202406271916EST","","19:16","Lat: 42.27’N Long: 72.19’W +/-4.8 m",55,"Lat: 42.27’N Long: 72.20’W +/- 4.6 m",60
"Pool","Left","Rock","Lightly shaded","Tag recovered r left in >1 ft water ","",NA,NA,-72.3718238333333,42.4442001666667,"2024-06-28 06:49:00","day","DICKEY",46,"iPad",55,"Mostly cloudy","No rain","06:20","11:20","DCKY20240621035EST","Late start could not get into lab. Key pad not working. Found 46 dead tag. Still cannot find 29 assumed dead. 50 51 32 missing.","10:35","42.4422600 N 72.3739455 W",74,"42.4424417 N 72.3691275 W",74
"Run","Center","Rock","Mostly shaded","","",NA,NA,-72.3708685,42.4438871666667,"2024-06-28 07:18:00","day","DICKEY",31,"iPad",55,"Mostly cloudy","No rain","06:20","11:20","DCKY20240621035EST","Late start could not get into lab. Key pad not working. Found 46 dead tag. Still cannot find 29 assumed dead. 50 51 32 missing.","10:35","42.4422600 N 72.3739455 W",74,"42.4424417 N 72.3691275 W",74
"Pool","Center","Rock","Mostly shaded","","",NA,NA,-72.3705815,42.4436401666667,"2024-06-28 07:25:00","day","DICKEY",28,"iPad",55,"Mostly cloudy","No rain","06:20","11:20","DCKY20240621035EST","Late start could not get into lab. Key pad not working. Found 46 dead tag. Still cannot find 29 assumed dead. 50 51 32 missing.","10:35","42.4422600 N 72.3739455 W",74,"42.4424417 N 72.3691275 W",74
"Riffle","Center","Rock","Fully shaded","","",NA,NA,-72.3704145,42.4435571666667,"2024-06-28 07:28:00","day","DICKEY",26,"iPad",55,"Mostly cloudy","No rain","06:20","11:20","DCKY20240621035EST","Late start could not get into lab. Key pad not working. Found 46 dead tag. Still cannot find 29 assumed dead. 50 51 32 missing.","10:35","42.4422600 N 72.3739455 W",74,"42.4424417 N 72.3691275 W",74
"Run","Right","Rock","Mostly shaded","","",NA,NA,-72.3701586666667,42.4436238333333,"2024-06-28 07:30:00","day","DICKEY",37,"iPad",55,"Mostly cloudy","No rain","06:20","11:20","DCKY20240621035EST","Late start could not get into lab. Key pad not working. Found 46 dead tag. Still cannot find 29 assumed dead. 50 51 32 missing.","10:35","42.4422600 N 72.3739455 W",74,"42.4424417 N 72.3691275 W",74
"Pool","Center","Pebble","Lightly shaded","","",NA,NA,-72.3702606666667,42.4430143333333,"2024-06-28 07:38:00","day","DICKEY",38,"iPad",55,"Mostly cloudy","No rain","06:20","11:20","DCKY20240621035EST","Late start could not get into lab. Key pad not working. Found 46 dead tag. Still cannot find 29 assumed dead. 50 51 32 missing.","10:35","42.4422600 N 72.3739455 W",74,"42.4424417 N 72.3691275 W",74
"Pool","Center","Rock","Mostly shaded","","",NA,NA,-72.3708848333333,42.4438393333333,"2024-06-28 09:39:00","day","DICKEY",31,"iPad",55,"Mostly cloudy","No rain","06:20","11:20","DCKY20240621035EST","Late start could not get into lab. Key pad not working. Found 46 dead tag. Still cannot find 29 assumed dead. 50 51 32 missing.","10:35","42.4422600 N 72.3739455 W",74,"42.4424417 N 72.3691275 W",74
"Pool","Center","Rock","Lightly shaded","","",NA,NA,-72.3705998333333,42.4437131666667,"2024-06-28 09:42:00","day","DICKEY",28,"iPad",55,"Mostly cloudy","No rain","06:20","11:20","DCKY20240621035EST","Late start could not get into lab. Key pad not working. Found 46 dead tag. Still cannot find 29 assumed dead. 50 51 32 missing.","10:35","42.4422600 N 72.3739455 W",74,"42.4424417 N 72.3691275 W",74
"Run","Center","Rock","Mostly shaded","","",NA,NA,-72.370346,42.4436748333333,"2024-06-28 09:48:00","day","DICKEY",26,"iPad",55,"Mostly cloudy","No rain","06:20","11:20","DCKY20240621035EST","Late start could not get into lab. Key pad not working. Found 46 dead tag. Still cannot find 29 assumed dead. 50 51 32 missing.","10:35","42.4422600 N 72.3739455 W",74,"42.4424417 N 72.3691275 W",74
"Pool","Center","Rock","Mostly shaded","","",NA,NA,-72.3703386666667,42.443659,"2024-06-28 09:53:00","day","DICKEY",37,"iPad",55,"Mostly cloudy","No rain","06:20","11:20","DCKY20240621035EST","Late start could not get into lab. Key pad not working. Found 46 dead tag. Still cannot find 29 assumed dead. 50 51 32 missing.","10:35","42.4422600 N 72.3739455 W",74,"42.4424417 N 72.3691275 W",74
"Pool","Left","Rock","Lightly shaded","","Root_bundle",NA,NA,-72.3702046666667,42.4429825,"2024-06-28 10:00:00","day","DICKEY",38,"iPad",55,"Mostly cloudy","No rain","06:20","11:20","DCKY20240621035EST","Late start could not get into lab. Key pad not working. Found 46 dead tag. Still cannot find 29 assumed dead. 50 51 32 missing.","10:35","42.4422600 N 72.3739455 W",74,"42.4424417 N 72.3691275 W",74
"Glide","Center","Rock","Lightly shaded","","",NA,NA,-72.3708883333333,42.4440561666667,"2024-06-28 17:40:00","night","DICKEY",31,"iPad",77,"Clear","No rain","17:25","22:38","DCKY202406281849EST","","18:49","42.4442496 degrees N, 72.3718401 degrees W",70,"42.4427441 degrees N, 72.3697702 degrees W",65
"Pool","Right","Sand","Mostly shaded","","",NA,NA,-72.3706971666667,42.4436595,"2024-06-28 17:46:00","night","DICKEY",28,"iPad",77,"Clear","No rain","17:25","22:38","DCKY202406281849EST","","18:49","42.4442496 degrees N, 72.3718401 degrees W",70,"42.4427441 degrees N, 72.3697702 degrees W",65
"Glide","Center","Rock","Fully shaded","","",NA,NA,-72.3703878333333,42.4436541666667,"2024-06-28 17:51:00","night","DICKEY",26,"iPad",77,"Clear","No rain","17:25","22:38","DCKY202406281849EST","","18:49","42.4442496 degrees N, 72.3718401 degrees W",70,"42.4427441 degrees N, 72.3697702 degrees W",65
"Run","Right","Rock","Mostly shaded","","",NA,NA,-72.3703386666667,42.443567,"2024-06-28 17:55:00","night","DICKEY",37,"iPad",77,"Clear","No rain","17:25","22:38","DCKY202406281849EST","","18:49","42.4442496 degrees N, 72.3718401 degrees W",70,"42.4427441 degrees N, 72.3697702 degrees W",65
"Pool","Center","Rock","Mostly shaded","","",NA,NA,-72.3705955,42.443702,"2024-06-28 18:08:00","night","DICKEY",32,"iPad",77,"Clear","No rain","17:25","22:38","DCKY202406281849EST","","18:49","42.4442496 degrees N, 72.3718401 degrees W",70,"42.4427441 degrees N, 72.3697702 degrees W",65
"Pool","Left","Rock","Mostly shaded","","Undercut_bank,Woody_debris",NA,NA,-72.3697925,42.4429205,"2024-06-28 18:16:00","night","DICKEY",38,"iPad",77,"Clear","No rain","17:25","22:38","DCKY202406281849EST","","18:49","42.4442496 degrees N, 72.3718401 degrees W",70,"42.4427441 degrees N, 72.3697702 degrees W",65
"Glide","Center","Rock","Mostly shaded","","",NA,NA,-72.3709048333333,42.4438211666667,"2024-06-28 18:24:00","night","DICKEY",31,"iPad",77,"Clear","No rain","17:25","22:38","DCKY202406281849EST","","18:49","42.4442496 degrees N, 72.3718401 degrees W",70,"42.4427441 degrees N, 72.3697702 degrees W",65
"Pool","Center","Rock","Mostly shaded","","",NA,NA,-72.3705085,42.443665,"2024-06-28 18:27:00","night","DICKEY",28,"iPad",77,"Clear","No rain","17:25","22:38","DCKY202406281849EST","","18:49","42.4442496 degrees N, 72.3718401 degrees W",70,"42.4427441 degrees N, 72.3697702 degrees W",65
"Pool","Right","Sand","Mostly shaded","","Woody_debris",NA,NA,-72.3707196666667,42.4437068333333,"2024-06-28 18:36:00","night","DICKEY",32,"iPad",77,"Clear","No rain","17:25","22:38","DCKY202406281849EST","","18:49","42.4442496 degrees N, 72.3718401 degrees W",70,"42.4427441 degrees N, 72.3697702 degrees W",65
"Run","Center","Rock","Mostly shaded","","",NA,NA,-72.3704076666667,42.4435581666667,"2024-06-28 18:37:00","night","DICKEY",26,"iPad",77,"Clear","No rain","17:25","22:38","DCKY202406281849EST","","18:49","42.4442496 degrees N, 72.3718401 degrees W",70,"42.4427441 degrees N, 72.3697702 degrees W",65
"Run","Center","Rock","Mostly shaded","","",NA,NA,-72.3702941666667,42.4434336666667,"2024-06-28 18:39:00","night","DICKEY",37,"iPad",77,"Clear","No rain","17:25","22:38","DCKY202406281849EST","","18:49","42.4442496 degrees N, 72.3718401 degrees W",70,"42.4427441 degrees N, 72.3697702 degrees W",65
"Pool","Left","Rock","Mostly shaded","","Woody_debris,Undercut_bank",NA,NA,-72.3699428333333,42.4429933333333,"2024-06-28 18:42:00","night","DICKEY",38,"iPad",77,"Clear","No rain","17:25","22:38","DCKY202406281849EST","","18:49","42.4442496 degrees N, 72.3718401 degrees W",70,"42.4427441 degrees N, 72.3697702 degrees W",65
"Glide","Center","Rock","Night","","",NA,NA,-72.37079,42.4438793333333,"2024-06-28 19:18:00","night","DICKEY",31,"iPad",77,"Clear","No rain","17:25","22:38","DCKY202406281849EST","","18:49","42.4442496 degrees N, 72.3718401 degrees W",70,"42.4427441 degrees N, 72.3697702 degrees W",65
"Pool","Center","Sand","Night","","",NA,NA,-72.3705641666667,42.443653,"2024-06-28 19:22:00","night","DICKEY",28,"iPad",77,"Clear","No rain","17:25","22:38","DCKY202406281849EST","","18:49","42.4442496 degrees N, 72.3718401 degrees W",70,"42.4427441 degrees N, 72.3697702 degrees W",65
"Pool","Center","Rock","Night","","",NA,NA,-72.3706171666667,42.4436798333333,"2024-06-28 19:27:00","night","DICKEY",32,"iPad",77,"Clear","No rain","17:25","22:38","DCKY202406281849EST","","18:49","42.4442496 degrees N, 72.3718401 degrees W",70,"42.4427441 degrees N, 72.3697702 degrees W",65
"Run","Center","Rock","Night","","",NA,NA,-72.3704111666667,42.4435431666667,"2024-06-28 19:30:00","night","DICKEY",26,"iPad",77,"Clear","No rain","17:25","22:38","DCKY202406281849EST","","18:49","42.4442496 degrees N, 72.3718401 degrees W",70,"42.4427441 degrees N, 72.3697702 degrees W",65
"Run","Center","Rock","Night","","",NA,NA,-72.3702701666667,42.4435543333333,"2024-06-28 19:31:00","night","DICKEY",37,"iPad",77,"Clear","No rain","17:25","22:38","DCKY202406281849EST","","18:49","42.4442496 degrees N, 72.3718401 degrees W",70,"42.4427441 degrees N, 72.3697702 degrees W",65
"Pool","Left","Rock","Night","","",NA,NA,-72.36988,42.4430046666667,"2024-06-28 19:35:00","night","DICKEY",38,"iPad",77,"Clear","No rain","17:25","22:38","DCKY202406281849EST","","18:49","42.4442496 degrees N, 72.3718401 degrees W",70,"42.4427441 degrees N, 72.3697702 degrees W",65
"Pool","Center","Rock","Night","","",NA,NA,-72.3707456666667,42.4438325,"2024-06-28 20:17:00","night","DICKEY",31,"iPad",77,"Clear","No rain","17:25","22:38","DCKY202406281849EST","","18:49","42.4442496 degrees N, 72.3718401 degrees W",70,"42.4427441 degrees N, 72.3697702 degrees W",65
"Pool","Center","Rock","Night","","",NA,NA,-72.3706753333333,42.4436455,"2024-06-28 20:22:00","night","DICKEY",28,"iPad",77,"Clear","No rain","17:25","22:38","DCKY202406281849EST","","18:49","42.4442496 degrees N, 72.3718401 degrees W",70,"42.4427441 degrees N, 72.3697702 degrees W",65
"Pool","Center","Rock","Night","","",NA,NA,-72.3706553333333,42.4436783333333,"2024-06-28 20:24:00","night","DICKEY",32,"iPad",77,"Clear","No rain","17:25","22:38","DCKY202406281849EST","","18:49","42.4442496 degrees N, 72.3718401 degrees W",70,"42.4427441 degrees N, 72.3697702 degrees W",65
"Riffle","Center","Rock","Night","","",NA,NA,-72.3701743333334,42.4434881666667,"2024-06-28 20:26:00","night","DICKEY",26,"iPad",77,"Clear","No rain","17:25","22:38","DCKY202406281849EST","","18:49","42.4442496 degrees N, 72.3718401 degrees W",70,"42.4427441 degrees N, 72.3697702 degrees W",65
"Riffle","Center","Rock","Night","","",NA,NA,-72.3702493333333,42.4435276666667,"2024-06-28 20:28:00","night","DICKEY",37,"iPad",77,"Clear","No rain","17:25","22:38","DCKY202406281849EST","","18:49","42.4442496 degrees N, 72.3718401 degrees W",70,"42.4427441 degrees N, 72.3697702 degrees W",65
"Pool","Left","Rock","Night","","",NA,NA,-72.3698035,42.4429728333333,"2024-06-28 20:33:00","night","DICKEY",38,"iPad",77,"Clear","No rain","17:25","22:38","DCKY202406281849EST","","18:49","42.4442496 degrees N, 72.3718401 degrees W",70,"42.4427441 degrees N, 72.3697702 degrees W",65
"Pool","Center","Rock","Night","","",NA,NA,-72.3708398333333,42.4439158333333,"2024-06-28 21:19:00","night","DICKEY",31,"iPad",77,"Clear","No rain","17:25","22:38","DCKY202406281849EST","","18:49","42.4442496 degrees N, 72.3718401 degrees W",70,"42.4427441 degrees N, 72.3697702 degrees W",65
"Pool","Center","Rock","Night","","",NA,NA,-72.3707033333333,42.4436051666667,"2024-06-28 21:22:00","night","DICKEY",28,"iPad",77,"Clear","No rain","17:25","22:38","DCKY202406281849EST","","18:49","42.4442496 degrees N, 72.3718401 degrees W",70,"42.4427441 degrees N, 72.3697702 degrees W",65
"Pool","Center","Sand","Night","","",NA,NA,-72.3706223333333,42.443629,"2024-06-28 21:26:00","night","DICKEY",32,"iPad",77,"Clear","No rain","17:25","22:38","DCKY202406281849EST","","18:49","42.4442496 degrees N, 72.3718401 degrees W",70,"42.4427441 degrees N, 72.3697702 degrees W",65
"Riffle","Center","Rock","Night","","",NA,NA,-72.370335,42.4437446666667,"2024-06-28 21:29:00","night","DICKEY",26,"iPad",77,"Clear","No rain","17:25","22:38","DCKY202406281849EST","","18:49","42.4442496 degrees N, 72.3718401 degrees W",70,"42.4427441 degrees N, 72.3697702 degrees W",65
"Run","Center","Rock","Night","","",NA,NA,-72.3702666666667,42.443524,"2024-06-28 21:31:00","night","DICKEY",37,"iPad",77,"Clear","No rain","17:25","22:38","DCKY202406281849EST","","18:49","42.4442496 degrees N, 72.3718401 degrees W",70,"42.4427441 degrees N, 72.3697702 degrees W",65
"Pool","Left","Sand","Night","","",NA,NA,-72.3697941666667,42.4430538333333,"2024-06-28 21:36:00","night","DICKEY",38,"iPad",77,"Clear","No rain","17:25","22:38","DCKY202406281849EST","","18:49","42.4442496 degrees N, 72.3718401 degrees W",70,"42.4427441 degrees N, 72.3697702 degrees W",65
"Pool","Center","Rock","Night","","",NA,NA,-72.370846,42.443937,"2024-06-28 22:14:00","night","DICKEY",31,"iPad",77,"Clear","No rain","17:25","22:38","DCKY202406281849EST","","18:49","42.4442496 degrees N, 72.3718401 degrees W",70,"42.4427441 degrees N, 72.3697702 degrees W",65
"Pool","Right","Pebble","Night","","",NA,NA,-72.3706755,42.4436626666667,"2024-06-28 22:17:00","night","DICKEY",28,"iPad",77,"Clear","No rain","17:25","22:38","DCKY202406281849EST","","18:49","42.4442496 degrees N, 72.3718401 degrees W",70,"42.4427441 degrees N, 72.3697702 degrees W",65
"Pool","Center","Sand","Night","","",NA,NA,-72.3706625,42.4436606666667,"2024-06-28 22:19:00","night","DICKEY",32,"iPad",77,"Clear","No rain","17:25","22:38","DCKY202406281849EST","","18:49","42.4442496 degrees N, 72.3718401 degrees W",70,"42.4427441 degrees N, 72.3697702 degrees W",65
"Run","Center","Rock","Night","","",NA,NA,-72.3702758333333,42.4435876666667,"2024-06-28 22:21:00","night","DICKEY",26,"iPad",77,"Clear","No rain","17:25","22:38","DCKY202406281849EST","","18:49","42.4442496 degrees N, 72.3718401 degrees W",70,"42.4427441 degrees N, 72.3697702 degrees W",65
"Riffle","Center","Rock","Night","","",NA,185,-72.3701931666667,42.4435643333333,"2024-06-28 22:26:00","night","DICKEY",37,"iPad",77,"Clear","No rain","17:25","22:38","DCKY202406281849EST","","18:49","42.4442496 degrees N, 72.3718401 degrees W",70,"42.4427441 degrees N, 72.3697702 degrees W",65
"Pool","Center","Rock","Night","","",NA,NA,-72.3699286666667,42.4430308333333,"2024-06-28 22:30:00","night","DICKEY",38,"iPad",77,"Clear","No rain","17:25","22:38","DCKY202406281849EST","","18:49","42.4442496 degrees N, 72.3718401 degrees W",70,"42.4427441 degrees N, 72.3697702 degrees W",65
